setname;date;operation;rowGroup;rowGroupIndex;category;categoryIndex;subCategory;subCategoryIndex;columnGroup;columnGroupIndex;columnSubGroup;columnSubGroupIndex;pp1;ac1;fc1;pl1;pp2;ac2;fc2;pl2;pp3;ac3;fc3;pl3;pp4;ac4;fc4;pl4
europe;2020-01-31T00:00:00+01:00;+;Spain;12;Madrid;18;City;1;New;1;Cat. A;1;28;27;27;27;33;29;36;31;52;53;47;50;27;27;27;29
europe;2020-01-31T00:00:00+01:00;+;Spain;12;Madrid;18;City;1;Preowend;2;Cat. A;1;14;17;15;12;50;50;46;49;57;58;57;56;10;10;11;10
europe;2020-01-31T00:00:00+01:00;+;Spain;12;Madrid;18;Suburb;2;New;1;Cat. A;1;12;12;10;13;52;56;49;52;28;33;29;30;15;15;13;15
europe;2020-01-31T00:00:00+01:00;+;Spain;12;Madrid;18;Suburb;2;Preowend;2;Cat. B;2;35;31;33;34;34;33;36;35;24;21;24;24;35;41;35;37
europe;2020-01-31T00:00:00+01:00;+;Spain;12;Madrid;18;Suburb;2;Preowend;2;Cat. B;2;63;58;64;63;54;51;56;55;28;32;33;29;60;65;60;60
europe;2020-02-29T00:00:00+01:00;+;Spain;12;Madrid;18;City;1;New;1;Cat. A;1;24;26;24;23;37;39;37;39;51;53;54;50;29;27;28;30
europe;2020-02-29T00:00:00+01:00;+;Spain;12;Madrid;18;City;1;Preowend;2;Cat. A;1;14;15;15;13;53;52;58;54;53;50;51;53;15;12;16;15
europe;2020-02-29T00:00:00+01:00;+;Spain;12;Madrid;18;Suburb;2;New;1;Cat. A;1;12;16;12;13;51;49;56;52;33;33;29;32;16;14;19;15
europe;2020-02-29T00:00:00+01:00;+;Spain;12;Madrid;18;Suburb;2;Preowend;2;Cat. B;2;39;43;36;41;39;44;42;40;20;18;21;20;40;42;34;40
europe;2020-02-29T00:00:00+01:00;+;Spain;12;Madrid;18;Suburb;2;Preowend;2;Cat. B;2;59;65;57;58;52;50;56;52;27;33;29;27;58;63;53;56
europe;2020-03-31T00:00:00+01:00;+;Spain;12;Madrid;18;City;1;New;1;Cat. A;1;28;32;30;27;36;34;35;35;56;56;58;56;24;21;23;23
europe;2020-03-31T00:00:00+01:00;+;Spain;12;Madrid;18;City;1;Preowend;2;Cat. A;1;10;10;10;10;51;48;51;51;51;53;49;53;12;13;16;12
europe;2020-03-31T00:00:00+01:00;+;Spain;12;Madrid;18;Suburb;2;New;1;Cat. A;1;17;19;15;16;50;49;47;49;35;36;35;34;16;19;12;17
europe;2020-03-31T00:00:00+01:00;+;Spain;12;Madrid;18;Suburb;2;Preowend;2;Cat. B;2;40;40;36;39;38;37;42;39;18;20;16;19;35;33;31;35
europe;2020-03-31T00:00:00+01:00;+;Spain;12;Madrid;18;Suburb;2;Preowend;2;Cat. B;2;62;57;67;64;55;51;62;55;33;34;35;34;60;61;55;60
europe;2020-04-30T00:00:00+01:00;+;Spain;12;Madrid;18;City;1;New;1;Cat. A;1;26;26;28;27;33;36;35;31;53;54;53;53;26;29;21;26
europe;2020-04-30T00:00:00+01:00;+;Spain;12;Madrid;18;City;1;Preowend;2;Cat. A;1;11;15;15;10;49;54;47;49;51;49;51;52;12;12;10;14
europe;2020-04-30T00:00:00+01:00;+;Spain;12;Madrid;18;Suburb;2;New;1;Cat. A;1;13;16;13;12;51;53;51;52;34;32;34;34;16;13;12;16
europe;2020-04-30T00:00:00+01:00;+;Spain;12;Madrid;18;Suburb;2;Preowend;2;Cat. B;2;40;37;42;39;37;38;34;37;19;18;16;19;36;34;39;36
europe;2020-04-30T00:00:00+01:00;+;Spain;12;Madrid;18;Suburb;2;Preowend;2;Cat. B;2;62;59;65;60;49;48;45;49;34;35;29;33;63;66;60;64
europe;2020-05-31T00:00:00+01:00;+;Spain;12;Madrid;18;City;1;New;1;Cat. A;1;25;29;28;25;32;30;35;33;55;52;57;55;29;28;26;29
europe;2020-05-31T00:00:00+01:00;+;Spain;12;Madrid;18;City;1;Preowend;2;Cat. A;1;13;10;10;11;55;52;58;53;57;61;55;57;11;10;12;12
europe;2020-05-31T00:00:00+01:00;+;Spain;12;Madrid;18;Suburb;2;New;1;Cat. A;1;17;17;15;18;56;57;53;54;28;27;31;28;13;15;16;15
europe;2020-05-31T00:00:00+01:00;+;Spain;12;Madrid;18;Suburb;2;Preowend;2;Cat. B;2;41;38;37;41;38;41;37;38;25;25;24;24;35;31;41;35
europe;2020-05-31T00:00:00+01:00;+;Spain;12;Madrid;18;Suburb;2;Preowend;2;Cat. B;2;59;66;58;60;53;54;52;53;31;29;24;29;63;59;66;63
europe;2020-06-30T00:00:00+01:00;+;Spain;12;Madrid;18;City;1;New;1;Cat. A;1;23;24;25;24;33;29;34;33;54;55;51;56;26;22;30;27
europe;2020-06-30T00:00:00+01:00;+;Spain;12;Madrid;18;City;1;Preowend;2;Cat. A;1;15;13;15;14;54;56;56;56;56;57;61;57;15;16;15;14
europe;2020-06-30T00:00:00+01:00;+;Spain;12;Madrid;18;Suburb;2;New;1;Cat. A;1;16;19;19;18;52;49;51;51;34;29;33;33;12;15;14;13
europe;2020-06-30T00:00:00+01:00;+;Spain;12;Madrid;18;Suburb;2;Preowend;2;Cat. B;2;39;40;35;39;36;36;40;38;25;28;24;23;35;41;35;35
europe;2020-06-30T00:00:00+01:00;+;Spain;12;Madrid;18;Suburb;2;Preowend;2;Cat. B;2;62;60;64;64;50;52;51;52;30;26;34;30;57;58;57;56
europe;2020-07-31T00:00:00+01:00;+;Spain;12;Madrid;18;City;1;New;1;Cat. A;1;23;26;23;23;38;41;40;36;57;55;53;56;22;26;27;24
europe;2020-07-31T00:00:00+01:00;+;Spain;12;Madrid;18;City;1;Preowend;2;Cat. A;1;14;17;15;14;52;50;55;52;58;57;58;59;12;11;12;12
europe;2020-07-31T00:00:00+01:00;+;Spain;12;Madrid;18;Suburb;2;New;1;Cat. A;1;12;13;13;13;53;52;52;53;31;29;30;30;13;15;14;14
europe;2020-07-31T00:00:00+01:00;+;Spain;12;Madrid;18;Suburb;2;Preowend;2;Cat. B;2;38;39;42;39;36;41;38;37;18;19;18;19;36;39;39;37
europe;2020-07-31T00:00:00+01:00;+;Spain;12;Madrid;18;Suburb;2;Preowend;2;Cat. B;2;58;59;52;58;53;57;57;53;30;25;30;28;60;61;53;59
europe;2020-08-31T00:00:00+01:00;+;Spain;12;Madrid;18;City;1;New;1;Cat. A;1;26;29;25;27;35;32;36;36;56;55;59;56;23;25;23;23
europe;2020-08-31T00:00:00+01:00;+;Spain;12;Madrid;18;City;1;Preowend;2;Cat. A;1;10;15;10;11;55;53;52;55;51;51;48;53;11;11;10;12
europe;2020-08-31T00:00:00+01:00;+;Spain;12;Madrid;18;Suburb;2;New;1;Cat. A;1;17;17;18;16;50;46;47;49;32;29;33;34;14;15;15;14
europe;2020-08-31T00:00:00+01:00;+;Spain;12;Madrid;18;Suburb;2;Preowend;2;Cat. B;2;37;34;32;37;34;39;38;33;24;18;23;24;40;45;40;39
europe;2020-08-31T00:00:00+01:00;+;Spain;12;Madrid;18;Suburb;2;Preowend;2;Cat. B;2;61;62;56;61;55;59;56;56;29;30;26;31;58;61;55;58
europe;2020-09-30T00:00:00+01:00;+;Spain;12;Madrid;18;City;1;New;1;Cat. A;1;29;31;29;29;35;33;36;36;56;60;59;57;25;29;27;25
europe;2020-09-30T00:00:00+01:00;+;Spain;12;Madrid;18;City;1;Preowend;2;Cat. A;1;12;13;12;13;52;51;55;50;55;53;51;53;16;17;18;16
europe;2020-09-30T00:00:00+01:00;+;Spain;12;Madrid;18;Suburb;2;New;1;Cat. A;1;19;21;21;17;49;50;49;50;35;33;34;35;16;16;18;16
europe;2020-09-30T00:00:00+01:00;+;Spain;12;Madrid;18;Suburb;2;Preowend;2;Cat. B;2;40;39;39;40;36;35;35;36;21;18;20;22;39;43;37;39
europe;2020-09-30T00:00:00+01:00;+;Spain;12;Madrid;18;Suburb;2;Preowend;2;Cat. B;2;59;61;64;59;56;53;50;54;31;28;30;30;59;53;64;60
europe;2020-10-31T00:00:00+01:00;+;Spain;12;Madrid;18;City;1;New;1;Cat. A;1;25;24;22;25;34;31;30;35;51;54;54;51;23;21;19;23
europe;2020-10-31T00:00:00+01:00;+;Spain;12;Madrid;18;City;1;Preowend;2;Cat. A;1;14;17;18;14;54;49;51;52;53;52;49;51;14;19;17;16
europe;2020-10-31T00:00:00+01:00;+;Spain;12;Madrid;18;Suburb;2;New;1;Cat. A;1;17;18;19;16;55;57;55;56;34;29;30;32;14;12;13;14
europe;2020-10-31T00:00:00+01:00;+;Spain;12;Madrid;18;Suburb;2;Preowend;2;Cat. B;2;36;31;32;34;35;37;39;35;20;15;18;20;37;35;38;35
europe;2020-10-31T00:00:00+01:00;+;Spain;12;Madrid;18;Suburb;2;Preowend;2;Cat. B;2;63;65;66;61;51;46;53;50;31;26;28;29;62;57;59;63
europe;2020-11-30T00:00:00+01:00;+;Spain;12;Madrid;18;City;1;New;1;Cat. A;1;27;30;24;27;38;37;39;37;58;61;60;57;26;23;29;28
europe;2020-11-30T00:00:00+01:00;+;Spain;12;Madrid;18;City;1;Preowend;2;Cat. A;1;10;10;10;12;54;50;52;54;55;57;54;53;10;11;12;10
europe;2020-11-30T00:00:00+01:00;+;Spain;12;Madrid;18;Suburb;2;New;1;Cat. A;1;15;12;13;15;51;54;51;52;32;36;28;32;13;15;14;14
europe;2020-11-30T00:00:00+01:00;+;Spain;12;Madrid;18;Suburb;2;Preowend;2;Cat. B;2;36;30;40;36;40;41;35;39;23;22;26;22;42;43;36;40
europe;2020-11-30T00:00:00+01:00;+;Spain;12;Madrid;18;Suburb;2;Preowend;2;Cat. B;2;59;64;60;58;53;58;57;53;30;25;27;30;58;61;59;58
europe;2020-12-31T00:00:00+01:00;+;Spain;12;Madrid;18;City;1;New;1;Cat. A;1;23;22;27;25;38;42;38;38;51;54;50;51;27;24;28;25
europe;2020-12-31T00:00:00+01:00;+;Spain;12;Madrid;18;City;1;Preowend;2;Cat. A;1;12;13;15;13;55;54;50;54;58;57;60;56;10;14;13;10
europe;2020-12-31T00:00:00+01:00;+;Spain;12;Madrid;18;Suburb;2;New;1;Cat. A;1;14;17;15;13;54;52;55;52;35;31;36;36;16;18;18;17
europe;2020-12-31T00:00:00+01:00;+;Spain;12;Madrid;18;Suburb;2;Preowend;2;Cat. B;2;41;36;38;42;41;40;36;40;23;27;26;23;37;33;37;37
europe;2020-12-31T00:00:00+01:00;+;Spain;12;Madrid;18;Suburb;2;Preowend;2;Cat. B;2;58;57;61;59;50;54;45;50;32;33;31;31;64;68;69;63
europe;2021-01-31T00:00:00+01:00;+;Spain;12;Madrid;18;City;1;New;1;Cat. A;1;28;28;29;28;37;33;38;35;52;48;54;50;28;27;23;26
europe;2021-01-31T00:00:00+01:00;+;Spain;12;Madrid;18;City;1;Preowend;2;Cat. A;1;11;12;13;10;55;60;58;57;53;50;50;51;10;13;10;11
europe;2021-01-31T00:00:00+01:00;+;Spain;12;Madrid;18;Suburb;2;New;1;Cat. A;1;17;16;19;16;51;46;53;50;31;34;28;29;15;16;15;16
europe;2021-01-31T00:00:00+01:00;+;Spain;12;Madrid;18;Suburb;2;Preowend;2;Cat. B;2;38;36;39;38;38;37;40;40;21;25;20;22;38;33;43;38
europe;2021-01-31T00:00:00+01:00;+;Spain;12;Madrid;18;Suburb;2;Preowend;2;Cat. B;2;60;65;64;58;51;55;51;50;31;35;38;32;62;67;60;64
europe;2021-02-28T00:00:00+01:00;+;Spain;12;Madrid;18;City;1;New;1;Cat. A;1;26;23;22;26;38;33;37;37;56;58;55;56;28;29;30;27
europe;2021-02-28T00:00:00+01:00;+;Spain;12;Madrid;18;City;1;Preowend;2;Cat. A;1;10;14;14;10;50;51;54;51;59;59;55;58;12;11;12;14
europe;2021-02-28T00:00:00+01:00;+;Spain;12;Madrid;18;Suburb;2;New;1;Cat. A;1;18;18;14;17;53;54;58;53;32;33;32;33;18;19;15;19
europe;2021-02-28T00:00:00+01:00;+;Spain;12;Madrid;18;Suburb;2;Preowend;2;Cat. B;2;37;36;40;35;38;33;42;37;20;18;24;19;38;36;34;38
europe;2021-02-28T00:00:00+01:00;+;Spain;12;Madrid;18;Suburb;2;Preowend;2;Cat. B;2;58;61;55;59;53;52;57;54;29;30;28;29;58;62;53;57
europe;2021-03-31T00:00:00+01:00;+;Spain;12;Madrid;18;City;1;New;1;Cat. A;1;29;30;28;27;33;33;31;32;57;56;58;56;27;27;30;27
europe;2021-03-31T00:00:00+01:00;+;Spain;12;Madrid;18;City;1;Preowend;2;Cat. A;1;10;10;14;10;51;49;46;49;55;54;53;56;10;10;15;10
europe;2021-03-31T00:00:00+01:00;+;Spain;12;Madrid;18;Suburb;2;New;1;Cat. A;1;15;17;14;17;49;50;48;49;36;35;33;34;19;14;16;17
europe;2021-03-31T00:00:00+01:00;+;Spain;12;Madrid;18;Suburb;2;Preowend;2;Cat. B;2;38;37;32;36;40;35;37;41;25;28;21;26;35;38;38;36
europe;2021-03-31T00:00:00+01:00;+;Spain;12;Madrid;18;Suburb;2;Preowend;2;Cat. B;2;62;58;64;60;55;60;58;55;28;29;32;27;59;61;60;60
europe;2021-04-30T00:00:00+01:00;+;Spain;12;Madrid;18;City;1;New;1;Cat. A;1;28;25;25;28;33;30;29;31;54;58;55;54;29;32;28;28
europe;2021-04-30T00:00:00+01:00;+;Spain;12;Madrid;18;City;1;Preowend;2;Cat. A;1;14;10;17;14;53;56;57;53;55;56;58;55;10;10;10;10
europe;2021-04-30T00:00:00+01:00;+;Spain;12;Madrid;18;Suburb;2;New;1;Cat. A;1;13;17;11;13;53;51;56;53;32;32;29;32;13;18;18;14
europe;2021-04-30T00:00:00+01:00;+;Spain;12;Madrid;18;Suburb;2;Preowend;2;Cat. B;2;41;41;35;40;35;33;34;33;23;25;20;21;38;39;35;36
europe;2021-04-30T00:00:00+01:00;+;Spain;12;Madrid;18;Suburb;2;Preowend;2;Cat. B;2;58;65;57;60;55;62;56;57;33;35;36;33;60;53;62;60
europe;2021-05-31T00:00:00+01:00;+;Spain;12;Madrid;18;City;1;New;1;Cat. A;1;28;29;29;29;37;33;35;36;54;55;50;52;24;19;20;24
europe;2021-05-31T00:00:00+01:00;+;Spain;12;Madrid;18;City;1;Preowend;2;Cat. A;1;13;14;11;13;51;52;48;50;54;53;51;56;11;12;15;13
europe;2021-05-31T00:00:00+01:00;+;Spain;12;Madrid;18;Suburb;2;New;1;Cat. A;1;15;15;14;16;51;53;54;51;33;36;37;34;15;11;14;15
europe;2021-05-31T00:00:00+01:00;+;Spain;12;Madrid;18;Suburb;2;Preowend;2;Cat. B;2;39;37;36;39;34;34;30;33;19;20;16;18;36;39;34;37
europe;2021-05-31T00:00:00+01:00;+;Spain;12;Madrid;18;Suburb;2;Preowend;2;Cat. B;2;61;56;61;62;55;56;50;56;32;32;36;33;64;63;68;64
europe;2021-06-30T00:00:00+01:00;+;Spain;12;Madrid;18;City;1;New;1;Cat. A;1;25;27;24;27;34;35;31;34;50;50;53;52;26;30;23;26
europe;2021-06-30T00:00:00+01:00;+;Spain;12;Madrid;18;City;1;Preowend;2;Cat. A;1;14;16;13;14;53;49;56;53;56;58;58;58;12;10;10;10
europe;2021-06-30T00:00:00+01:00;+;Spain;12;Madrid;18;Suburb;2;New;1;Cat. A;1;14;11;10;12;52;54;54;52;31;33;31;31;13;11;16;12
europe;2021-06-30T00:00:00+01:00;+;Spain;12;Madrid;18;Suburb;2;Preowend;2;Cat. B;2;38;42;33;38;38;33;36;37;24;19;19;24;37;33;42;36
europe;2021-06-30T00:00:00+01:00;+;Spain;12;Madrid;18;Suburb;2;Preowend;2;Cat. B;2;61;64;63;62;53;55;60;55;33;29;31;33;60;62;56;59
europe;2021-07-31T00:00:00+01:00;+;Spain;12;Madrid;18;City;1;New;1;Cat. A;1;26;23;30;27;31;28;31;33;57;60;61;58;30;27;30;29
europe;2021-07-31T00:00:00+01:00;+;Spain;12;Madrid;18;City;1;Preowend;2;Cat. A;1;11;10;12;10;53;50;57;54;55;55;55;56;16;13;16;14
europe;2021-07-31T00:00:00+01:00;+;Spain;12;Madrid;18;Suburb;2;New;1;Cat. A;1;16;18;14;17;55;51;54;55;30;31;28;31;15;18;11;15
europe;2021-07-31T00:00:00+01:00;+;Spain;12;Madrid;18;Suburb;2;Preowend;2;Cat. B;2;39;40;39;39;36;37;39;36;22;20;20;22;37;33;40;38
europe;2021-07-31T00:00:00+01:00;+;Spain;12;Madrid;18;Suburb;2;Preowend;2;Cat. B;2;64;62;69;64;54;58;55;54;31;28;37;33;56;62;58;56
europe;2021-08-31T00:00:00+01:00;+;Spain;12;Madrid;18;City;1;New;1;Cat. A;1;25;29;26;27;34;33;38;33;56;59;55;56;29;31;31;28
europe;2021-08-31T00:00:00+01:00;+;Spain;12;Madrid;18;City;1;Preowend;2;Cat. A;1;15;13;14;16;52;53;49;54;56;57;60;55;14;17;10;13
europe;2021-08-31T00:00:00+01:00;+;Spain;12;Madrid;18;Suburb;2;New;1;Cat. A;1;12;16;10;12;54;54;58;55;29;32;26;30;15;15;13;14
europe;2021-08-31T00:00:00+01:00;+;Spain;12;Madrid;18;Suburb;2;Preowend;2;Cat. B;2;35;31;40;35;35;33;31;36;20;17;22;20;36;30;31;34
europe;2021-08-31T00:00:00+01:00;+;Spain;12;Madrid;18;Suburb;2;Preowend;2;Cat. B;2;60;64;62;60;51;46;57;51;33;32;29;33;57;58;62;59
europe;2021-09-30T00:00:00+01:00;+;Spain;12;Madrid;18;City;1;New;1;Cat. A;1;26;30;22;27;33;31;30;32;51;47;52;50;30;31;27;30
europe;2021-09-30T00:00:00+01:00;+;Spain;12;Madrid;18;City;1;Preowend;2;Cat. A;1;13;18;18;15;51;54;46;50;56;52;58;56;11;10;12;10
europe;2021-09-30T00:00:00+01:00;+;Spain;12;Madrid;18;Suburb;2;New;1;Cat. A;1;15;11;15;13;49;51;54;50;35;32;37;35;17;15;15;16
europe;2021-09-30T00:00:00+01:00;+;Spain;12;Madrid;18;Suburb;2;Preowend;2;Cat. B;2;40;38;35;39;39;40;39;41;22;25;24;22;34;40;33;35
europe;2021-09-30T00:00:00+01:00;+;Spain;12;Madrid;18;Suburb;2;Preowend;2;Cat. B;2;60;58;57;58;56;56;56;57;34;34;33;33;57;62;58;57
europe;2021-10-31T00:00:00+01:00;+;Spain;12;Madrid;18;City;1;New;1;Cat. A;1;28;31;26;29;37;34;40;36;53;50;50;53;30;29;29;29
europe;2021-10-31T00:00:00+01:00;+;Spain;12;Madrid;18;City;1;Preowend;2;Cat. A;1;14;16;14;13;54;56;57;55;56;51;52;56;11;12;11;11
europe;2021-10-31T00:00:00+01:00;+;Spain;12;Madrid;18;Suburb;2;New;1;Cat. A;1;17;16;21;17;53;51;53;55;34;35;36;35;12;11;16;13
europe;2021-10-31T00:00:00+01:00;+;Spain;12;Madrid;18;Suburb;2;Preowend;2;Cat. B;2;38;34;40;37;37;37;42;37;24;21;20;26;34;37;38;35
europe;2021-10-31T00:00:00+01:00;+;Spain;12;Madrid;18;Suburb;2;Preowend;2;Cat. B;2;61;66;62;60;51;48;55;50;29;25;26;29;63;59;68;63
europe;2021-11-30T00:00:00+01:00;+;Spain;12;Madrid;18;City;1;New;1;Cat. A;1;23;24;20;24;39;38;38;37;57;54;57;57;28;26;28;28
europe;2021-11-30T00:00:00+01:00;+;Spain;12;Madrid;18;City;1;Preowend;2;Cat. A;1;10;14;11;10;57;54;53;55;55;57;58;56;10;11;10;10
europe;2021-11-30T00:00:00+01:00;+;Spain;12;Madrid;18;Suburb;2;New;1;Cat. A;1;14;18;15;13;55;52;52;54;30;25;26;30;14;15;13;14
europe;2021-11-30T00:00:00+01:00;+;Spain;12;Madrid;18;Suburb;2;Preowend;2;Cat. B;2;38;36;33;37;38;44;42;39;19;25;19;21;38;33;40;38
europe;2021-11-30T00:00:00+01:00;+;Spain;12;Madrid;18;Suburb;2;Preowend;2;Cat. B;2;57;62;61;59;55;53;57;53;31;27;26;33;59;56;62;57
europe;2021-12-31T00:00:00+01:00;+;Spain;12;Madrid;18;City;1;New;1;Cat. A;1;30;25;32;30;37;36;36;36;53;56;54;54;26;23;25;27
europe;2021-12-31T00:00:00+01:00;+;Spain;12;Madrid;18;City;1;Preowend;2;Cat. A;1;12;10;13;13;53;54;55;52;55;59;59;54;10;10;13;10
europe;2021-12-31T00:00:00+01:00;+;Spain;12;Madrid;18;Suburb;2;New;1;Cat. A;1;13;10;14;14;53;54;51;51;30;31;29;29;13;17;16;13
europe;2021-12-31T00:00:00+01:00;+;Spain;12;Madrid;18;Suburb;2;Preowend;2;Cat. B;2;37;40;39;36;36;41;37;36;18;18;21;20;36;40;37;35
europe;2021-12-31T00:00:00+01:00;+;Spain;12;Madrid;18;Suburb;2;Preowend;2;Cat. B;2;61;57;59;62;50;56;50;50;33;34;28;35;58;54;56;58
europe;2022-01-31T00:00:00+01:00;+;Spain;12;Madrid;18;City;1;New;1;Cat. A;1;25;29;25;26;33;29;30;31;54;55;55;55;27;25;26;28
europe;2022-01-31T00:00:00+01:00;+;Spain;12;Madrid;18;City;1;Preowend;2;Cat. A;1;12;10;11;14;53;56;57;53;55;60;54;56;10;10;10;10
europe;2022-01-31T00:00:00+01:00;+;Spain;12;Madrid;18;Suburb;2;New;1;Cat. A;1;17;17;20;17;55;57;54;54;34;36;36;36;13;16;14;15
europe;2022-01-31T00:00:00+01:00;+;Spain;12;Madrid;18;Suburb;2;Preowend;2;Cat. B;2;42;43;40;42;40;43;37;40;23;28;26;23;36;40;39;35
europe;2022-01-31T00:00:00+01:00;+;Spain;12;Madrid;18;Suburb;2;Preowend;2;Cat. B;2;57;61;63;57;55;50;57;56;33;29;33;34;57;58;60;59
europe;2022-02-28T00:00:00+01:00;+;Spain;12;Madrid;18;City;1;New;1;Cat. A;1;27;22;24;27;37;42;39;39;57;61;59;57;27;31;32;28
europe;2022-02-28T00:00:00+01:00;+;Spain;12;Madrid;18;City;1;Preowend;2;Cat. A;1;14;13;16;12;51;52;56;52;56;57;57;58;14;18;16;15
europe;2022-02-28T00:00:00+01:00;+;Spain;12;Madrid;18;Suburb;2;New;1;Cat. A;1;14;14;11;15;54;57;55;53;35;33;35;34;17;14;18;17
europe;2022-02-28T00:00:00+01:00;+;Spain;12;Madrid;18;Suburb;2;Preowend;2;Cat. B;2;39;38;43;40;37;35;33;35;25;28;22;23;37;43;41;37
europe;2022-02-28T00:00:00+01:00;+;Spain;12;Madrid;18;Suburb;2;Preowend;2;Cat. B;2;62;61;67;62;50;55;57;50;27;30;24;28;58;58;58;58
europe;2022-03-31T00:00:00+01:00;+;Spain;12;Madrid;18;City;1;New;1;Cat. A;1;24;20;21;25;39;37;42;39;54;49;51;53;24;21;27;25
europe;2022-03-31T00:00:00+01:00;+;Spain;12;Madrid;18;City;1;Preowend;2;Cat. A;1;10;10;10;11;56;52;56;55;58;62;62;58;10;15;14;11
europe;2022-03-31T00:00:00+01:00;+;Spain;12;Madrid;18;Suburb;2;New;1;Cat. A;1;12;16;13;14;54;51;56;55;30;28;27;30;15;16;16;15
europe;2022-03-31T00:00:00+01:00;+;Spain;12;Madrid;18;Suburb;2;Preowend;2;Cat. B;2;36;34;34;37;34;32;29;34;22;20;24;22;40;39;44;41
europe;2022-03-31T00:00:00+01:00;+;Spain;12;Madrid;18;Suburb;2;Preowend;2;Cat. B;2;61;66;58;60;51;45;51;50;29;30;34;31;63;68;60;63
europe;2022-04-30T00:00:00+01:00;+;Spain;12;Madrid;18;City;1;New;1;Cat. A;1;24;22;22;22;37;35;40;38;54;54;55;54;26;28;29;26
europe;2022-04-30T00:00:00+01:00;+;Spain;12;Madrid;18;City;1;Preowend;2;Cat. A;1;16;12;19;15;52;52;48;52;57;54;62;59;10;14;10;10
europe;2022-04-30T00:00:00+01:00;+;Spain;12;Madrid;18;Suburb;2;New;1;Cat. A;1;13;13;17;13;56;58;51;55;32;37;35;33;16;11;19;15
europe;2022-04-30T00:00:00+01:00;+;Spain;12;Madrid;18;Suburb;2;Preowend;2;Cat. B;2;39;41;39;39;41;38;44;39;20;22;21;22;39;43;35;39
europe;2022-04-30T00:00:00+01:00;+;Spain;12;Madrid;18;Suburb;2;Preowend;2;Cat. B;2;59;66;56;61;51;54;50;50;30;31;30;30;59;64;64;61
europe;2022-05-31T00:00:00+01:00;+;Spain;12;Madrid;18;City;1;New;1;Cat. A;1;23;22;28;24;38;35;36;36;56;57;60;58;26;29;27;26
europe;2022-05-31T00:00:00+01:00;+;Spain;12;Madrid;18;City;1;Preowend;2;Cat. A;1;12;13;10;12;55;53;52;57;53;49;52;52;10;10;10;10
europe;2022-05-31T00:00:00+01:00;+;Spain;12;Madrid;18;Suburb;2;New;1;Cat. A;1;15;15;12;16;54;53;58;53;33;32;38;34;17;19;19;17
europe;2022-05-31T00:00:00+01:00;+;Spain;12;Madrid;18;Suburb;2;Preowend;2;Cat. B;2;36;38;36;37;34;38;39;36;23;29;29;24;40;41;34;39
europe;2022-05-31T00:00:00+01:00;+;Spain;12;Madrid;18;Suburb;2;Preowend;2;Cat. B;2;63;61;67;62;55;51;53;55;30;37;33;31;62;60;61;64
europe;2022-06-30T00:00:00+01:00;+;Spain;12;Madrid;18;City;1;New;1;Cat. A;1;25;26;26;25;39;36;40;37;54;53;55;55;22;26;24;22
europe;2022-06-30T00:00:00+01:00;+;Spain;12;Madrid;18;City;1;Preowend;2;Cat. A;1;12;13;15;14;56;51;52;54;59;62;57;58;10;11;10;10
europe;2022-06-30T00:00:00+01:00;+;Spain;12;Madrid;18;Suburb;2;New;1;Cat. A;1;14;16;12;14;51;49;52;49;35;35;34;34;12;16;13;12
europe;2022-06-30T00:00:00+01:00;+;Spain;12;Madrid;18;Suburb;2;Preowend;2;Cat. B;2;37;33;39;37;35;36;36;36;22;27;21;24;37;33;37;39
europe;2022-06-30T00:00:00+01:00;+;Spain;12;Madrid;18;Suburb;2;Preowend;2;Cat. B;2;61;57;58;61;53;54;57;53;33;35;37;34;60;58;66;60
europe;2022-07-31T00:00:00+01:00;+;Spain;12;Madrid;18;City;1;New;1;Cat. A;1;28;26;29;27;36;41;40;36;57;52;60;55;25;22;22;26
europe;2022-07-31T00:00:00+01:00;+;Spain;12;Madrid;18;City;1;Preowend;2;Cat. A;1;10;10;10;10;57;59;57;55;58;60;60;56;10;14;14;10
europe;2022-07-31T00:00:00+01:00;+;Spain;12;Madrid;18;Suburb;2;New;1;Cat. A;1;12;16;12;11;50;51;47;48;32;37;31;32;16;21;17;17
europe;2022-07-31T00:00:00+01:00;+;Spain;12;Madrid;18;Suburb;2;Preowend;2;Cat. B;2;37;38;39;38;39;38;39;41;21;27;27;21;34;36;36;35
europe;2022-07-31T00:00:00+01:00;+;Spain;12;Madrid;18;Suburb;2;Preowend;2;Cat. B;2;60;66;57;60;53;53;57;53;29;23;30;27;61;59;67;63
europe;2022-08-31T00:00:00+01:00;+;Spain;12;Madrid;18;City;1;New;1;Cat. A;1;27;26;30;27;35;30;32;34;50;50;49;52;23;20;23;22
europe;2022-08-31T00:00:00+01:00;+;Spain;12;Madrid;18;City;1;Preowend;2;Cat. A;1;13;17;14;13;52;49;48;52;57;57;52;55;15;14;12;15
europe;2022-08-31T00:00:00+01:00;+;Spain;12;Madrid;18;Suburb;2;New;1;Cat. A;1;16;17;12;17;55;58;58;54;33;37;35;33;15;18;13;17
europe;2022-08-31T00:00:00+01:00;+;Spain;12;Madrid;18;Suburb;2;Preowend;2;Cat. B;2;36;33;36;36;40;45;37;41;20;20;20;19;39;35;39;40
europe;2022-08-31T00:00:00+01:00;+;Spain;12;Madrid;18;Suburb;2;Preowend;2;Cat. B;2;58;54;55;59;56;58;58;57;30;25;24;29;57;59;52;58
europe;2022-09-30T00:00:00+01:00;+;Spain;12;Madrid;18;City;1;New;1;Cat. A;1;27;23;27;27;38;35;42;37;54;57;51;54;29;27;27;29
europe;2022-09-30T00:00:00+01:00;+;Spain;12;Madrid;18;City;1;Preowend;2;Cat. A;1;10;10;13;11;52;52;55;51;55;55;54;56;11;13;10;10
europe;2022-09-30T00:00:00+01:00;+;Spain;12;Madrid;18;Suburb;2;New;1;Cat. A;1;12;13;14;12;50;51;52;51;32;29;31;31;13;11;15;12
europe;2022-09-30T00:00:00+01:00;+;Spain;12;Madrid;18;Suburb;2;Preowend;2;Cat. B;2;37;41;38;37;36;37;38;37;21;21;17;22;36;41;40;36
europe;2022-09-30T00:00:00+01:00;+;Spain;12;Madrid;18;Suburb;2;Preowend;2;Cat. B;2;63;63;67;61;56;62;54;57;31;38;38;32;58;58;53;58
europe;2022-10-31T00:00:00+01:00;+;Spain;12;Madrid;18;City;1;New;1;Cat. A;1;24;27;27;24;33;36;35;34;54;55;57;52;28;32;25;27
europe;2022-10-31T00:00:00+01:00;+;Spain;12;Madrid;18;City;1;Preowend;2;Cat. A;1;15;13;11;16;52;53;52;51;56;53;54;57;13;18;18;15
europe;2022-10-31T00:00:00+01:00;+;Spain;12;Madrid;18;Suburb;2;New;1;Cat. A;1;16;17;18;16;55;58;52;54;32;36;30;33;13;10;10;14
europe;2022-10-31T00:00:00+01:00;+;Spain;12;Madrid;18;Suburb;2;Preowend;2;Cat. B;2;36;34;39;36;36;38;32;36;22;23;21;20;37;32;33;36
europe;2022-10-31T00:00:00+01:00;+;Spain;12;Madrid;18;Suburb;2;Preowend;2;Cat. B;2;64;69;59;64;51;54;48;53;32;32;35;33;57;54;63;57
europe;2022-11-30T00:00:00+01:00;+;Spain;12;Madrid;18;City;1;New;1;Cat. A;1;29;30;30;27;34;32;36;34;52;54;48;53;27;27;28;29
europe;2022-11-30T00:00:00+01:00;+;Spain;12;Madrid;18;City;1;Preowend;2;Cat. A;1;14;19;13;15;56;55;59;55;52;55;56;53;13;15;15;14
europe;2022-11-30T00:00:00+01:00;+;Spain;12;Madrid;18;Suburb;2;New;1;Cat. A;1;12;10;12;13;52;48;49;51;30;30;31;30;17;19;16;19
europe;2022-11-30T00:00:00+01:00;+;Spain;12;Madrid;18;Suburb;2;Preowend;2;Cat. B;2;39;39;39;37;37;42;40;38;24;20;26;22;36;35;33;35
europe;2022-11-30T00:00:00+01:00;+;Spain;12;Madrid;18;Suburb;2;Preowend;2;Cat. B;2;58;58;53;59;55;53;56;57;32;35;32;31;62;62;61;62
europe;2022-12-31T00:00:00+01:00;+;Spain;12;Madrid;18;City;1;New;1;Cat. A;1;28;25;28;29;34;35;34;36;54;52;57;55;25;27;28;25
europe;2022-12-31T00:00:00+01:00;+;Spain;12;Madrid;18;City;1;Preowend;2;Cat. A;1;10;10;13;10;55;57;58;53;52;49;51;52;10;14;11;11
europe;2022-12-31T00:00:00+01:00;+;Spain;12;Madrid;18;Suburb;2;New;1;Cat. A;1;17;17;17;19;56;56;57;54;30;27;28;28;14;16;19;15
europe;2022-12-31T00:00:00+01:00;+;Spain;12;Madrid;18;Suburb;2;Preowend;2;Cat. B;2;40;38;38;40;38;41;43;37;19;21;15;20;38;34;34;36
europe;2022-12-31T00:00:00+01:00;+;Spain;12;Madrid;18;Suburb;2;Preowend;2;Cat. B;2;57;64;62;58;55;51;58;56;30;34;30;30;63;58;67;62
europe;2023-01-31T00:00:00+01:00;+;Spain;12;Madrid;18;City;1;New;1;Cat. A;1;27;27;29;26;36;32;33;37;56;57;53;57;25;24;27;24
europe;2023-01-31T00:00:00+01:00;+;Spain;12;Madrid;18;City;1;Preowend;2;Cat. A;1;12;13;16;13;51;55;53;53;53;50;51;55;15;11;12;14
europe;2023-01-31T00:00:00+01:00;+;Spain;12;Madrid;18;Suburb;2;New;1;Cat. A;1;14;13;15;14;52;49;53;52;28;30;27;28;15;15;14;15
europe;2023-01-31T00:00:00+01:00;+;Spain;12;Madrid;18;Suburb;2;Preowend;2;Cat. B;2;39;38;42;39;33;38;32;35;25;26;19;23;36;35;31;35
europe;2023-01-31T00:00:00+01:00;+;Spain;12;Madrid;18;Suburb;2;Preowend;2;Cat. B;2;61;62;57;63;50;46;50;51;31;27;31;30;58;61;53;56
europe;2023-02-28T00:00:00+01:00;+;Spain;12;Madrid;18;City;1;New;1;Cat. A;1;28;25;30;27;37;35;34;36;52;54;50;50;26;25;24;28
europe;2023-02-28T00:00:00+01:00;+;Spain;12;Madrid;18;City;1;Preowend;2;Cat. A;1;14;12;13;14;54;50;52;54;55;54;50;55;12;11;16;13
europe;2023-02-28T00:00:00+01:00;+;Spain;12;Madrid;18;Suburb;2;New;1;Cat. A;1;16;12;15;16;50;47;49;50;35;31;38;33;15;16;13;15
europe;2023-02-28T00:00:00+01:00;+;Spain;12;Madrid;18;Suburb;2;Preowend;2;Cat. B;2;41;44;46;40;40;36;35;41;22;18;22;22;37;33;39;39
europe;2023-02-28T00:00:00+01:00;+;Spain;12;Madrid;18;Suburb;2;Preowend;2;Cat. B;2;59;59;64;59;54;59;57;56;34;29;31;32;61;56;63;60
europe;2023-03-31T00:00:00+01:00;+;Spain;12;Madrid;18;City;1;New;1;Cat. A;1;29;26;29;30;33;32;29;32;54;57;52;55;26;21;25;26
europe;2023-03-31T00:00:00+01:00;+;Spain;12;Madrid;18;City;1;Preowend;2;Cat. A;1;13;10;12;15;54;53;58;55;58;61;57;56;10;10;10;11
europe;2023-03-31T00:00:00+01:00;+;Spain;12;Madrid;18;Suburb;2;New;1;Cat. A;1;12;12;16;11;55;52;58;55;30;30;25;29;15;12;15;13
europe;2023-03-31T00:00:00+01:00;+;Spain;12;Madrid;18;Suburb;2;Preowend;2;Cat. B;2;38;33;35;38;41;35;35;39;18;14;21;19;39;36;36;38
europe;2023-03-31T00:00:00+01:00;+;Spain;12;Madrid;18;Suburb;2;Preowend;2;Cat. B;2;62;61;58;61;55;56;61;56;33;28;36;33;61;64;66;61
europe;2023-04-30T00:00:00+01:00;+;Spain;12;Madrid;18;City;1;New;1;Cat. A;1;23;26;21;24;33;33;34;32;58;60;53;57;26;27;27;28
europe;2023-04-30T00:00:00+01:00;+;Spain;12;Madrid;18;City;1;Preowend;2;Cat. A;1;14;16;12;14;52;50;49;50;55;51;54;56;11;10;12;10
europe;2023-04-30T00:00:00+01:00;+;Spain;12;Madrid;18;Suburb;2;New;1;Cat. A;1;19;18;15;17;55;53;56;54;31;30;32;31;17;17;22;18
europe;2023-04-30T00:00:00+01:00;+;Spain;12;Madrid;18;Suburb;2;Preowend;2;Cat. B;2;39;44;36;41;35;41;37;35;23;26;17;22;41;37;38;40
europe;2023-04-30T00:00:00+01:00;+;Spain;12;Madrid;18;Suburb;2;Preowend;2;Cat. B;2;59;64;64;59;56;57;54;55;29;27;26;31;62;59;58;62
europe;2023-05-31T00:00:00+01:00;+;Spain;12;Madrid;18;City;1;New;1;Cat. A;1;25;30;27;25;35;35;38;35;52;50;51;54;26;22;25;26
europe;2023-05-31T00:00:00+01:00;+;Spain;12;Madrid;18;City;1;Preowend;2;Cat. A;1;10;12;14;10;51;50;50;49;56;59;60;58;11;14;10;10
europe;2023-05-31T00:00:00+01:00;+;Spain;12;Madrid;18;Suburb;2;New;1;Cat. A;1;14;12;11;14;48;47;48;49;35;32;35;34;17;15;17;19
europe;2023-05-31T00:00:00+01:00;+;Spain;12;Madrid;18;Suburb;2;Preowend;2;Cat. B;2;38;34;33;38;39;37;44;40;21;21;22;19;35;40;36;34
europe;2023-05-31T00:00:00+01:00;+;Spain;12;Madrid;18;Suburb;2;Preowend;2;Cat. B;2;59;60;55;58;52;54;54;50;30;27;30;29;60;60;53;58
europe;2023-06-30T00:00:00+01:00;+;Spain;12;Madrid;18;City;1;New;1;Cat. A;1;24;29;24;26;36;31;37;36;52;55;56;52;26;30;27;26
europe;2023-06-30T00:00:00+01:00;+;Spain;12;Madrid;18;City;1;Preowend;2;Cat. A;1;12;10;10;11;50;54;55;51;53;51;50;51;10;10;11;12
europe;2023-06-30T00:00:00+01:00;+;Spain;12;Madrid;18;Suburb;2;New;1;Cat. A;1;17;20;19;17;54;54;56;56;35;35;30;35;13;13;10;13
europe;2023-06-30T00:00:00+01:00;+;Spain;12;Madrid;18;Suburb;2;Preowend;2;Cat. B;2;37;35;33;36;39;36;35;39;26;23;20;26;38;33;38;39
europe;2023-06-30T00:00:00+01:00;+;Spain;12;Madrid;18;Suburb;2;Preowend;2;Cat. B;2;59;54;64;58;55;50;52;57;30;25;35;28;60;58;54;59
europe;2023-07-31T00:00:00+01:00;+;Spain;12;Madrid;18;City;1;New;1;Cat. A;1;27;29;28;28;36;35;39;38;54;55;52;55;28;28;26;28
europe;2023-07-31T00:00:00+01:00;+;Spain;12;Madrid;18;City;1;Preowend;2;Cat. A;1;13;13;11;12;57;52;58;57;52;51;54;54;11;10;15;11
europe;2023-07-31T00:00:00+01:00;+;Spain;12;Madrid;18;Suburb;2;New;1;Cat. A;1;14;15;12;15;53;55;57;53;29;28;28;30;12;14;13;12
europe;2023-07-31T00:00:00+01:00;+;Spain;12;Madrid;18;Suburb;2;Preowend;2;Cat. B;2;40;41;37;40;34;35;34;35;19;15;21;20;39;43;36;37
europe;2023-07-31T00:00:00+01:00;+;Spain;12;Madrid;18;Suburb;2;Preowend;2;Cat. B;2;59;58;54;60;50;45;45;50;33;34;30;35;62;65;58;63
europe;2023-08-31T00:00:00+01:00;+;Spain;12;Madrid;18;City;1;New;1;Cat. A;1;26;29;25;28;36;34;32;35;54;53;53;54;29;32;32;28
europe;2023-08-31T00:00:00+01:00;+;Spain;12;Madrid;18;City;1;Preowend;2;Cat. A;1;13;10;16;15;53;55;50;51;54;50;56;53;10;13;10;10
europe;2023-08-31T00:00:00+01:00;+;Spain;12;Madrid;18;Suburb;2;New;1;Cat. A;1;12;10;15;11;50;52;53;50;31;30;27;31;18;19;15;17
europe;2023-08-31T00:00:00+01:00;+;Spain;12;Madrid;18;Suburb;2;Preowend;2;Cat. B;2;37;37;40;38;36;34;35;37;19;17;25;19;37;43;38;39
europe;2023-08-31T00:00:00+01:00;+;Spain;12;Madrid;18;Suburb;2;Preowend;2;Cat. B;2;61;54;60;61;56;58;60;56;33;29;33;32;57;58;63;57
europe;2023-09-30T00:00:00+01:00;+;Spain;12;Madrid;18;City;1;New;1;Cat. A;1;28;25;24;27;35;34;35;35;54;51;57;54;30;31;28;30
europe;2023-09-30T00:00:00+01:00;+;Spain;12;Madrid;18;City;1;Preowend;2;Cat. A;1;10;10;10;10;57;58;60;56;56;60;59;55;12;15;13;10
europe;2023-09-30T00:00:00+01:00;+;Spain;12;Madrid;18;Suburb;2;New;1;Cat. A;1;16;12;12;16;49;50;54;50;30;30;32;31;16;19;12;15
europe;2023-09-30T00:00:00+01:00;+;Spain;12;Madrid;18;Suburb;2;Preowend;2;Cat. B;2;38;42;38;36;37;37;35;36;21;22;19;20;38;39;38;39
europe;2023-09-30T00:00:00+01:00;+;Spain;12;Madrid;18;Suburb;2;Preowend;2;Cat. B;2;60;63;54;58;55;54;61;56;31;29;36;31;64;67;58;62
europe;2023-10-31T00:00:00+01:00;+;Spain;12;Madrid;18;City;1;New;1;Cat. A;1;27;29;30;26;32;37;31;32;57;61;59;56;27;22;24;25
europe;2023-10-31T00:00:00+01:00;+;Spain;12;Madrid;18;City;1;Preowend;2;Cat. A;1;14;11;18;14;51;50;51;51;58;62;60;59;10;10;10;10
europe;2023-10-31T00:00:00+01:00;+;Spain;12;Madrid;18;Suburb;2;New;1;Cat. A;1;15;19;16;15;52;53;50;53;31;34;28;31;14;12;12;14
europe;2023-10-31T00:00:00+01:00;+;Spain;12;Madrid;18;Suburb;2;Preowend;2;Cat. B;2;37;37;39;35;40;34;41;38;21;17;24;19;36;36;41;37
europe;2023-10-31T00:00:00+01:00;+;Spain;12;Madrid;18;Suburb;2;Preowend;2;Cat. B;2;62;62;61;62;55;52;56;55;34;35;36;33;60;54;53;60
europe;2023-11-30T00:00:00+01:00;+;Spain;12;Madrid;18;City;1;New;1;Cat. A;1;29;28;28;29;37;41;35;38;57;58;57;57;26;25;24;24
europe;2023-11-30T00:00:00+01:00;+;Spain;12;Madrid;18;City;1;Preowend;2;Cat. A;1;14;15;14;14;55;52;59;56;53;55;55;53;10;10;10;10
europe;2023-11-30T00:00:00+01:00;+;Spain;12;Madrid;18;Suburb;2;New;1;Cat. A;1;18;20;18;18;54;52;58;53;30;27;33;29;18;17;21;16
europe;2023-11-30T00:00:00+01:00;+;Spain;12;Madrid;18;Suburb;2;Preowend;2;Cat. B;2;39;40;38;41;36;37;36;36;24;28;23;24;34;37;30;36
europe;2023-11-30T00:00:00+01:00;+;Spain;12;Madrid;18;Suburb;2;Preowend;2;Cat. B;2;61;58;63;60;55;54;56;54;32;26;28;31;56;56;57;58
europe;2023-12-31T00:00:00+01:00;+;Spain;12;Madrid;18;City;1;New;1;Cat. A;1;27;24;23;26;33;31;34;34;52;49;56;53;28;27;27;29
europe;2023-12-31T00:00:00+01:00;+;Spain;12;Madrid;18;City;1;Preowend;2;Cat. A;1;14;17;17;15;56;59;58;55;57;62;57;59;10;10;10;10
europe;2023-12-31T00:00:00+01:00;+;Spain;12;Madrid;18;Suburb;2;New;1;Cat. A;1;14;12;12;14;49;49;47;48;34;38;34;33;11;10;12;12
europe;2023-12-31T00:00:00+01:00;+;Spain;12;Madrid;18;Suburb;2;Preowend;2;Cat. B;2;39;38;39;39;38;39;41;39;22;20;24;22;38;37;36;38
europe;2023-12-31T00:00:00+01:00;+;Spain;12;Madrid;18;Suburb;2;Preowend;2;Cat. B;2;61;57;61;63;51;56;44;50;33;30;38;33;62;55;64;60
europe;2024-01-31T00:00:00+01:00;+;Spain;12;Madrid;18;City;1;New;1;Cat. A;1;27;24;25;28;32;34;29;33;56;59;54;55;30;25;29;29
europe;2024-01-31T00:00:00+01:00;+;Spain;12;Madrid;18;City;1;Preowend;2;Cat. A;1;14;12;16;13;51;47;50;49;56;60;56;58;12;13;17;12
europe;2024-01-31T00:00:00+01:00;+;Spain;12;Madrid;18;Suburb;2;New;1;Cat. A;1;13;10;18;14;53;57;55;53;31;28;29;31;15;17;12;13
europe;2024-01-31T00:00:00+01:00;+;Spain;12;Madrid;18;Suburb;2;Preowend;2;Cat. B;2;42;37;40;42;37;40;37;38;19;14;15;18;39;39;40;41
europe;2024-01-31T00:00:00+01:00;+;Spain;12;Madrid;18;Suburb;2;Preowend;2;Cat. B;2;58;65;53;58;52;57;57;52;33;32;34;34;57;62;52;57
europe;2024-02-29T00:00:00+01:00;+;Spain;12;Madrid;18;City;1;New;1;Cat. A;1;29;31;32;29;34;37;36;35;51;49;50;53;24;19;21;22
europe;2024-02-29T00:00:00+01:00;+;Spain;12;Madrid;18;City;1;Preowend;2;Cat. A;1;13;15;10;13;54;55;50;55;56;53;58;55;14;17;18;14
europe;2024-02-29T00:00:00+01:00;+;Spain;12;Madrid;18;Suburb;2;New;1;Cat. A;1;11;16;11;13;51;55;55;52;35;31;36;35;15;13;17;14
europe;2024-02-29T00:00:00+01:00;+;Spain;12;Madrid;18;Suburb;2;Preowend;2;Cat. B;2;39;43;44;39;38;44;36;40;24;26;21;23;38;38;36;38
europe;2024-02-29T00:00:00+01:00;+;Spain;12;Madrid;18;Suburb;2;Preowend;2;Cat. B;2;60;63;59;59;49;45;51;50;33;33;27;32;58;57;53;58
europe;2024-03-31T00:00:00+01:00;+;Spain;12;Madrid;18;City;1;New;1;Cat. A;1;28;30;24;29;38;33;34;38;52;51;55;52;22;26;24;23
europe;2024-03-31T00:00:00+01:00;+;Spain;12;Madrid;18;City;1;Preowend;2;Cat. A;1;15;16;19;16;51;53;51;51;58;55;55;59;10;10;11;10
europe;2024-03-31T00:00:00+01:00;+;Spain;12;Madrid;18;Suburb;2;New;1;Cat. A;1;19;22;19;19;53;50;52;54;34;37;32;35;15;13;13;13
europe;2024-03-31T00:00:00+01:00;+;Spain;12;Madrid;18;Suburb;2;Preowend;2;Cat. B;2;40;41;37;41;36;42;42;38;19;22;22;21;39;41;35;38
europe;2024-03-31T00:00:00+01:00;+;Spain;12;Madrid;18;Suburb;2;Preowend;2;Cat. B;2;58;57;60;57;55;60;50;55;34;29;38;32;56;57;61;58
europe;2024-04-30T00:00:00+01:00;+;Spain;12;Madrid;18;City;1;New;1;Cat. A;1;27;26;27;27;34;34;37;33;54;57;59;55;27;30;27;27
europe;2024-04-30T00:00:00+01:00;+;Spain;12;Madrid;18;City;1;Preowend;2;Cat. A;1;13;13;14;15;54;52;52;55;58;58;54;57;11;13;12;11
europe;2024-04-30T00:00:00+01:00;+;Spain;12;Madrid;18;Suburb;2;New;1;Cat. A;1;17;13;21;16;54;57;53;54;34;29;32;33;13;14;14;13
europe;2024-04-30T00:00:00+01:00;+;Spain;12;Madrid;18;Suburb;2;Preowend;2;Cat. B;2;41;39;44;40;34;36;30;35;25;27;22;25;42;44;42;40
europe;2024-04-30T00:00:00+01:00;+;Spain;12;Madrid;18;Suburb;2;Preowend;2;Cat. B;2;62;59;66;62;55;56;56;56;35;33;36;33;62;68;61;62
europe;2024-05-31T00:00:00+01:00;+;Spain;12;Madrid;18;City;1;New;1;Cat. A;1;27;26;28;28;39;37;37;38;57;55;54;56;28;33;26;29
europe;2024-05-31T00:00:00+01:00;+;Spain;12;Madrid;18;City;1;Preowend;2;Cat. A;1;10;10;10;10;53;49;54;53;55;52;50;53;13;10;13;13
europe;2024-05-31T00:00:00+01:00;+;Spain;12;Madrid;18;Suburb;2;New;1;Cat. A;1;17;19;22;17;52;57;50;54;32;35;37;34;14;11;15;13
europe;2024-05-31T00:00:00+01:00;+;Spain;12;Madrid;18;Suburb;2;Preowend;2;Cat. B;2;36;35;34;37;40;41;42;40;20;17;26;21;37;35;42;38
europe;2024-05-31T00:00:00+01:00;+;Spain;12;Madrid;18;Suburb;2;Preowend;2;Cat. B;2;61;61;67;60;51;49;53;52;28;22;30;28;63;68;64;62
europe;2024-06-30T00:00:00+01:00;+;Spain;12;Madrid;18;City;1;New;1;Cat. A;1;25;27;30;25;31;30;36;33;52;50;52;54;29;27;30;27
europe;2024-06-30T00:00:00+01:00;+;Spain;12;Madrid;18;City;1;Preowend;2;Cat. A;1;11;12;10;11;55;52;50;54;59;59;54;57;13;10;12;14
europe;2024-06-30T00:00:00+01:00;+;Spain;12;Madrid;18;Suburb;2;New;1;Cat. A;1;15;16;18;16;49;51;51;49;32;35;30;34;17;15;14;19
europe;2024-06-30T00:00:00+01:00;+;Spain;12;Madrid;18;Suburb;2;Preowend;2;Cat. B;2;40;40;46;41;35;30;33;34;21;22;26;20;39;36;42;38
europe;2024-06-30T00:00:00+01:00;+;Spain;12;Madrid;18;Suburb;2;Preowend;2;Cat. B;2;59;56;62;57;55;59;61;56;32;30;25;32;64;59;58;62
europe;2024-07-31T00:00:00+01:00;+;Spain;12;Madrid;18;City;1;New;1;Cat. A;1;24;27;20;23;35;37;35;36;56;59;53;54;25;25;26;25
europe;2024-07-31T00:00:00+01:00;+;Spain;12;Madrid;18;City;1;Preowend;2;Cat. A;1;10;10;13;10;52;55;48;51;58;54;57;56;14;18;16;15
europe;2024-07-31T00:00:00+01:00;+;Spain;12;Madrid;18;Suburb;2;New;1;Cat. A;1;12;13;10;12;54;57;57;54;35;34;32;35;14;14;14;13
europe;2024-07-31T00:00:00+01:00;+;Spain;12;Madrid;18;Suburb;2;Preowend;2;Cat. B;2;35;41;37;36;34;31;39;35;21;23;23;21;36;35;38;37
europe;2024-07-31T00:00:00+01:00;+;Spain;12;Madrid;18;Suburb;2;Preowend;2;Cat. B;2;56;55;53;58;50;49;56;52;32;38;28;32;62;65;55;62
europe;2024-08-31T00:00:00+01:00;+;Spain;12;Madrid;18;City;1;New;1;Cat. A;1;26;23;31;27;36;39;38;36;56;58;59;56;28;27;25;27
europe;2024-08-31T00:00:00+01:00;+;Spain;12;Madrid;18;City;1;Preowend;2;Cat. A;1;13;17;10;14;53;52;58;53;52;50;50;53;13;10;15;12
europe;2024-08-31T00:00:00+01:00;+;Spain;12;Madrid;18;Suburb;2;New;1;Cat. A;1;11;10;12;12;49;46;49;51;35;37;38;35;14;11;16;14
europe;2024-08-31T00:00:00+01:00;+;Spain;12;Madrid;18;Suburb;2;Preowend;2;Cat. B;2;40;39;44;41;39;35;39;39;24;24;28;25;40;44;40;41
europe;2024-08-31T00:00:00+01:00;+;Spain;12;Madrid;18;Suburb;2;Preowend;2;Cat. B;2;58;59;64;58;55;48;56;53;31;27;28;30;60;63;57;58
europe;2024-09-30T00:00:00+01:00;+;Spain;12;Madrid;18;City;1;New;1;Cat. A;1;25;21;23;24;33;30;36;34;52;55;51;53;24;27;21;24
europe;2024-09-30T00:00:00+01:00;+;Spain;12;Madrid;18;City;1;Preowend;2;Cat. A;1;10;10;13;10;52;49;47;50;56;54;60;56;14;10;13;12
europe;2024-09-30T00:00:00+01:00;+;Spain;12;Madrid;18;Suburb;2;New;1;Cat. A;1;13;11;12;13;53;50;50;53;34;37;33;32;16;16;18;16
europe;2024-09-30T00:00:00+01:00;+;Spain;12;Madrid;18;Suburb;2;Preowend;2;Cat. B;2;39;36;35;38;33;37;37;35;20;17;24;19;37;40;42;39
europe;2024-09-30T00:00:00+01:00;+;Spain;12;Madrid;18;Suburb;2;Preowend;2;Cat. B;2;56;52;58;58;55;59;58;55;33;36;32;33;61;60;55;62
europe;2024-10-31T00:00:00+01:00;+;Spain;12;Madrid;18;City;1;New;1;Cat. A;1;27;29;28;28;36;32;37;34;52;55;51;51;29;33;31;29
europe;2024-10-31T00:00:00+01:00;+;Spain;12;Madrid;18;City;1;Preowend;2;Cat. A;1;10;14;10;11;49;52;49;51;57;59;58;56;13;16;14;14
europe;2024-10-31T00:00:00+01:00;+;Spain;12;Madrid;18;Suburb;2;New;1;Cat. A;1;18;18;20;17;53;57;57;53;31;33;36;33;16;16;16;17
europe;2024-10-31T00:00:00+01:00;+;Spain;12;Madrid;18;Suburb;2;Preowend;2;Cat. B;2;38;34;42;36;41;38;42;41;23;20;22;25;38;38;41;39
europe;2024-10-31T00:00:00+01:00;+;Spain;12;Madrid;18;Suburb;2;Preowend;2;Cat. B;2;61;62;66;61;54;51;56;56;33;28;28;33;56;56;52;58
europe;2024-11-30T00:00:00+01:00;+;Spain;12;Madrid;18;City;1;New;1;Cat. A;1;24;27;23;24;38;33;35;38;54;57;50;53;27;30;26;25
europe;2024-11-30T00:00:00+01:00;+;Spain;12;Madrid;18;City;1;Preowend;2;Cat. A;1;10;10;10;10;55;57;55;57;55;54;53;56;13;14;15;13
europe;2024-11-30T00:00:00+01:00;+;Spain;12;Madrid;18;Suburb;2;New;1;Cat. A;1;17;13;13;17;50;54;51;50;33;32;32;33;12;10;12;11
europe;2024-11-30T00:00:00+01:00;+;Spain;12;Madrid;18;Suburb;2;Preowend;2;Cat. B;2;37;41;37;38;37;41;37;39;20;18;21;19;40;41;37;39
europe;2024-11-30T00:00:00+01:00;+;Spain;12;Madrid;18;Suburb;2;Preowend;2;Cat. B;2;64;57;64;62;53;48;53;54;32;37;38;32;60;60;59;61
europe;2024-12-31T00:00:00+01:00;+;Spain;12;Madrid;18;City;1;New;1;Cat. A;1;27;26;27;26;32;33;29;33;55;59;57;56;28;29;27;30
europe;2024-12-31T00:00:00+01:00;+;Spain;12;Madrid;18;City;1;Preowend;2;Cat. A;1;13;13;13;14;50;50;50;50;56;56;53;54;13;11;17;15
europe;2024-12-31T00:00:00+01:00;+;Spain;12;Madrid;18;Suburb;2;New;1;Cat. A;1;11;15;13;13;55;58;55;55;34;39;35;35;15;14;12;17
europe;2024-12-31T00:00:00+01:00;+;Spain;12;Madrid;18;Suburb;2;Preowend;2;Cat. B;2;40;44;41;41;38;34;39;36;23;25;24;22;40;34;34;40
europe;2024-12-31T00:00:00+01:00;+;Spain;12;Madrid;18;Suburb;2;Preowend;2;Cat. B;2;58;57;61;58;52;55;51;52;32;33;35;32;57;53;58;57
europe;2025-01-31T00:00:00+01:00;+;Spain;12;Madrid;18;City;1;New;1;Cat. A;1;24;25;26;24;35;33;33;36;57;55;53;57;29;28;33;29
europe;2025-01-31T00:00:00+01:00;+;Spain;12;Madrid;18;City;1;Preowend;2;Cat. A;1;16;13;18;14;52;55;56;52;54;57;57;54;10;13;10;10
europe;2025-01-31T00:00:00+01:00;+;Spain;12;Madrid;18;Suburb;2;New;1;Cat. A;1;16;13;14;15;54;55;58;56;32;36;34;33;12;13;16;13
europe;2025-01-31T00:00:00+01:00;+;Spain;12;Madrid;18;Suburb;2;Preowend;2;Cat. B;2;41;37;41;42;37;34;40;37;22;26;24;20;35;35;35;36
europe;2025-01-31T00:00:00+01:00;+;Spain;12;Madrid;18;Suburb;2;Preowend;2;Cat. B;2;61;56;61;62;53;54;57;52;33;38;40;34;62;66;65;63
europe;2025-02-28T00:00:00+01:00;+;Spain;12;Madrid;18;City;1;New;1;Cat. A;1;25;27;25;26;38;38;38;39;52;53;51;51;23;27;26;23
europe;2025-02-28T00:00:00+01:00;+;Spain;12;Madrid;18;City;1;Preowend;2;Cat. A;1;10;10;10;11;52;48;50;50;58;55;55;57;10;13;10;10
europe;2025-02-28T00:00:00+01:00;+;Spain;12;Madrid;18;Suburb;2;New;1;Cat. A;1;17;15;18;19;51;49;54;52;32;32;33;33;19;16;16;19
europe;2025-02-28T00:00:00+01:00;+;Spain;12;Madrid;18;Suburb;2;Preowend;2;Cat. B;2;42;41;41;41;35;38;34;36;19;16;22;18;36;39;37;36
europe;2025-02-28T00:00:00+01:00;+;Spain;12;Madrid;18;Suburb;2;Preowend;2;Cat. B;2;63;66;66;63;55;54;56;56;31;38;27;32;60;59;60;60
europe;2025-03-31T00:00:00+01:00;+;Spain;12;Madrid;18;City;1;New;1;Cat. A;1;25;22;25;24;34;38;30;35;51;54;51;50;23;23;22;22
europe;2025-03-31T00:00:00+01:00;+;Spain;12;Madrid;18;City;1;Preowend;2;Cat. A;1;14;15;15;12;51;54;54;51;53;50;55;54;11;16;12;12
europe;2025-03-31T00:00:00+01:00;+;Spain;12;Madrid;18;Suburb;2;New;1;Cat. A;1;17;19;16;16;53;52;54;53;34;36;36;33;19;21;17;18
europe;2025-03-31T00:00:00+01:00;+;Spain;12;Madrid;18;Suburb;2;Preowend;2;Cat. B;2;34;32;31;35;35;32;37;36;18;17;15;18;38;41;37;39
europe;2025-03-31T00:00:00+01:00;+;Spain;12;Madrid;18;Suburb;2;Preowend;2;Cat. B;2;60;59;61;61;51;51;47;51;33;32;40;34;62;65;64;62
europe;2025-04-30T00:00:00+01:00;+;Spain;12;Madrid;18;City;1;New;1;Cat. A;1;24;20;21;25;37;40;41;37;54;49;52;53;30;26;33;30
europe;2025-04-30T00:00:00+01:00;+;Spain;12;Madrid;18;City;1;Preowend;2;Cat. A;1;10;11;10;11;54;49;57;54;54;55;58;56;14;13;15;13
europe;2025-04-30T00:00:00+01:00;+;Spain;12;Madrid;18;Suburb;2;New;1;Cat. A;1;17;20;19;17;53;54;51;54;29;26;26;31;13;15;10;12
europe;2025-04-30T00:00:00+01:00;+;Spain;12;Madrid;18;Suburb;2;Preowend;2;Cat. B;2;41;37;46;42;34;39;29;33;20;25;17;21;37;32;33;36
europe;2025-04-30T00:00:00+01:00;+;Spain;12;Madrid;18;Suburb;2;Preowend;2;Cat. B;2;59;64;57;58;53;49;46;53;32;31;37;31;63;57;64;64
europe;2025-05-31T00:00:00+01:00;+;Spain;12;Madrid;18;City;1;New;1;Cat. A;1;27;29;25;27;35;40;37;36;54;56;53;54;28;25;24;28
europe;2025-05-31T00:00:00+01:00;+;Spain;12;Madrid;18;City;1;Preowend;2;Cat. A;1;10;14;11;10;52;57;55;54;53;50;55;55;14;16;12;16
europe;2025-05-31T00:00:00+01:00;+;Spain;12;Madrid;18;Suburb;2;New;1;Cat. A;1;17;19;20;15;56;55;56;55;33;33;29;31;14;10;10;12
europe;2025-05-31T00:00:00+01:00;+;Spain;12;Madrid;18;Suburb;2;Preowend;2;Cat. B;2;35;38;34;35;39;44;45;40;20;21;22;20;37;40;35;35
europe;2025-05-31T00:00:00+01:00;+;Spain;12;Madrid;18;Suburb;2;Preowend;2;Cat. B;2;58;53;56;60;51;46;52;52;31;31;34;33;62;61;68;63
europe;2025-06-30T00:00:00+01:00;+;Spain;12;Madrid;18;City;1;New;1;Cat. A;1;24;19;20;23;37;37;42;37;54;54;59;55;24;24;29;26
europe;2025-06-30T00:00:00+01:00;+;Spain;12;Madrid;18;City;1;Preowend;2;Cat. A;1;11;14;12;11;53;55;57;55;58;59;54;56;10;14;12;11
europe;2025-06-30T00:00:00+01:00;+;Spain;12;Madrid;18;Suburb;2;New;1;Cat. A;1;15;17;15;14;55;55;55;54;31;32;31;31;15;20;15;16
europe;2025-06-30T00:00:00+01:00;+;Spain;12;Madrid;18;Suburb;2;Preowend;2;Cat. B;2;41;43;43;41;37;33;37;39;23;27;21;24;36;36;35;36
europe;2025-06-30T00:00:00+01:00;+;Spain;12;Madrid;18;Suburb;2;Preowend;2;Cat. B;2;64;61;65;64;53;55;55;51;27;22;29;28;62;59;61;63
europe;2025-07-31T00:00:00+01:00;+;Spain;12;Madrid;18;City;1;New;1;Cat. A;1;27;24;29;28;32;30;34;33;51;55;49;53;26;25;21;26
europe;2025-07-31T00:00:00+01:00;+;Spain;12;Madrid;18;City;1;Preowend;2;Cat. A;1;14;16;16;15;54;51;53;55;56;51;57;54;10;13;10;10
europe;2025-07-31T00:00:00+01:00;+;Spain;12;Madrid;18;Suburb;2;New;1;Cat. A;1;17;15;14;15;54;55;56;54;31;34;27;29;14;14;16;13
europe;2025-07-31T00:00:00+01:00;+;Spain;12;Madrid;18;Suburb;2;Preowend;2;Cat. B;2;37;31;39;36;36;32;37;37;19;16;16;19;39;36;40;38
europe;2025-07-31T00:00:00+01:00;+;Spain;12;Madrid;18;Suburb;2;Preowend;2;Cat. B;2;63;67;64;61;53;49;52;54;29;33;32;28;60;65;61;61
europe;2025-08-31T00:00:00+01:00;+;Spain;12;Madrid;18;City;1;New;1;Cat. A;1;25;21;25;24;34;37;32;34;51;51;51;53;25;23;22;24
europe;2025-08-31T00:00:00+01:00;+;Spain;12;Madrid;18;City;1;Preowend;2;Cat. A;1;13;14;10;14;51;47;50;50;53;49;54;52;14;17;12;12
europe;2025-08-31T00:00:00+01:00;+;Spain;12;Madrid;18;Suburb;2;New;1;Cat. A;1;17;19;14;17;54;49;55;54;36;39;31;35;13;10;14;13
europe;2025-08-31T00:00:00+01:00;+;Spain;12;Madrid;18;Suburb;2;Preowend;2;Cat. B;2;40;43;46;40;38;40;44;39;24;28;23;22;36;36;42;37
europe;2025-08-31T00:00:00+01:00;+;Spain;12;Madrid;18;Suburb;2;Preowend;2;Cat. B;2;57;57;59;59;54;48;49;52;33;33;34;33;61;56;59;63
europe;2025-09-30T00:00:00+01:00;+;Spain;12;Madrid;18;City;1;New;1;Cat. A;1;26;23;21;25;35;35;35;35;54;53;58;54;25;26;28;25
europe;2025-09-30T00:00:00+01:00;+;Spain;12;Madrid;18;City;1;Preowend;2;Cat. A;1;13;15;11;12;53;54;56;53;54;52;55;52;11;10;12;10
europe;2025-09-30T00:00:00+01:00;+;Spain;12;Madrid;18;Suburb;2;New;1;Cat. A;1;15;15;14;17;52;50;49;51;33;36;30;32;15;14;17;15
europe;2025-09-30T00:00:00+01:00;+;Spain;12;Madrid;18;Suburb;2;Preowend;2;Cat. B;2;38;39;36;40;37;38;39;38;24;26;29;25;35;32;33;34
europe;2025-09-30T00:00:00+01:00;+;Spain;12;Madrid;18;Suburb;2;Preowend;2;Cat. B;2;59;61;56;59;52;54;48;52;27;25;32;27;63;58;68;63
europe;2025-10-31T00:00:00+01:00;+;Spain;12;Madrid;18;City;1;New;1;Cat. A;1;24;25;22;24;36;39;34;35;56;56;53;57;26;27;29;26
europe;2025-10-31T00:00:00+01:00;+;Spain;12;Madrid;18;City;1;Preowend;2;Cat. A;1;13;11;12;14;56;58;56;55;52;55;55;52;16;17;16;15
europe;2025-10-31T00:00:00+01:00;+;Spain;12;Madrid;18;Suburb;2;New;1;Cat. A;1;17;20;12;17;53;57;57;53;32;37;37;33;17;12;20;16
europe;2025-10-31T00:00:00+01:00;+;Spain;12;Madrid;18;Suburb;2;Preowend;2;Cat. B;2;38;38;41;39;40;39;42;39;24;23;28;23;36;38;32;35
europe;2025-10-31T00:00:00+01:00;+;Spain;12;Madrid;18;Suburb;2;Preowend;2;Cat. B;2;64;65;58;62;56;60;57;54;31;31;30;31;56;53;58;58
europe;2025-11-30T00:00:00+01:00;+;Spain;12;Madrid;18;City;1;New;1;Cat. A;1;28;29;26;29;34;30;30;32;55;57;55;53;24;25;27;24
europe;2025-11-30T00:00:00+01:00;+;Spain;12;Madrid;18;City;1;Preowend;2;Cat. A;1;10;10;11;11;54;51;51;52;55;52;58;56;12;15;12;13
europe;2025-11-30T00:00:00+01:00;+;Spain;12;Madrid;18;Suburb;2;New;1;Cat. A;1;12;13;10;13;49;52;53;48;31;33;29;29;14;16;16;13
europe;2025-11-30T00:00:00+01:00;+;Spain;12;Madrid;18;Suburb;2;Preowend;2;Cat. B;2;37;36;41;38;35;39;37;33;22;20;20;22;40;39;34;38
europe;2025-11-30T00:00:00+01:00;+;Spain;12;Madrid;18;Suburb;2;Preowend;2;Cat. B;2;64;61;62;62;49;45;50;49;32;37;31;34;62;66;66;62
europe;2025-12-31T00:00:00+01:00;+;Spain;12;Madrid;18;City;1;New;1;Cat. A;1;27;28;23;26;38;39;39;38;54;57;59;54;24;27;22;23
europe;2025-12-31T00:00:00+01:00;+;Spain;12;Madrid;18;City;1;Preowend;2;Cat. A;1;15;16;18;13;57;55;52;55;55;58;51;54;12;11;13;12
europe;2025-12-31T00:00:00+01:00;+;Spain;12;Madrid;18;Suburb;2;New;1;Cat. A;1;19;19;16;19;52;54;55;52;32;34;34;30;17;15;16;15
europe;2025-12-31T00:00:00+01:00;+;Spain;12;Madrid;18;Suburb;2;Preowend;2;Cat. B;2;36;31;33;36;34;35;29;34;19;22;24;18;37;43;36;39
europe;2025-12-31T00:00:00+01:00;+;Spain;12;Madrid;18;Suburb;2;Preowend;2;Cat. B;2;59;57;61;60;52;58;46;51;35;33;33;34;58;60;60;56
europe;2026-01-31T00:00:00+01:00;+;Spain;12;Madrid;18;City;1;New;1;Cat. A;1;29;32;32;28;34;31;36;32;53;55;56;52;25;27;21;26
europe;2026-01-31T00:00:00+01:00;+;Spain;12;Madrid;18;City;1;Preowend;2;Cat. A;1;11;15;15;10;53;55;55;53;56;57;53;57;14;18;12;15
europe;2026-01-31T00:00:00+01:00;+;Spain;12;Madrid;18;Suburb;2;New;1;Cat. A;1;15;16;17;17;51;52;54;51;30;29;31;30;16;15;20;16
europe;2026-01-31T00:00:00+01:00;+;Spain;12;Madrid;18;Suburb;2;Preowend;2;Cat. B;2;35;34;32;36;35;29;36;35;20;19;21;21;42;44;40;41
europe;2026-01-31T00:00:00+01:00;+;Spain;12;Madrid;18;Suburb;2;Preowend;2;Cat. B;2;59;62;54;57;57;50;57;56;35;36;29;33;57;51;61;58
europe;2026-02-28T00:00:00+01:00;+;Spain;12;Madrid;18;City;1;New;1;Cat. A;1;28;26;33;30;33;32;28;33;53;52;54;52;25;26;26;27
europe;2026-02-28T00:00:00+01:00;+;Spain;12;Madrid;18;City;1;Preowend;2;Cat. A;1;10;11;10;10;56;53;52;57;56;59;52;54;15;15;18;14
europe;2026-02-28T00:00:00+01:00;+;Spain;12;Madrid;18;Suburb;2;New;1;Cat. A;1;14;13;12;13;50;51;54;50;33;32;30;34;19;14;15;18
europe;2026-02-28T00:00:00+01:00;+;Spain;12;Madrid;18;Suburb;2;Preowend;2;Cat. B;2;34;39;39;36;35;36;38;34;22;22;20;23;39;41;34;38
europe;2026-02-28T00:00:00+01:00;+;Spain;12;Madrid;18;Suburb;2;Preowend;2;Cat. B;2;62;62;56;61;51;55;55;52;28;29;25;27;62;66;61;63
europe;2026-03-31T00:00:00+01:00;+;Spain;12;Madrid;18;City;1;New;1;Cat. A;1;26;27;29;26;32;30;36;32;56;59;59;55;28;29;26;29
europe;2026-03-31T00:00:00+01:00;+;Spain;12;Madrid;18;City;1;Preowend;2;Cat. A;1;10;10;13;10;52;53;57;53;58;60;57;59;13;18;12;14
europe;2026-03-31T00:00:00+01:00;+;Spain;12;Madrid;18;Suburb;2;New;1;Cat. A;1;16;17;17;16;49;53;48;48;32;28;34;30;14;16;14;14
europe;2026-03-31T00:00:00+01:00;+;Spain;12;Madrid;18;Suburb;2;Preowend;2;Cat. B;2;35;36;31;36;39;45;44;40;22;24;27;23;35;32;34;35
europe;2026-03-31T00:00:00+01:00;+;Spain;12;Madrid;18;Suburb;2;Preowend;2;Cat. B;2;60;67;57;62;55;57;58;56;33;36;36;33;62;60;67;63
europe;2026-04-30T00:00:00+01:00;+;Spain;12;Madrid;18;City;1;New;1;Cat. A;1;25;27;26;24;37;32;40;36;56;57;53;57;29;24;24;29
europe;2026-04-30T00:00:00+01:00;+;Spain;12;Madrid;18;City;1;Preowend;2;Cat. A;1;13;10;12;13;57;58;57;57;54;56;56;54;10;10;10;10
europe;2026-04-30T00:00:00+01:00;+;Spain;12;Madrid;18;Suburb;2;New;1;Cat. A;1;13;15;11;13;51;48;48;49;32;29;31;34;15;17;13;14
europe;2026-04-30T00:00:00+01:00;+;Spain;12;Madrid;18;Suburb;2;Preowend;2;Cat. B;2;36;40;37;37;38;41;42;39;26;27;26;25;37;35;39;39
europe;2026-04-30T00:00:00+01:00;+;Spain;12;Madrid;18;Suburb;2;Preowend;2;Cat. B;2;58;54;62;58;54;54;56;55;31;25;25;32;63;68;62;62
europe;2026-05-31T00:00:00+01:00;+;Spain;12;Madrid;18;City;1;New;1;Cat. A;1;26;31;27;27;36;32;39;36;55;55;59;57;24;20;27;24
europe;2026-05-31T00:00:00+01:00;+;Spain;12;Madrid;18;City;1;Preowend;2;Cat. A;1;12;10;14;11;55;57;55;54;52;52;52;51;10;11;11;10
europe;2026-05-31T00:00:00+01:00;+;Spain;12;Madrid;18;Suburb;2;New;1;Cat. A;1;18;13;17;18;53;48;52;52;32;31;37;32;13;13;11;14
europe;2026-05-31T00:00:00+01:00;+;Spain;12;Madrid;18;Suburb;2;Preowend;2;Cat. B;2;36;33;41;36;37;33;41;36;25;22;24;26;36;39;34;38
europe;2026-05-31T00:00:00+01:00;+;Spain;12;Madrid;18;Suburb;2;Preowend;2;Cat. B;2;62;66;59;63;50;56;50;49;31;31;35;31;56;54;60;58
europe;2026-06-30T00:00:00+01:00;+;Spain;12;Madrid;18;City;1;New;1;Cat. A;1;29;26;25;28;34;36;37;34;51;55;50;51;29;30;31;28
europe;2026-06-30T00:00:00+01:00;+;Spain;12;Madrid;18;City;1;Preowend;2;Cat. A;1;10;10;13;10;55;55;58;55;57;55;62;59;12;14;12;12
europe;2026-06-30T00:00:00+01:00;+;Spain;12;Madrid;18;Suburb;2;New;1;Cat. A;1;14;16;17;15;52;50;50;52;35;33;36;36;11;10;10;11
europe;2026-06-30T00:00:00+01:00;+;Spain;12;Madrid;18;Suburb;2;Preowend;2;Cat. B;2;39;40;38;37;35;33;33;33;22;18;27;22;34;39;40;34
europe;2026-06-30T00:00:00+01:00;+;Spain;12;Madrid;18;Suburb;2;Preowend;2;Cat. B;2;60;56;64;60;55;59;61;56;29;34;24;27;63;58;60;62
europe;2026-07-31T00:00:00+01:00;+;Spain;12;Madrid;18;City;1;New;1;Cat. A;1;26;26;28;27;38;38;37;36;50;51;47;51;28;29;24;28
europe;2026-07-31T00:00:00+01:00;+;Spain;12;Madrid;18;City;1;Preowend;2;Cat. A;1;14;18;14;16;52;50;55;51;52;57;55;52;13;10;15;13
europe;2026-07-31T00:00:00+01:00;+;Spain;12;Madrid;18;Suburb;2;New;1;Cat. A;1;13;14;17;13;49;47;45;48;30;31;29;28;13;13;14;13
europe;2026-07-31T00:00:00+01:00;+;Spain;12;Madrid;18;Suburb;2;Preowend;2;Cat. B;2;35;37;36;35;39;34;41;37;23;25;26;23;42;44;41;41
europe;2026-07-31T00:00:00+01:00;+;Spain;12;Madrid;18;Suburb;2;Preowend;2;Cat. B;2;63;66;57;62;53;51;47;52;31;35;28;30;58;51;57;58
europe;2026-08-31T00:00:00+01:00;+;Spain;12;Madrid;18;City;1;New;1;Cat. A;1;23;25;27;23;35;37;33;33;55;55;52;57;27;25;29;26
europe;2026-08-31T00:00:00+01:00;+;Spain;12;Madrid;18;City;1;Preowend;2;Cat. A;1;10;12;13;10;55;52;57;55;56;52;58;55;13;18;17;15
europe;2026-08-31T00:00:00+01:00;+;Spain;12;Madrid;18;Suburb;2;New;1;Cat. A;1;19;17;15;17;56;53;58;56;32;36;29;32;14;11;10;12
europe;2026-08-31T00:00:00+01:00;+;Spain;12;Madrid;18;Suburb;2;Preowend;2;Cat. B;2;39;42;44;39;35;30;30;33;21;25;25;20;40;39;42;41
europe;2026-08-31T00:00:00+01:00;+;Spain;12;Madrid;18;Suburb;2;Preowend;2;Cat. B;2;63;62;58;64;57;58;52;56;32;39;27;34;61;61;57;61
europe;2026-09-30T00:00:00+01:00;+;Spain;12;Madrid;18;City;1;New;1;Cat. A;1;24;26;29;24;33;32;29;32;56;59;55;56;26;23;22;25
europe;2026-09-30T00:00:00+01:00;+;Spain;12;Madrid;18;City;1;Preowend;2;Cat. A;1;11;10;12;11;50;48;49;49;58;57;61;57;14;13;12;15
europe;2026-09-30T00:00:00+01:00;+;Spain;12;Madrid;18;Suburb;2;New;1;Cat. A;1;18;20;14;18;49;50;51;48;34;32;32;32;14;10;14;14
europe;2026-09-30T00:00:00+01:00;+;Spain;12;Madrid;18;Suburb;2;Preowend;2;Cat. B;2;40;44;37;39;34;33;31;34;23;24;24;21;40;46;36;40
europe;2026-09-30T00:00:00+01:00;+;Spain;12;Madrid;18;Suburb;2;Preowend;2;Cat. B;2;62;60;61;63;52;46;47;53;29;32;26;29;57;59;60;57
europe;2026-10-31T00:00:00+01:00;+;Spain;12;Madrid;18;City;1;New;1;Cat. A;1;24;24;25;22;34;34;32;32;56;55;53;55;27;28;25;26
europe;2026-10-31T00:00:00+01:00;+;Spain;12;Madrid;18;City;1;Preowend;2;Cat. A;1;10;10;12;10;49;53;48;50;55;53;58;56;12;14;13;12
europe;2026-10-31T00:00:00+01:00;+;Spain;12;Madrid;18;Suburb;2;New;1;Cat. A;1;15;10;14;13;49;53;53;50;28;30;28;29;18;15;15;18
europe;2026-10-31T00:00:00+01:00;+;Spain;12;Madrid;18;Suburb;2;Preowend;2;Cat. B;2;39;42;41;38;41;42;42;40;19;21;18;19;35;36;39;34
europe;2026-10-31T00:00:00+01:00;+;Spain;12;Madrid;18;Suburb;2;Preowend;2;Cat. B;2;61;55;55;61;52;57;53;50;32;34;32;32;58;52;58;57
asia;2020-01-31T00:00:00+01:00;+;South Korea;13;Seoul;19;City;1;New;1;Cat. A;1;23;26;23;23;32;32;31;33;54;51;58;56;29;27;32;30
asia;2020-01-31T00:00:00+01:00;+;South Korea;13;Seoul;19;City;1;Preowend;2;Cat. A;1;14;12;16;13;54;57;50;55;51;54;53;53;11;12;14;12
asia;2020-01-31T00:00:00+01:00;+;South Korea;13;Seoul;19;Suburb;2;New;1;Cat. A;1;16;14;18;18;52;57;54;52;32;35;34;33;17;12;17;16
asia;2020-01-31T00:00:00+01:00;+;South Korea;13;Seoul;19;Suburb;2;Preowend;2;Cat. B;2;35;39;34;35;39;37;42;38;24;25;27;24;39;38;40;40
asia;2020-01-31T00:00:00+01:00;+;South Korea;13;Seoul;19;Suburb;2;Preowend;2;Cat. B;2;59;53;54;59;54;55;55;55;34;28;34;34;61;64;62;60
asia;2020-02-29T00:00:00+01:00;+;South Korea;13;Seoul;19;City;1;New;1;Cat. A;1;27;23;25;26;35;33;38;35;53;50;50;52;29;26;27;29
asia;2020-02-29T00:00:00+01:00;+;South Korea;13;Seoul;19;City;1;Preowend;2;Cat. A;1;11;10;10;10;57;60;54;56;53;55;56;54;14;10;13;12
asia;2020-02-29T00:00:00+01:00;+;South Korea;13;Seoul;19;Suburb;2;New;1;Cat. A;1;11;16;13;12;50;50;50;49;36;39;39;35;18;18;16;18
asia;2020-02-29T00:00:00+01:00;+;South Korea;13;Seoul;19;Suburb;2;Preowend;2;Cat. B;2;36;36;35;35;39;40;39;40;20;25;18;22;37;35;33;35
asia;2020-02-29T00:00:00+01:00;+;South Korea;13;Seoul;19;Suburb;2;Preowend;2;Cat. B;2;62;59;60;62;54;54;58;54;33;31;32;32;61;64;67;61
asia;2020-03-31T00:00:00+01:00;+;South Korea;13;Seoul;19;City;1;New;1;Cat. A;1;28;31;32;27;35;34;31;33;53;56;51;53;24;22;20;25
asia;2020-03-31T00:00:00+01:00;+;South Korea;13;Seoul;19;City;1;Preowend;2;Cat. A;1;14;13;16;13;55;52;57;54;55;51;57;53;13;18;11;14
asia;2020-03-31T00:00:00+01:00;+;South Korea;13;Seoul;19;Suburb;2;New;1;Cat. A;1;11;15;13;11;52;48;51;53;34;32;33;32;17;15;22;18
asia;2020-03-31T00:00:00+01:00;+;South Korea;13;Seoul;19;Suburb;2;Preowend;2;Cat. B;2;40;38;42;40;40;43;42;38;20;19;20;18;40;40;39;39
asia;2020-03-31T00:00:00+01:00;+;South Korea;13;Seoul;19;Suburb;2;Preowend;2;Cat. B;2;59;57;60;60;49;47;55;50;31;30;36;30;59;55;65;60
asia;2020-04-30T00:00:00+01:00;+;South Korea;13;Seoul;19;City;1;New;1;Cat. A;1;27;23;24;25;37;40;41;37;53;56;51;53;24;24;26;23
asia;2020-04-30T00:00:00+01:00;+;South Korea;13;Seoul;19;City;1;Preowend;2;Cat. A;1;12;12;11;13;53;57;56;52;57;57;60;58;14;16;12;12
asia;2020-04-30T00:00:00+01:00;+;South Korea;13;Seoul;19;Suburb;2;New;1;Cat. A;1;18;21;15;19;50;49;51;48;30;29;26;29;14;17;11;15
asia;2020-04-30T00:00:00+01:00;+;South Korea;13;Seoul;19;Suburb;2;Preowend;2;Cat. B;2;41;41;39;41;37;38;32;36;24;27;18;23;37;42;33;37
asia;2020-04-30T00:00:00+01:00;+;South Korea;13;Seoul;19;Suburb;2;Preowend;2;Cat. B;2;59;55;53;59;53;53;57;53;32;31;31;34;59;53;60;57
asia;2020-05-31T00:00:00+01:00;+;South Korea;13;Seoul;19;City;1;New;1;Cat. A;1;28;27;33;29;37;37;37;38;53;53;49;53;30;30;27;28
asia;2020-05-31T00:00:00+01:00;+;South Korea;13;Seoul;19;City;1;Preowend;2;Cat. A;1;10;12;11;10;53;53;52;55;53;53;58;55;12;15;15;12
asia;2020-05-31T00:00:00+01:00;+;South Korea;13;Seoul;19;Suburb;2;New;1;Cat. A;1;15;18;19;15;53;52;50;54;35;35;36;34;18;22;19;17
asia;2020-05-31T00:00:00+01:00;+;South Korea;13;Seoul;19;Suburb;2;Preowend;2;Cat. B;2;39;38;37;41;35;34;35;35;18;16;15;19;41;36;36;39
asia;2020-05-31T00:00:00+01:00;+;South Korea;13;Seoul;19;Suburb;2;Preowend;2;Cat. B;2;62;60;58;62;54;55;56;52;34;29;32;33;59;58;64;59
asia;2020-06-30T00:00:00+01:00;+;South Korea;13;Seoul;19;City;1;New;1;Cat. A;1;30;28;28;28;33;33;28;31;56;57;58;57;22;27;22;24
asia;2020-06-30T00:00:00+01:00;+;South Korea;13;Seoul;19;City;1;Preowend;2;Cat. A;1;14;10;17;12;51;49;50;49;53;48;49;51;16;18;16;16
asia;2020-06-30T00:00:00+01:00;+;South Korea;13;Seoul;19;Suburb;2;New;1;Cat. A;1;15;14;17;16;50;49;54;49;32;29;33;31;17;14;21;16
asia;2020-06-30T00:00:00+01:00;+;South Korea;13;Seoul;19;Suburb;2;Preowend;2;Cat. B;2;38;41;33;37;40;42;36;40;21;23;25;22;40;45;42;39
asia;2020-06-30T00:00:00+01:00;+;South Korea;13;Seoul;19;Suburb;2;Preowend;2;Cat. B;2;61;58;56;61;54;52;49;52;31;31;34;29;63;64;65;64
asia;2020-07-31T00:00:00+01:00;+;South Korea;13;Seoul;19;City;1;New;1;Cat. A;1;28;30;25;29;31;29;33;31;51;50;53;50;23;26;27;24
asia;2020-07-31T00:00:00+01:00;+;South Korea;13;Seoul;19;City;1;Preowend;2;Cat. A;1;16;15;17;15;55;57;58;56;58;56;61;57;12;13;16;13
asia;2020-07-31T00:00:00+01:00;+;South Korea;13;Seoul;19;Suburb;2;New;1;Cat. A;1;12;10;10;13;55;50;52;54;31;31;28;30;13;10;10;13
asia;2020-07-31T00:00:00+01:00;+;South Korea;13;Seoul;19;Suburb;2;Preowend;2;Cat. B;2;41;39;40;42;38;40;41;38;26;25;28;26;37;33;39;37
asia;2020-07-31T00:00:00+01:00;+;South Korea;13;Seoul;19;Suburb;2;Preowend;2;Cat. B;2;60;61;61;59;52;49;55;54;30;35;26;30;63;59;61;64
asia;2020-08-31T00:00:00+01:00;+;South Korea;13;Seoul;19;City;1;New;1;Cat. A;1;27;29;30;27;36;38;38;36;56;61;53;57;23;26;25;24
asia;2020-08-31T00:00:00+01:00;+;South Korea;13;Seoul;19;City;1;Preowend;2;Cat. A;1;14;10;10;15;51;50;53;52;59;54;59;58;10;13;12;11
asia;2020-08-31T00:00:00+01:00;+;South Korea;13;Seoul;19;Suburb;2;New;1;Cat. A;1;14;14;14;16;51;48;48;51;28;30;27;28;18;18;13;17
asia;2020-08-31T00:00:00+01:00;+;South Korea;13;Seoul;19;Suburb;2;Preowend;2;Cat. B;2;41;41;39;39;41;42;44;39;22;23;26;22;39;43;35;39
asia;2020-08-31T00:00:00+01:00;+;South Korea;13;Seoul;19;Suburb;2;Preowend;2;Cat. B;2;57;58;59;58;55;51;58;55;33;33;30;33;59;64;53;59
asia;2020-09-30T00:00:00+01:00;+;South Korea;13;Seoul;19;City;1;New;1;Cat. A;1;24;26;23;25;35;31;31;35;53;53;50;54;24;26;25;22
asia;2020-09-30T00:00:00+01:00;+;South Korea;13;Seoul;19;City;1;Preowend;2;Cat. A;1;11;15;11;11;57;60;57;55;52;54;52;53;15;17;18;13
asia;2020-09-30T00:00:00+01:00;+;South Korea;13;Seoul;19;Suburb;2;New;1;Cat. A;1;11;15;11;13;55;57;54;55;35;36;30;35;15;17;19;15
asia;2020-09-30T00:00:00+01:00;+;South Korea;13;Seoul;19;Suburb;2;Preowend;2;Cat. B;2;36;37;37;36;34;40;33;35;24;23;29;23;40;45;44;39
asia;2020-09-30T00:00:00+01:00;+;South Korea;13;Seoul;19;Suburb;2;Preowend;2;Cat. B;2;59;54;57;60;51;52;53;51;28;32;22;27;57;56;54;57
asia;2020-10-31T00:00:00+01:00;+;South Korea;13;Seoul;19;City;1;New;1;Cat. A;1;26;29;23;26;37;41;34;37;56;58;57;56;25;26;22;25
asia;2020-10-31T00:00:00+01:00;+;South Korea;13;Seoul;19;City;1;Preowend;2;Cat. A;1;14;12;19;14;56;59;55;55;57;57;55;58;10;12;10;10
asia;2020-10-31T00:00:00+01:00;+;South Korea;13;Seoul;19;Suburb;2;New;1;Cat. A;1;12;13;16;13;50;46;53;51;29;26;30;30;13;16;12;13
asia;2020-10-31T00:00:00+01:00;+;South Korea;13;Seoul;19;Suburb;2;Preowend;2;Cat. B;2;42;41;40;40;36;39;30;36;22;16;26;20;38;41;39;38
asia;2020-10-31T00:00:00+01:00;+;South Korea;13;Seoul;19;Suburb;2;Preowend;2;Cat. B;2;63;57;64;61;55;55;49;55;30;28;25;29;63;60;59;63
asia;2020-11-30T00:00:00+01:00;+;South Korea;13;Seoul;19;City;1;New;1;Cat. A;1;29;30;24;28;33;37;37;35;57;58;59;56;28;29;33;28
asia;2020-11-30T00:00:00+01:00;+;South Korea;13;Seoul;19;City;1;Preowend;2;Cat. A;1;12;12;14;12;52;49;51;54;56;54;52;56;13;14;15;15
asia;2020-11-30T00:00:00+01:00;+;South Korea;13;Seoul;19;Suburb;2;New;1;Cat. A;1;13;10;14;12;49;52;47;49;29;31;30;29;12;15;14;12
asia;2020-11-30T00:00:00+01:00;+;South Korea;13;Seoul;19;Suburb;2;Preowend;2;Cat. B;2;37;33;33;39;38;41;42;36;24;27;23;25;40;36;34;39
asia;2020-11-30T00:00:00+01:00;+;South Korea;13;Seoul;19;Suburb;2;Preowend;2;Cat. B;2;60;56;60;60;54;48;47;54;33;32;38;32;60;60;54;58
asia;2020-12-31T00:00:00+01:00;+;South Korea;13;Seoul;19;City;1;New;1;Cat. A;1;28;28;31;28;32;35;32;34;51;52;51;52;28;31;27;28
asia;2020-12-31T00:00:00+01:00;+;South Korea;13;Seoul;19;City;1;Preowend;2;Cat. A;1;11;10;12;12;53;55;49;51;53;51;54;54;13;12;15;14
asia;2020-12-31T00:00:00+01:00;+;South Korea;13;Seoul;19;Suburb;2;New;1;Cat. A;1;14;12;19;14;53;55;53;54;33;29;29;33;15;16;14;14
asia;2020-12-31T00:00:00+01:00;+;South Korea;13;Seoul;19;Suburb;2;Preowend;2;Cat. B;2;39;44;37;40;35;39;38;36;20;17;16;20;40;42;40;38
asia;2020-12-31T00:00:00+01:00;+;South Korea;13;Seoul;19;Suburb;2;Preowend;2;Cat. B;2;58;60;57;60;50;50;48;50;31;36;28;31;57;57;53;57
asia;2021-01-31T00:00:00+01:00;+;South Korea;13;Seoul;19;City;1;New;1;Cat. A;1;29;31;24;27;34;31;34;34;56;60;57;56;25;27;26;23
asia;2021-01-31T00:00:00+01:00;+;South Korea;13;Seoul;19;City;1;Preowend;2;Cat. A;1;13;16;15;12;50;47;48;49;55;52;54;55;10;10;15;11
asia;2021-01-31T00:00:00+01:00;+;South Korea;13;Seoul;19;Suburb;2;New;1;Cat. A;1;17;12;20;17;53;56;51;53;33;30;34;32;13;10;15;13
asia;2021-01-31T00:00:00+01:00;+;South Korea;13;Seoul;19;Suburb;2;Preowend;2;Cat. B;2;38;34;35;39;35;39;36;34;26;24;29;26;36;37;32;38
asia;2021-01-31T00:00:00+01:00;+;South Korea;13;Seoul;19;Suburb;2;Preowend;2;Cat. B;2;62;67;64;60;52;47;59;54;30;29;36;29;63;57;64;63
asia;2021-02-28T00:00:00+01:00;+;South Korea;13;Seoul;19;City;1;New;1;Cat. A;1;25;25;28;25;31;31;30;32;54;54;52;53;25;28;27;26
asia;2021-02-28T00:00:00+01:00;+;South Korea;13;Seoul;19;City;1;Preowend;2;Cat. A;1;14;16;12;15;53;51;55;52;57;60;57;58;14;15;10;13
asia;2021-02-28T00:00:00+01:00;+;South Korea;13;Seoul;19;Suburb;2;New;1;Cat. A;1;18;20;15;17;52;52;54;52;32;31;36;34;14;17;10;13
asia;2021-02-28T00:00:00+01:00;+;South Korea;13;Seoul;19;Suburb;2;Preowend;2;Cat. B;2;38;37;35;37;38;36;35;38;19;18;23;18;42;37;36;42
asia;2021-02-28T00:00:00+01:00;+;South Korea;13;Seoul;19;Suburb;2;Preowend;2;Cat. B;2;56;58;61;58;55;52;53;54;32;26;37;32;59;55;65;61
asia;2021-03-31T00:00:00+01:00;+;South Korea;13;Seoul;19;City;1;New;1;Cat. A;1;26;22;23;26;34;33;34;34;58;60;60;58;24;25;22;23
asia;2021-03-31T00:00:00+01:00;+;South Korea;13;Seoul;19;City;1;Preowend;2;Cat. A;1;10;10;12;11;49;46;52;49;56;55;60;57;14;15;16;13
asia;2021-03-31T00:00:00+01:00;+;South Korea;13;Seoul;19;Suburb;2;New;1;Cat. A;1;17;18;16;15;54;53;51;54;32;29;32;32;13;17;12;15
asia;2021-03-31T00:00:00+01:00;+;South Korea;13;Seoul;19;Suburb;2;Preowend;2;Cat. B;2;37;34;32;36;37;34;39;37;24;21;22;24;41;42;42;40
asia;2021-03-31T00:00:00+01:00;+;South Korea;13;Seoul;19;Suburb;2;Preowend;2;Cat. B;2;56;54;55;58;56;50;55;55;30;35;36;31;61;62;66;62
asia;2021-04-30T00:00:00+01:00;+;South Korea;13;Seoul;19;City;1;New;1;Cat. A;1;26;30;29;27;38;40;36;38;54;59;51;55;26;26;29;24
asia;2021-04-30T00:00:00+01:00;+;South Korea;13;Seoul;19;City;1;Preowend;2;Cat. A;1;10;14;12;11;56;57;51;54;55;54;58;55;12;11;16;11
asia;2021-04-30T00:00:00+01:00;+;South Korea;13;Seoul;19;Suburb;2;New;1;Cat. A;1;17;19;14;16;55;56;56;55;32;32;34;30;17;15;16;17
asia;2021-04-30T00:00:00+01:00;+;South Korea;13;Seoul;19;Suburb;2;Preowend;2;Cat. B;2;39;37;38;39;35;36;30;34;24;23;22;23;39;33;33;38
asia;2021-04-30T00:00:00+01:00;+;South Korea;13;Seoul;19;Suburb;2;Preowend;2;Cat. B;2;58;61;53;58;52;52;47;53;32;28;35;32;58;56;57;58
asia;2021-05-31T00:00:00+01:00;+;South Korea;13;Seoul;19;City;1;New;1;Cat. A;1;29;27;33;30;33;29;28;32;57;54;54;58;28;24;31;26
asia;2021-05-31T00:00:00+01:00;+;South Korea;13;Seoul;19;City;1;Preowend;2;Cat. A;1;12;12;14;12;51;50;53;51;53;50;51;54;14;15;12;13
asia;2021-05-31T00:00:00+01:00;+;South Korea;13;Seoul;19;Suburb;2;New;1;Cat. A;1;17;17;21;18;50;54;48;49;32;33;34;32;16;14;13;16
asia;2021-05-31T00:00:00+01:00;+;South Korea;13;Seoul;19;Suburb;2;Preowend;2;Cat. B;2;38;39;39;38;41;45;40;39;20;17;15;21;37;32;32;36
asia;2021-05-31T00:00:00+01:00;+;South Korea;13;Seoul;19;Suburb;2;Preowend;2;Cat. B;2;59;53;59;58;54;57;49;54;33;38;39;35;59;56;58;58
asia;2021-06-30T00:00:00+01:00;+;South Korea;13;Seoul;19;City;1;New;1;Cat. A;1;28;29;29;27;37;41;35;38;55;58;54;56;30;32;30;30
asia;2021-06-30T00:00:00+01:00;+;South Korea;13;Seoul;19;City;1;Preowend;2;Cat. A;1;11;10;16;12;56;54;60;57;53;52;50;54;12;11;15;11
asia;2021-06-30T00:00:00+01:00;+;South Korea;13;Seoul;19;Suburb;2;New;1;Cat. A;1;17;22;18;17;54;56;58;53;31;26;31;30;13;16;13;11
asia;2021-06-30T00:00:00+01:00;+;South Korea;13;Seoul;19;Suburb;2;Preowend;2;Cat. B;2;35;34;39;36;39;42;40;39;25;28;28;25;36;40;38;36
asia;2021-06-30T00:00:00+01:00;+;South Korea;13;Seoul;19;Suburb;2;Preowend;2;Cat. B;2;59;64;63;59;53;48;57;52;31;35;27;29;59;61;62;58
asia;2021-07-31T00:00:00+01:00;+;South Korea;13;Seoul;19;City;1;New;1;Cat. A;1;28;27;31;29;37;35;34;38;52;56;52;53;25;27;30;26
asia;2021-07-31T00:00:00+01:00;+;South Korea;13;Seoul;19;City;1;Preowend;2;Cat. A;1;13;13;16;14;54;57;57;55;56;54;54;57;14;18;18;14
asia;2021-07-31T00:00:00+01:00;+;South Korea;13;Seoul;19;Suburb;2;New;1;Cat. A;1;16;16;20;17;52;51;57;53;34;37;32;34;16;16;12;17
asia;2021-07-31T00:00:00+01:00;+;South Korea;13;Seoul;19;Suburb;2;Preowend;2;Cat. B;2;36;35;35;36;33;31;31;35;21;16;20;21;36;34;39;36
asia;2021-07-31T00:00:00+01:00;+;South Korea;13;Seoul;19;Suburb;2;Preowend;2;Cat. B;2;56;57;58;58;54;57;55;54;30;31;35;31;56;63;53;58
asia;2021-08-31T00:00:00+01:00;+;South Korea;13;Seoul;19;City;1;New;1;Cat. A;1;29;31;26;29;35;32;37;35;56;59;58;58;25;29;26;27
asia;2021-08-31T00:00:00+01:00;+;South Korea;13;Seoul;19;City;1;Preowend;2;Cat. A;1;10;10;13;10;55;60;53;55;54;57;49;54;15;13;17;15
asia;2021-08-31T00:00:00+01:00;+;South Korea;13;Seoul;19;Suburb;2;New;1;Cat. A;1;11;10;12;11;48;52;46;50;35;35;36;35;15;19;12;16
asia;2021-08-31T00:00:00+01:00;+;South Korea;13;Seoul;19;Suburb;2;Preowend;2;Cat. B;2;39;38;39;38;34;31;31;36;21;21;19;21;35;31;32;35
asia;2021-08-31T00:00:00+01:00;+;South Korea;13;Seoul;19;Suburb;2;Preowend;2;Cat. B;2;61;59;56;59;56;49;53;55;28;28;25;29;57;55;57;56
asia;2021-09-30T00:00:00+01:00;+;South Korea;13;Seoul;19;City;1;New;1;Cat. A;1;24;22;26;24;34;35;30;33;51;53;55;53;29;26;32;28
asia;2021-09-30T00:00:00+01:00;+;South Korea;13;Seoul;19;City;1;Preowend;2;Cat. A;1;12;16;10;11;56;53;55;56;53;56;50;54;10;10;10;10
asia;2021-09-30T00:00:00+01:00;+;South Korea;13;Seoul;19;Suburb;2;New;1;Cat. A;1;17;18;20;16;49;46;53;51;35;33;31;34;13;13;13;14
asia;2021-09-30T00:00:00+01:00;+;South Korea;13;Seoul;19;Suburb;2;Preowend;2;Cat. B;2;37;42;41;38;35;33;39;37;24;24;21;25;41;36;37;41
asia;2021-09-30T00:00:00+01:00;+;South Korea;13;Seoul;19;Suburb;2;Preowend;2;Cat. B;2;62;63;67;61;53;51;56;52;32;32;29;30;59;57;57;57
asia;2021-10-31T00:00:00+01:00;+;South Korea;13;Seoul;19;City;1;New;1;Cat. A;1;27;24;22;27;36;32;32;37;52;55;57;54;24;26;25;24
asia;2021-10-31T00:00:00+01:00;+;South Korea;13;Seoul;19;City;1;Preowend;2;Cat. A;1;10;13;10;10;56;53;57;56;58;58;59;56;15;10;11;14
asia;2021-10-31T00:00:00+01:00;+;South Korea;13;Seoul;19;Suburb;2;New;1;Cat. A;1;13;10;14;15;51;51;49;49;33;32;31;31;12;13;10;12
asia;2021-10-31T00:00:00+01:00;+;South Korea;13;Seoul;19;Suburb;2;Preowend;2;Cat. B;2;37;33;36;39;39;35;38;40;25;26;21;25;38;44;43;40
asia;2021-10-31T00:00:00+01:00;+;South Korea;13;Seoul;19;Suburb;2;Preowend;2;Cat. B;2;61;65;58;63;53;50;52;55;31;34;37;32;57;62;52;59
asia;2021-11-30T00:00:00+01:00;+;South Korea;13;Seoul;19;City;1;New;1;Cat. A;1;29;32;31;27;36;32;37;36;55;55;52;56;26;28;28;25
asia;2021-11-30T00:00:00+01:00;+;South Korea;13;Seoul;19;City;1;Preowend;2;Cat. A;1;12;10;13;13;57;59;57;55;52;51;53;51;15;10;13;15
asia;2021-11-30T00:00:00+01:00;+;South Korea;13;Seoul;19;Suburb;2;New;1;Cat. A;1;14;16;15;14;50;46;45;49;30;26;31;30;12;10;16;12
asia;2021-11-30T00:00:00+01:00;+;South Korea;13;Seoul;19;Suburb;2;Preowend;2;Cat. B;2;37;40;35;36;41;44;42;39;20;21;23;18;40;36;36;41
asia;2021-11-30T00:00:00+01:00;+;South Korea;13;Seoul;19;Suburb;2;Preowend;2;Cat. B;2;58;53;65;59;55;54;59;57;33;28;28;34;56;59;51;57
asia;2021-12-31T00:00:00+01:00;+;South Korea;13;Seoul;19;City;1;New;1;Cat. A;1;30;31;28;30;36;31;38;35;54;56;51;54;24;19;26;24
asia;2021-12-31T00:00:00+01:00;+;South Korea;13;Seoul;19;City;1;Preowend;2;Cat. A;1;10;10;10;12;53;52;58;54;53;55;56;54;10;12;10;10
asia;2021-12-31T00:00:00+01:00;+;South Korea;13;Seoul;19;Suburb;2;New;1;Cat. A;1;12;13;15;14;56;56;55;56;30;27;27;29;12;13;12;12
asia;2021-12-31T00:00:00+01:00;+;South Korea;13;Seoul;19;Suburb;2;Preowend;2;Cat. B;2;36;32;30;34;39;41;33;38;23;21;21;24;39;36;40;39
asia;2021-12-31T00:00:00+01:00;+;South Korea;13;Seoul;19;Suburb;2;Preowend;2;Cat. B;2;62;65;67;62;54;56;52;54;33;33;32;32;61;63;68;61
asia;2022-01-31T00:00:00+01:00;+;South Korea;13;Seoul;19;City;1;New;1;Cat. A;1;25;25;29;27;32;32;36;34;51;53;50;51;27;24;29;27
asia;2022-01-31T00:00:00+01:00;+;South Korea;13;Seoul;19;City;1;Preowend;2;Cat. A;1;10;10;10;10;51;53;48;51;51;51;52;51;12;13;11;13
asia;2022-01-31T00:00:00+01:00;+;South Korea;13;Seoul;19;Suburb;2;New;1;Cat. A;1;17;14;16;18;52;49;51;53;31;27;31;29;13;16;12;13
asia;2022-01-31T00:00:00+01:00;+;South Korea;13;Seoul;19;Suburb;2;Preowend;2;Cat. B;2;42;45;42;42;35;32;33;35;23;22;27;24;37;36;36;37
asia;2022-01-31T00:00:00+01:00;+;South Korea;13;Seoul;19;Suburb;2;Preowend;2;Cat. B;2;61;63;57;61;55;61;51;55;28;23;33;29;56;59;60;57
asia;2022-02-28T00:00:00+01:00;+;South Korea;13;Seoul;19;City;1;New;1;Cat. A;1;24;21;22;25;37;41;38;37;52;54;49;51;30;30;33;30
asia;2022-02-28T00:00:00+01:00;+;South Korea;13;Seoul;19;City;1;Preowend;2;Cat. A;1;12;14;10;11;54;54;58;54;55;54;55;55;12;10;13;12
asia;2022-02-28T00:00:00+01:00;+;South Korea;13;Seoul;19;Suburb;2;New;1;Cat. A;1;15;16;19;17;49;48;45;49;31;31;32;30;18;20;20;18
asia;2022-02-28T00:00:00+01:00;+;South Korea;13;Seoul;19;Suburb;2;Preowend;2;Cat. B;2;41;36;38;41;36;36;42;36;21;17;20;22;38;40;42;36
asia;2022-02-28T00:00:00+01:00;+;South Korea;13;Seoul;19;Suburb;2;Preowend;2;Cat. B;2;62;58;62;62;53;49;51;51;30;28;27;29;58;63;61;57
asia;2022-03-31T00:00:00+01:00;+;South Korea;13;Seoul;19;City;1;New;1;Cat. A;1;25;28;24;23;37;37;38;37;55;51;58;56;25;22;26;23
asia;2022-03-31T00:00:00+01:00;+;South Korea;13;Seoul;19;City;1;Preowend;2;Cat. A;1;10;10;14;11;56;58;58;55;56;58;56;57;11;12;10;10
asia;2022-03-31T00:00:00+01:00;+;South Korea;13;Seoul;19;Suburb;2;New;1;Cat. A;1;15;13;13;15;56;51;58;56;33;34;32;33;12;14;16;12
asia;2022-03-31T00:00:00+01:00;+;South Korea;13;Seoul;19;Suburb;2;Preowend;2;Cat. B;2;36;34;34;37;39;43;42;39;20;20;20;18;39;35;42;39
asia;2022-03-31T00:00:00+01:00;+;South Korea;13;Seoul;19;Suburb;2;Preowend;2;Cat. B;2;59;59;62;58;52;49;48;54;29;24;22;29;60;60;53;58
asia;2022-04-30T00:00:00+01:00;+;South Korea;13;Seoul;19;City;1;New;1;Cat. A;1;23;23;24;25;33;29;35;31;54;58;50;53;25;27;27;24
asia;2022-04-30T00:00:00+01:00;+;South Korea;13;Seoul;19;City;1;Preowend;2;Cat. A;1;10;10;11;10;50;50;51;51;57;59;54;57;13;12;11;13
asia;2022-04-30T00:00:00+01:00;+;South Korea;13;Seoul;19;Suburb;2;New;1;Cat. A;1;16;13;15;17;53;56;53;55;32;35;35;32;15;10;11;14
asia;2022-04-30T00:00:00+01:00;+;South Korea;13;Seoul;19;Suburb;2;Preowend;2;Cat. B;2;41;39;41;41;36;38;35;36;22;22;23;21;41;37;44;39
asia;2022-04-30T00:00:00+01:00;+;South Korea;13;Seoul;19;Suburb;2;Preowend;2;Cat. B;2;59;58;64;61;55;59;50;56;29;33;25;28;58;64;60;57
asia;2022-05-31T00:00:00+01:00;+;South Korea;13;Seoul;19;City;1;New;1;Cat. A;1;26;26;27;25;31;32;31;33;56;60;53;56;24;26;25;23
asia;2022-05-31T00:00:00+01:00;+;South Korea;13;Seoul;19;City;1;Preowend;2;Cat. A;1;14;10;10;14;52;51;54;54;59;61;61;58;10;10;14;11
asia;2022-05-31T00:00:00+01:00;+;South Korea;13;Seoul;19;Suburb;2;New;1;Cat. A;1;13;13;11;12;53;51;52;54;31;36;34;31;12;10;13;12
asia;2022-05-31T00:00:00+01:00;+;South Korea;13;Seoul;19;Suburb;2;Preowend;2;Cat. B;2;39;33;43;39;35;38;31;37;21;25;25;21;37;32;37;37
asia;2022-05-31T00:00:00+01:00;+;South Korea;13;Seoul;19;Suburb;2;Preowend;2;Cat. B;2;58;53;65;59;52;50;52;52;27;23;22;28;60;55;60;60
asia;2022-06-30T00:00:00+01:00;+;South Korea;13;Seoul;19;City;1;New;1;Cat. A;1;27;26;26;27;37;41;34;37;51;55;50;52;23;28;26;24
asia;2022-06-30T00:00:00+01:00;+;South Korea;13;Seoul;19;City;1;Preowend;2;Cat. A;1;10;10;10;10;51;52;47;51;52;56;52;52;10;10;10;10
asia;2022-06-30T00:00:00+01:00;+;South Korea;13;Seoul;19;Suburb;2;New;1;Cat. A;1;13;15;10;13;51;48;50;49;33;33;34;33;15;12;15;13
asia;2022-06-30T00:00:00+01:00;+;South Korea;13;Seoul;19;Suburb;2;Preowend;2;Cat. B;2;41;42;36;40;39;44;44;40;24;27;29;25;36;40;41;38
asia;2022-06-30T00:00:00+01:00;+;South Korea;13;Seoul;19;Suburb;2;Preowend;2;Cat. B;2;56;55;54;58;51;57;48;52;27;22;24;28;61;59;58;60
asia;2022-07-31T00:00:00+01:00;+;South Korea;13;Seoul;19;City;1;New;1;Cat. A;1;25;29;27;25;33;34;29;34;56;56;52;55;24;24;24;22
asia;2022-07-31T00:00:00+01:00;+;South Korea;13;Seoul;19;City;1;Preowend;2;Cat. A;1;10;10;12;11;54;52;57;55;51;49;55;51;13;10;12;13
asia;2022-07-31T00:00:00+01:00;+;South Korea;13;Seoul;19;Suburb;2;New;1;Cat. A;1;14;12;12;14;48;51;52;49;29;29;29;30;15;15;16;16
asia;2022-07-31T00:00:00+01:00;+;South Korea;13;Seoul;19;Suburb;2;Preowend;2;Cat. B;2;39;41;35;39;37;38;34;37;24;25;27;25;37;37;33;36
asia;2022-07-31T00:00:00+01:00;+;South Korea;13;Seoul;19;Suburb;2;Preowend;2;Cat. B;2;56;63;55;58;57;52;58;57;30;29;31;31;60;61;58;60
asia;2022-08-31T00:00:00+01:00;+;South Korea;13;Seoul;19;City;1;New;1;Cat. A;1;27;25;30;26;35;35;32;35;55;55;57;54;23;25;24;23
asia;2022-08-31T00:00:00+01:00;+;South Korea;13;Seoul;19;City;1;Preowend;2;Cat. A;1;11;14;10;11;52;50;51;52;57;58;61;58;13;14;10;14
asia;2022-08-31T00:00:00+01:00;+;South Korea;13;Seoul;19;Suburb;2;New;1;Cat. A;1;14;18;11;15;53;48;50;52;35;37;32;34;12;11;10;12
asia;2022-08-31T00:00:00+01:00;+;South Korea;13;Seoul;19;Suburb;2;Preowend;2;Cat. B;2;41;42;45;40;35;32;35;33;24;23;23;25;41;45;41;41
asia;2022-08-31T00:00:00+01:00;+;South Korea;13;Seoul;19;Suburb;2;Preowend;2;Cat. B;2;60;54;54;60;56;61;61;55;30;29;36;30;64;63;68;63
asia;2022-09-30T00:00:00+01:00;+;South Korea;13;Seoul;19;City;1;New;1;Cat. A;1;22;20;20;24;33;37;35;34;57;59;55;56;26;24;24;25
asia;2022-09-30T00:00:00+01:00;+;South Korea;13;Seoul;19;City;1;Preowend;2;Cat. A;1;12;11;10;11;50;49;50;51;56;59;53;57;10;10;10;10
asia;2022-09-30T00:00:00+01:00;+;South Korea;13;Seoul;19;Suburb;2;New;1;Cat. A;1;15;11;14;15;49;46;45;48;31;27;27;30;11;16;10;12
asia;2022-09-30T00:00:00+01:00;+;South Korea;13;Seoul;19;Suburb;2;Preowend;2;Cat. B;2;39;41;39;40;38;38;38;39;25;25;23;25;38;38;38;38
asia;2022-09-30T00:00:00+01:00;+;South Korea;13;Seoul;19;Suburb;2;Preowend;2;Cat. B;2;56;51;58;58;52;57;48;51;35;29;36;34;60;65;56;59
asia;2022-10-31T00:00:00+01:00;+;South Korea;13;Seoul;19;City;1;New;1;Cat. A;1;26;30;28;27;35;32;37;35;57;57;52;57;28;31;27;29
asia;2022-10-31T00:00:00+01:00;+;South Korea;13;Seoul;19;City;1;Preowend;2;Cat. A;1;11;13;14;12;54;50;55;53;58;56;55;58;14;17;10;12
asia;2022-10-31T00:00:00+01:00;+;South Korea;13;Seoul;19;Suburb;2;New;1;Cat. A;1;16;19;18;14;55;52;58;56;30;28;28;28;13;11;11;14
asia;2022-10-31T00:00:00+01:00;+;South Korea;13;Seoul;19;Suburb;2;Preowend;2;Cat. B;2;40;39;38;41;34;39;36;35;19;25;17;21;38;39;33;38
asia;2022-10-31T00:00:00+01:00;+;South Korea;13;Seoul;19;Suburb;2;Preowend;2;Cat. B;2;60;54;63;59;56;61;61;57;30;29;33;30;62;61;67;60
asia;2022-11-30T00:00:00+01:00;+;South Korea;13;Seoul;19;City;1;New;1;Cat. A;1;23;21;21;24;35;33;31;35;51;49;52;51;26;21;25;24
asia;2022-11-30T00:00:00+01:00;+;South Korea;13;Seoul;19;City;1;Preowend;2;Cat. A;1;13;15;14;13;55;52;58;55;54;52;50;53;14;19;18;15
asia;2022-11-30T00:00:00+01:00;+;South Korea;13;Seoul;19;Suburb;2;New;1;Cat. A;1;12;16;16;12;56;55;53;56;32;27;32;31;19;15;18;19
asia;2022-11-30T00:00:00+01:00;+;South Korea;13;Seoul;19;Suburb;2;Preowend;2;Cat. B;2;38;41;38;40;37;32;37;36;25;22;22;25;42;36;38;41
asia;2022-11-30T00:00:00+01:00;+;South Korea;13;Seoul;19;Suburb;2;Preowend;2;Cat. B;2;63;58;56;63;53;52;53;54;30;29;36;30;63;58;65;64
asia;2022-12-31T00:00:00+01:00;+;South Korea;13;Seoul;19;City;1;New;1;Cat. A;1;26;29;27;24;33;35;30;35;56;59;54;57;23;27;27;24
asia;2022-12-31T00:00:00+01:00;+;South Korea;13;Seoul;19;City;1;Preowend;2;Cat. A;1;11;10;10;10;52;48;49;51;53;51;49;52;15;18;13;14
asia;2022-12-31T00:00:00+01:00;+;South Korea;13;Seoul;19;Suburb;2;New;1;Cat. A;1;13;14;10;13;54;55;52;52;33;33;36;34;14;12;16;15
asia;2022-12-31T00:00:00+01:00;+;South Korea;13;Seoul;19;Suburb;2;Preowend;2;Cat. B;2;41;46;42;41;40;44;41;39;23;20;20;23;34;37;40;36
asia;2022-12-31T00:00:00+01:00;+;South Korea;13;Seoul;19;Suburb;2;Preowend;2;Cat. B;2;62;64;62;61;52;56;46;52;27;28;29;29;62;61;59;62
asia;2023-01-31T00:00:00+01:00;+;South Korea;13;Seoul;19;City;1;New;1;Cat. A;1;25;28;22;24;33;28;34;33;54;57;56;52;24;27;20;22
asia;2023-01-31T00:00:00+01:00;+;South Korea;13;Seoul;19;City;1;Preowend;2;Cat. A;1;15;12;10;15;50;51;47;49;52;52;51;52;16;15;11;14
asia;2023-01-31T00:00:00+01:00;+;South Korea;13;Seoul;19;Suburb;2;New;1;Cat. A;1;13;10;14;13;52;52;53;52;32;31;35;31;13;17;15;15
asia;2023-01-31T00:00:00+01:00;+;South Korea;13;Seoul;19;Suburb;2;Preowend;2;Cat. B;2;36;33;42;36;37;33;36;37;23;21;20;24;40;37;43;39
asia;2023-01-31T00:00:00+01:00;+;South Korea;13;Seoul;19;Suburb;2;Preowend;2;Cat. B;2;59;54;61;59;51;51;55;50;33;34;28;33;62;61;66;60
asia;2023-02-28T00:00:00+01:00;+;South Korea;13;Seoul;19;City;1;New;1;Cat. A;1;28;27;26;28;33;37;31;33;50;52;53;51;27;27;25;28
asia;2023-02-28T00:00:00+01:00;+;South Korea;13;Seoul;19;City;1;Preowend;2;Cat. A;1;10;11;10;10;55;51;55;54;52;50;51;52;13;11;16;13
asia;2023-02-28T00:00:00+01:00;+;South Korea;13;Seoul;19;Suburb;2;New;1;Cat. A;1;14;19;15;16;49;46;53;49;36;35;39;35;13;10;10;11
asia;2023-02-28T00:00:00+01:00;+;South Korea;13;Seoul;19;Suburb;2;Preowend;2;Cat. B;2;37;42;40;38;41;41;42;41;21;21;17;23;37;33;41;35
asia;2023-02-28T00:00:00+01:00;+;South Korea;13;Seoul;19;Suburb;2;Preowend;2;Cat. B;2;58;52;63;59;53;58;59;52;33;35;32;33;62;58;63;62
asia;2023-03-31T00:00:00+01:00;+;South Korea;13;Seoul;19;City;1;New;1;Cat. A;1;29;31;33;30;34;35;32;35;55;56;52;56;24;22;24;24
asia;2023-03-31T00:00:00+01:00;+;South Korea;13;Seoul;19;City;1;Preowend;2;Cat. A;1;11;10;14;10;53;56;58;55;51;55;55;53;10;13;10;10
asia;2023-03-31T00:00:00+01:00;+;South Korea;13;Seoul;19;Suburb;2;New;1;Cat. A;1;13;10;14;13;54;54;52;54;31;34;26;31;18;16;22;17
asia;2023-03-31T00:00:00+01:00;+;South Korea;13;Seoul;19;Suburb;2;Preowend;2;Cat. B;2;35;39;36;35;34;36;35;33;21;17;21;22;40;44;37;41
asia;2023-03-31T00:00:00+01:00;+;South Korea;13;Seoul;19;Suburb;2;Preowend;2;Cat. B;2;58;53;64;60;54;53;50;53;31;32;24;30;60;60;53;59
asia;2023-04-30T00:00:00+01:00;+;South Korea;13;Seoul;19;City;1;New;1;Cat. A;1;23;24;20;22;36;34;38;36;53;51;56;54;24;22;29;26
asia;2023-04-30T00:00:00+01:00;+;South Korea;13;Seoul;19;City;1;Preowend;2;Cat. A;1;10;10;10;10;53;55;54;53;52;54;50;53;12;10;15;13
asia;2023-04-30T00:00:00+01:00;+;South Korea;13;Seoul;19;Suburb;2;New;1;Cat. A;1;18;20;14;18;53;51;49;51;30;26;28;30;13;14;10;12
asia;2023-04-30T00:00:00+01:00;+;South Korea;13;Seoul;19;Suburb;2;Preowend;2;Cat. B;2;40;36;41;40;36;37;40;36;21;22;23;23;41;41;37;39
asia;2023-04-30T00:00:00+01:00;+;South Korea;13;Seoul;19;Suburb;2;Preowend;2;Cat. B;2;56;56;59;56;57;53;50;57;28;28;31;29;57;58;59;58
asia;2023-05-31T00:00:00+01:00;+;South Korea;13;Seoul;19;City;1;New;1;Cat. A;1;25;24;23;26;36;33;34;35;50;51;50;52;29;28;32;30
asia;2023-05-31T00:00:00+01:00;+;South Korea;13;Seoul;19;City;1;Preowend;2;Cat. A;1;16;19;13;14;57;54;55;55;51;54;48;52;13;12;16;13
asia;2023-05-31T00:00:00+01:00;+;South Korea;13;Seoul;19;Suburb;2;New;1;Cat. A;1;15;18;18;17;50;49;49;50;29;32;25;30;18;14;18;17
asia;2023-05-31T00:00:00+01:00;+;South Korea;13;Seoul;19;Suburb;2;Preowend;2;Cat. B;2;38;38;35;37;35;33;31;35;20;26;21;20;37;39;36;38
asia;2023-05-31T00:00:00+01:00;+;South Korea;13;Seoul;19;Suburb;2;Preowend;2;Cat. B;2;57;56;56;57;52;48;57;52;30;31;35;28;59;58;64;59
asia;2023-06-30T00:00:00+01:00;+;South Korea;13;Seoul;19;City;1;New;1;Cat. A;1;29;29;27;29;38;37;40;37;54;53;52;54;28;26;26;28
asia;2023-06-30T00:00:00+01:00;+;South Korea;13;Seoul;19;City;1;Preowend;2;Cat. A;1;13;13;12;13;50;49;54;51;51;48;50;51;13;17;13;14
asia;2023-06-30T00:00:00+01:00;+;South Korea;13;Seoul;19;Suburb;2;New;1;Cat. A;1;15;11;16;13;51;53;55;52;31;30;32;33;16;17;13;18
asia;2023-06-30T00:00:00+01:00;+;South Korea;13;Seoul;19;Suburb;2;Preowend;2;Cat. B;2;36;36;37;36;41;43;36;39;24;27;25;25;36;37;40;36
asia;2023-06-30T00:00:00+01:00;+;South Korea;13;Seoul;19;Suburb;2;Preowend;2;Cat. B;2;59;55;61;59;50;57;53;51;29;33;33;29;58;56;55;58
asia;2023-07-31T00:00:00+01:00;+;South Korea;13;Seoul;19;City;1;New;1;Cat. A;1;27;27;24;29;33;34;30;35;54;55;53;55;22;22;22;24
asia;2023-07-31T00:00:00+01:00;+;South Korea;13;Seoul;19;City;1;Preowend;2;Cat. A;1;10;10;10;10;51;54;50;51;56;59;57;57;10;10;12;10
asia;2023-07-31T00:00:00+01:00;+;South Korea;13;Seoul;19;Suburb;2;New;1;Cat. A;1;16;21;14;18;52;53;51;52;31;34;29;30;13;15;14;13
asia;2023-07-31T00:00:00+01:00;+;South Korea;13;Seoul;19;Suburb;2;Preowend;2;Cat. B;2;39;36;41;38;40;40;39;38;25;21;27;24;41;38;38;40
asia;2023-07-31T00:00:00+01:00;+;South Korea;13;Seoul;19;Suburb;2;Preowend;2;Cat. B;2;62;59;55;61;52;49;53;54;34;30;28;32;57;58;55;58
asia;2023-08-31T00:00:00+01:00;+;South Korea;13;Seoul;19;City;1;New;1;Cat. A;1;29;26;24;29;34;37;37;34;50;47;47;50;27;25;28;27
asia;2023-08-31T00:00:00+01:00;+;South Korea;13;Seoul;19;City;1;Preowend;2;Cat. A;1;13;11;18;15;54;51;53;53;52;55;50;52;15;18;13;14
asia;2023-08-31T00:00:00+01:00;+;South Korea;13;Seoul;19;Suburb;2;New;1;Cat. A;1;13;16;10;11;52;50;57;53;33;38;36;33;13;13;10;13
asia;2023-08-31T00:00:00+01:00;+;South Korea;13;Seoul;19;Suburb;2;Preowend;2;Cat. B;2;39;37;36;39;37;42;33;37;19;16;18;19;37;37;33;38
asia;2023-08-31T00:00:00+01:00;+;South Korea;13;Seoul;19;Suburb;2;Preowend;2;Cat. B;2;58;62;55;58;50;52;49;51;29;34;30;29;58;61;55;58
asia;2023-09-30T00:00:00+01:00;+;South Korea;13;Seoul;19;City;1;New;1;Cat. A;1;29;32;30;29;35;31;30;33;54;51;54;52;23;26;26;22
asia;2023-09-30T00:00:00+01:00;+;South Korea;13;Seoul;19;City;1;Preowend;2;Cat. A;1;10;10;10;10;53;52;56;54;55;58;57;55;15;16;15;13
asia;2023-09-30T00:00:00+01:00;+;South Korea;13;Seoul;19;Suburb;2;New;1;Cat. A;1;18;22;21;19;55;57;58;55;29;32;27;31;16;17;19;16
asia;2023-09-30T00:00:00+01:00;+;South Korea;13;Seoul;19;Suburb;2;Preowend;2;Cat. B;2;40;37;39;41;38;37;34;39;26;27;22;24;39;40;40;39
asia;2023-09-30T00:00:00+01:00;+;South Korea;13;Seoul;19;Suburb;2;Preowend;2;Cat. B;2;60;59;56;58;52;47;58;52;28;34;34;28;63;68;57;64
asia;2023-10-31T00:00:00+01:00;+;South Korea;13;Seoul;19;City;1;New;1;Cat. A;1;25;23;29;27;33;30;32;34;50;48;50;50;27;30;26;27
asia;2023-10-31T00:00:00+01:00;+;South Korea;13;Seoul;19;City;1;Preowend;2;Cat. A;1;13;12;15;12;56;56;58;56;54;49;53;52;13;10;10;15
asia;2023-10-31T00:00:00+01:00;+;South Korea;13;Seoul;19;Suburb;2;New;1;Cat. A;1;17;20;20;19;50;54;50;51;34;33;32;33;12;13;10;14
asia;2023-10-31T00:00:00+01:00;+;South Korea;13;Seoul;19;Suburb;2;Preowend;2;Cat. B;2;38;42;33;37;35;32;38;36;23;26;26;24;37;41;37;36
asia;2023-10-31T00:00:00+01:00;+;South Korea;13;Seoul;19;Suburb;2;Preowend;2;Cat. B;2;59;58;55;58;49;45;45;50;35;40;33;33;58;57;55;60
asia;2023-11-30T00:00:00+01:00;+;South Korea;13;Seoul;19;City;1;New;1;Cat. A;1;22;23;22;24;31;28;31;32;51;48;55;51;26;28;24;27
asia;2023-11-30T00:00:00+01:00;+;South Korea;13;Seoul;19;City;1;Preowend;2;Cat. A;1;10;13;10;10;52;53;50;53;59;55;59;58;12;15;10;12
asia;2023-11-30T00:00:00+01:00;+;South Korea;13;Seoul;19;Suburb;2;New;1;Cat. A;1;19;20;21;19;54;55;53;54;31;33;27;31;11;11;11;13
asia;2023-11-30T00:00:00+01:00;+;South Korea;13;Seoul;19;Suburb;2;Preowend;2;Cat. B;2;39;43;43;41;36;40;38;35;25;22;25;25;40;44;41;39
asia;2023-11-30T00:00:00+01:00;+;South Korea;13;Seoul;19;Suburb;2;Preowend;2;Cat. B;2;61;59;65;63;55;52;59;57;33;28;39;32;59;66;58;61
asia;2023-12-31T00:00:00+01:00;+;South Korea;13;Seoul;19;City;1;New;1;Cat. A;1;29;26;32;29;37;38;36;37;57;58;58;56;22;21;26;23
asia;2023-12-31T00:00:00+01:00;+;South Korea;13;Seoul;19;City;1;Preowend;2;Cat. A;1;13;10;10;13;52;48;53;52;58;60;56;58;12;16;13;12
asia;2023-12-31T00:00:00+01:00;+;South Korea;13;Seoul;19;Suburb;2;New;1;Cat. A;1;12;12;10;13;55;50;53;55;33;28;30;31;16;18;14;17
asia;2023-12-31T00:00:00+01:00;+;South Korea;13;Seoul;19;Suburb;2;Preowend;2;Cat. B;2;38;40;43;37;40;42;42;41;20;21;15;18;35;32;37;36
asia;2023-12-31T00:00:00+01:00;+;South Korea;13;Seoul;19;Suburb;2;Preowend;2;Cat. B;2;58;57;61;58;52;58;58;53;29;28;31;29;58;53;58;56
asia;2024-01-31T00:00:00+01:00;+;South Korea;13;Seoul;19;City;1;New;1;Cat. A;1;27;30;24;28;33;36;32;32;52;49;55;53;27;25;24;26
asia;2024-01-31T00:00:00+01:00;+;South Korea;13;Seoul;19;City;1;Preowend;2;Cat. A;1;10;12;11;10;51;52;50;51;54;57;56;55;10;10;10;10
asia;2024-01-31T00:00:00+01:00;+;South Korea;13;Seoul;19;Suburb;2;New;1;Cat. A;1;14;17;16;16;53;54;48;53;34;32;30;34;18;15;18;18
asia;2024-01-31T00:00:00+01:00;+;South Korea;13;Seoul;19;Suburb;2;Preowend;2;Cat. B;2;42;41;36;40;39;36;41;39;23;29;25;24;42;36;43;40
asia;2024-01-31T00:00:00+01:00;+;South Korea;13;Seoul;19;Suburb;2;Preowend;2;Cat. B;2;61;56;59;63;52;53;58;54;32;36;33;32;61;58;58;62
asia;2024-02-29T00:00:00+01:00;+;South Korea;13;Seoul;19;City;1;New;1;Cat. A;1;27;23;27;27;33;29;35;33;53;55;55;53;29;33;31;30
asia;2024-02-29T00:00:00+01:00;+;South Korea;13;Seoul;19;City;1;Preowend;2;Cat. A;1;15;17;16;14;53;50;56;52;52;52;54;53;10;10;10;10
asia;2024-02-29T00:00:00+01:00;+;South Korea;13;Seoul;19;Suburb;2;New;1;Cat. A;1;12;10;15;13;55;58;51;55;29;33;25;30;16;18;15;15
asia;2024-02-29T00:00:00+01:00;+;South Korea;13;Seoul;19;Suburb;2;Preowend;2;Cat. B;2;40;39;43;40;37;39;38;38;24;24;18;23;37;41;37;38
asia;2024-02-29T00:00:00+01:00;+;South Korea;13;Seoul;19;Suburb;2;Preowend;2;Cat. B;2;62;66;59;61;52;46;46;51;29;36;29;31;64;66;62;63
asia;2024-03-31T00:00:00+01:00;+;South Korea;13;Seoul;19;City;1;New;1;Cat. A;1;25;26;23;25;37;38;32;37;54;52;56;55;23;26;25;25
asia;2024-03-31T00:00:00+01:00;+;South Korea;13;Seoul;19;City;1;Preowend;2;Cat. A;1;11;10;14;10;54;55;53;54;52;54;52;52;10;10;11;10
asia;2024-03-31T00:00:00+01:00;+;South Korea;13;Seoul;19;Suburb;2;New;1;Cat. A;1;16;21;14;18;55;51;53;55;34;34;31;32;14;12;13;12
asia;2024-03-31T00:00:00+01:00;+;South Korea;13;Seoul;19;Suburb;2;Preowend;2;Cat. B;2;39;38;44;38;40;36;37;41;19;25;24;19;39;42;44;39
asia;2024-03-31T00:00:00+01:00;+;South Korea;13;Seoul;19;Suburb;2;Preowend;2;Cat. B;2;56;52;52;57;51;48;51;50;30;36;24;30;58;60;63;58
asia;2024-04-30T00:00:00+01:00;+;South Korea;13;Seoul;19;City;1;New;1;Cat. A;1;24;27;22;23;37;33;35;38;55;50;51;54;26;29;30;25
asia;2024-04-30T00:00:00+01:00;+;South Korea;13;Seoul;19;City;1;Preowend;2;Cat. A;1;10;10;10;11;53;58;58;53;56;58;54;56;10;12;10;10
asia;2024-04-30T00:00:00+01:00;+;South Korea;13;Seoul;19;Suburb;2;New;1;Cat. A;1;12;12;15;11;53;55;58;55;34;37;37;34;14;15;12;13
asia;2024-04-30T00:00:00+01:00;+;South Korea;13;Seoul;19;Suburb;2;Preowend;2;Cat. B;2;37;35;37;35;36;39;34;34;23;26;25;24;41;45;40;41
asia;2024-04-30T00:00:00+01:00;+;South Korea;13;Seoul;19;Suburb;2;Preowend;2;Cat. B;2;61;58;64;61;50;54;45;50;31;26;34;32;61;60;58;61
asia;2024-05-31T00:00:00+01:00;+;South Korea;13;Seoul;19;City;1;New;1;Cat. A;1;29;25;26;28;37;39;35;37;54;52;54;56;25;26;23;25
asia;2024-05-31T00:00:00+01:00;+;South Korea;13;Seoul;19;City;1;Preowend;2;Cat. A;1;10;10;10;10;51;51;49;51;53;56;54;55;13;18;13;13
asia;2024-05-31T00:00:00+01:00;+;South Korea;13;Seoul;19;Suburb;2;New;1;Cat. A;1;17;13;18;17;51;52;52;50;33;30;37;34;15;16;18;15
asia;2024-05-31T00:00:00+01:00;+;South Korea;13;Seoul;19;Suburb;2;Preowend;2;Cat. B;2;35;39;36;34;38;32;36;36;21;24;15;20;39;36;40;38
asia;2024-05-31T00:00:00+01:00;+;South Korea;13;Seoul;19;Suburb;2;Preowend;2;Cat. B;2;62;55;56;61;53;60;54;55;28;26;27;28;59;54;61;59
asia;2024-06-30T00:00:00+01:00;+;South Korea;13;Seoul;19;City;1;New;1;Cat. A;1;26;29;29;27;35;37;33;35;50;47;47;50;25;27;28;25
asia;2024-06-30T00:00:00+01:00;+;South Korea;13;Seoul;19;City;1;Preowend;2;Cat. A;1;10;14;10;11;49;50;46;49;52;53;50;53;14;16;14;15
asia;2024-06-30T00:00:00+01:00;+;South Korea;13;Seoul;19;Suburb;2;New;1;Cat. A;1;12;11;14;12;51;52;53;51;32;37;37;32;16;18;18;15
asia;2024-06-30T00:00:00+01:00;+;South Korea;13;Seoul;19;Suburb;2;Preowend;2;Cat. B;2;36;33;36;37;41;36;40;41;23;29;29;25;37;34;34;38
asia;2024-06-30T00:00:00+01:00;+;South Korea;13;Seoul;19;Suburb;2;Preowend;2;Cat. B;2;56;58;57;56;51;46;50;50;29;34;30;29;62;68;60;63
asia;2024-07-31T00:00:00+01:00;+;South Korea;13;Seoul;19;City;1;New;1;Cat. A;1;27;23;24;25;37;39;40;38;53;51;54;51;28;29;31;28
asia;2024-07-31T00:00:00+01:00;+;South Korea;13;Seoul;19;City;1;Preowend;2;Cat. A;1;15;11;12;14;51;49;51;51;58;56;58;57;13;17;16;13
asia;2024-07-31T00:00:00+01:00;+;South Korea;13;Seoul;19;Suburb;2;New;1;Cat. A;1;14;16;13;13;49;53;51;50;33;29;36;33;12;10;10;13
asia;2024-07-31T00:00:00+01:00;+;South Korea;13;Seoul;19;Suburb;2;Preowend;2;Cat. B;2;38;36;39;37;40;38;42;40;22;25;23;21;37;31;41;35
asia;2024-07-31T00:00:00+01:00;+;South Korea;13;Seoul;19;Suburb;2;Preowend;2;Cat. B;2;56;60;55;56;50;53;46;51;27;31;33;29;57;57;57;56
asia;2024-08-31T00:00:00+01:00;+;South Korea;13;Seoul;19;City;1;New;1;Cat. A;1;24;27;23;23;36;38;37;38;58;57;53;56;27;32;31;29
asia;2024-08-31T00:00:00+01:00;+;South Korea;13;Seoul;19;City;1;Preowend;2;Cat. A;1;10;12;10;10;55;57;59;55;56;60;59;57;10;10;10;10
asia;2024-08-31T00:00:00+01:00;+;South Korea;13;Seoul;19;Suburb;2;New;1;Cat. A;1;12;14;16;14;53;57;53;54;34;31;31;36;19;18;17;19
asia;2024-08-31T00:00:00+01:00;+;South Korea;13;Seoul;19;Suburb;2;Preowend;2;Cat. B;2;38;35;38;40;35;37;37;36;25;28;24;26;36;35;36;36
asia;2024-08-31T00:00:00+01:00;+;South Korea;13;Seoul;19;Suburb;2;Preowend;2;Cat. B;2;58;56;59;58;57;57;51;56;31;32;35;31;58;55;59;58
asia;2024-09-30T00:00:00+01:00;+;South Korea;13;Seoul;19;City;1;New;1;Cat. A;1;27;27;30;28;32;30;32;33;54;50;53;54;27;30;29;27
asia;2024-09-30T00:00:00+01:00;+;South Korea;13;Seoul;19;City;1;Preowend;2;Cat. A;1;10;12;12;10;52;51;48;53;58;58;54;57;11;12;11;10
asia;2024-09-30T00:00:00+01:00;+;South Korea;13;Seoul;19;Suburb;2;New;1;Cat. A;1;12;10;16;12;53;56;50;52;34;34;31;34;12;16;10;12
asia;2024-09-30T00:00:00+01:00;+;South Korea;13;Seoul;19;Suburb;2;Preowend;2;Cat. B;2;36;39;36;36;40;40;45;39;22;22;20;23;35;38;40;36
asia;2024-09-30T00:00:00+01:00;+;South Korea;13;Seoul;19;Suburb;2;Preowend;2;Cat. B;2;57;63;55;58;51;45;48;49;32;34;32;32;60;63;59;59
asia;2024-10-31T00:00:00+01:00;+;South Korea;13;Seoul;19;City;1;New;1;Cat. A;1;27;26;24;27;32;33;30;33;52;53;51;53;26;24;25;25
asia;2024-10-31T00:00:00+01:00;+;South Korea;13;Seoul;19;City;1;Preowend;2;Cat. A;1;10;13;10;10;52;49;50;53;56;57;60;57;15;15;17;14
asia;2024-10-31T00:00:00+01:00;+;South Korea;13;Seoul;19;Suburb;2;New;1;Cat. A;1;15;11;19;14;52;49;50;53;32;31;36;32;14;19;15;14
asia;2024-10-31T00:00:00+01:00;+;South Korea;13;Seoul;19;Suburb;2;Preowend;2;Cat. B;2;41;46;36;41;41;42;35;39;21;21;27;21;36;40;32;36
asia;2024-10-31T00:00:00+01:00;+;South Korea;13;Seoul;19;Suburb;2;Preowend;2;Cat. B;2;60;56;66;62;54;55;58;54;32;38;30;34;58;61;64;59
asia;2024-11-30T00:00:00+01:00;+;South Korea;13;Seoul;19;City;1;New;1;Cat. A;1;23;24;24;25;32;36;32;32;55;52;54;57;27;32;25;27
asia;2024-11-30T00:00:00+01:00;+;South Korea;13;Seoul;19;City;1;Preowend;2;Cat. A;1;11;13;12;10;49;50;52;50;54;54;59;55;10;12;10;10
asia;2024-11-30T00:00:00+01:00;+;South Korea;13;Seoul;19;Suburb;2;New;1;Cat. A;1;12;12;11;14;55;58;53;54;29;29;29;30;12;16;14;14
asia;2024-11-30T00:00:00+01:00;+;South Korea;13;Seoul;19;Suburb;2;Preowend;2;Cat. B;2;36;39;38;37;36;32;36;37;21;26;23;21;41;39;35;41
asia;2024-11-30T00:00:00+01:00;+;South Korea;13;Seoul;19;Suburb;2;Preowend;2;Cat. B;2;61;61;58;62;56;56;53;54;31;31;34;33;59;59;65;61
asia;2024-12-31T00:00:00+01:00;+;South Korea;13;Seoul;19;City;1;New;1;Cat. A;1;27;24;27;27;37;37;39;37;50;51;51;51;23;27;26;24
asia;2024-12-31T00:00:00+01:00;+;South Korea;13;Seoul;19;City;1;Preowend;2;Cat. A;1;14;17;17;13;54;56;56;56;54;55;50;52;12;11;12;12
asia;2024-12-31T00:00:00+01:00;+;South Korea;13;Seoul;19;Suburb;2;New;1;Cat. A;1;17;18;16;18;48;46;47;50;32;34;29;31;18;17;14;16
asia;2024-12-31T00:00:00+01:00;+;South Korea;13;Seoul;19;Suburb;2;Preowend;2;Cat. B;2;41;45;46;40;38;39;35;40;19;20;16;20;39;41;36;37
asia;2024-12-31T00:00:00+01:00;+;South Korea;13;Seoul;19;Suburb;2;Preowend;2;Cat. B;2;59;56;56;60;52;53;55;52;30;34;25;32;63;57;59;61
asia;2025-01-31T00:00:00+01:00;+;South Korea;13;Seoul;19;City;1;New;1;Cat. A;1;29;33;26;29;32;37;36;32;50;54;55;51;25;29;23;24
asia;2025-01-31T00:00:00+01:00;+;South Korea;13;Seoul;19;City;1;Preowend;2;Cat. A;1;11;10;10;13;53;50;50;53;56;53;61;57;11;11;12;12
asia;2025-01-31T00:00:00+01:00;+;South Korea;13;Seoul;19;Suburb;2;New;1;Cat. A;1;14;15;12;16;55;53;58;55;32;31;33;32;11;16;10;13
asia;2025-01-31T00:00:00+01:00;+;South Korea;13;Seoul;19;Suburb;2;Preowend;2;Cat. B;2;37;38;39;38;35;36;31;35;23;27;24;25;34;33;37;34
asia;2025-01-31T00:00:00+01:00;+;South Korea;13;Seoul;19;Suburb;2;Preowend;2;Cat. B;2;62;62;58;63;55;59;57;53;33;33;28;32;63;56;57;61
asia;2025-02-28T00:00:00+01:00;+;South Korea;13;Seoul;19;City;1;New;1;Cat. A;1;26;28;29;26;35;32;32;35;51;56;54;53;29;24;32;28
asia;2025-02-28T00:00:00+01:00;+;South Korea;13;Seoul;19;City;1;Preowend;2;Cat. A;1;10;10;11;10;53;57;51;52;58;55;59;58;11;13;14;11
asia;2025-02-28T00:00:00+01:00;+;South Korea;13;Seoul;19;Suburb;2;New;1;Cat. A;1;12;12;15;14;51;46;46;51;28;25;26;28;15;19;14;16
asia;2025-02-28T00:00:00+01:00;+;South Korea;13;Seoul;19;Suburb;2;Preowend;2;Cat. B;2;36;33;34;34;37;37;38;37;20;26;17;20;39;42;37;39
asia;2025-02-28T00:00:00+01:00;+;South Korea;13;Seoul;19;Suburb;2;Preowend;2;Cat. B;2;61;63;67;62;55;61;57;55;35;31;36;34;59;64;61;60
asia;2025-03-31T00:00:00+01:00;+;South Korea;13;Seoul;19;City;1;New;1;Cat. A;1;24;26;23;22;31;30;36;31;53;57;52;52;26;24;22;25
asia;2025-03-31T00:00:00+01:00;+;South Korea;13;Seoul;19;City;1;Preowend;2;Cat. A;1;14;11;10;14;52;53;53;54;57;57;54;56;15;17;18;14
asia;2025-03-31T00:00:00+01:00;+;South Korea;13;Seoul;19;Suburb;2;New;1;Cat. A;1;17;17;17;18;51;54;56;51;33;32;28;33;15;11;16;15
asia;2025-03-31T00:00:00+01:00;+;South Korea;13;Seoul;19;Suburb;2;Preowend;2;Cat. B;2;40;41;45;41;40;35;36;41;23;28;22;24;36;37;40;37
asia;2025-03-31T00:00:00+01:00;+;South Korea;13;Seoul;19;Suburb;2;Preowend;2;Cat. B;2;60;61;62;62;55;52;50;56;33;30;27;31;60;57;58;60
asia;2025-04-30T00:00:00+01:00;+;South Korea;13;Seoul;19;City;1;New;1;Cat. A;1;26;26;26;27;33;28;29;32;56;56;55;54;25;28;21;25
asia;2025-04-30T00:00:00+01:00;+;South Korea;13;Seoul;19;City;1;Preowend;2;Cat. A;1;10;13;10;10;52;50;53;54;53;53;49;52;10;11;11;11
asia;2025-04-30T00:00:00+01:00;+;South Korea;13;Seoul;19;Suburb;2;New;1;Cat. A;1;19;16;16;19;53;48;51;51;31;26;28;31;14;16;14;12
asia;2025-04-30T00:00:00+01:00;+;South Korea;13;Seoul;19;Suburb;2;Preowend;2;Cat. B;2;40;38;38;38;40;39;42;40;19;24;18;20;34;31;38;35
asia;2025-04-30T00:00:00+01:00;+;South Korea;13;Seoul;19;Suburb;2;Preowend;2;Cat. B;2;56;56;60;57;55;54;49;55;28;26;24;27;58;61;64;58
asia;2025-05-31T00:00:00+01:00;+;South Korea;13;Seoul;19;City;1;New;1;Cat. A;1;25;25;21;24;35;31;35;34;57;52;53;57;24;26;29;26
asia;2025-05-31T00:00:00+01:00;+;South Korea;13;Seoul;19;City;1;Preowend;2;Cat. A;1;16;16;14;15;56;51;53;55;57;53;53;55;16;19;19;16
asia;2025-05-31T00:00:00+01:00;+;South Korea;13;Seoul;19;Suburb;2;New;1;Cat. A;1;16;11;18;16;54;57;56;53;34;33;34;33;12;11;13;11
asia;2025-05-31T00:00:00+01:00;+;South Korea;13;Seoul;19;Suburb;2;Preowend;2;Cat. B;2;39;36;40;39;36;36;32;36;25;27;20;24;36;37;39;34
asia;2025-05-31T00:00:00+01:00;+;South Korea;13;Seoul;19;Suburb;2;Preowend;2;Cat. B;2;61;56;62;59;56;60;59;57;30;34;29;31;58;57;53;57
asia;2025-06-30T00:00:00+01:00;+;South Korea;13;Seoul;19;City;1;New;1;Cat. A;1;27;29;25;25;35;31;33;34;55;55;59;56;24;21;22;23
asia;2025-06-30T00:00:00+01:00;+;South Korea;13;Seoul;19;City;1;Preowend;2;Cat. A;1;14;12;13;16;54;55;55;53;51;54;56;51;15;14;11;14
asia;2025-06-30T00:00:00+01:00;+;South Korea;13;Seoul;19;Suburb;2;New;1;Cat. A;1;19;15;14;17;52;52;54;51;34;36;35;33;16;14;14;17
asia;2025-06-30T00:00:00+01:00;+;South Korea;13;Seoul;19;Suburb;2;Preowend;2;Cat. B;2;40;38;36;42;39;38;43;39;25;26;25;25;38;42;43;39
asia;2025-06-30T00:00:00+01:00;+;South Korea;13;Seoul;19;Suburb;2;Preowend;2;Cat. B;2;63;62;57;64;51;52;53;51;29;27;28;29;59;65;55;58
asia;2025-07-31T00:00:00+01:00;+;South Korea;13;Seoul;19;City;1;New;1;Cat. A;1;22;25;27;23;39;39;35;38;56;54;53;56;28;31;31;27
asia;2025-07-31T00:00:00+01:00;+;South Korea;13;Seoul;19;City;1;Preowend;2;Cat. A;1;10;10;10;10;51;51;56;53;53;50;50;55;14;12;10;13
asia;2025-07-31T00:00:00+01:00;+;South Korea;13;Seoul;19;Suburb;2;New;1;Cat. A;1;17;18;20;19;55;59;53;55;29;26;26;29;14;17;14;13
asia;2025-07-31T00:00:00+01:00;+;South Korea;13;Seoul;19;Suburb;2;Preowend;2;Cat. B;2;42;37;41;40;36;33;31;35;20;24;21;21;40;45;43;41
asia;2025-07-31T00:00:00+01:00;+;South Korea;13;Seoul;19;Suburb;2;Preowend;2;Cat. B;2;63;57;63;62;51;56;52;50;32;35;37;34;61;66;66;61
asia;2025-08-31T00:00:00+01:00;+;South Korea;13;Seoul;19;City;1;New;1;Cat. A;1;23;23;24;24;32;36;31;34;55;55;53;54;27;23;30;27
asia;2025-08-31T00:00:00+01:00;+;South Korea;13;Seoul;19;City;1;Preowend;2;Cat. A;1;13;17;18;15;50;49;47;51;53;52;54;53;13;11;13;12
asia;2025-08-31T00:00:00+01:00;+;South Korea;13;Seoul;19;Suburb;2;New;1;Cat. A;1;15;16;19;16;55;56;55;55;30;30;27;29;13;14;16;14
asia;2025-08-31T00:00:00+01:00;+;South Korea;13;Seoul;19;Suburb;2;Preowend;2;Cat. B;2;36;34;39;37;36;31;35;36;24;21;26;24;39;39;43;37
asia;2025-08-31T00:00:00+01:00;+;South Korea;13;Seoul;19;Suburb;2;Preowend;2;Cat. B;2;56;63;57;56;53;58;51;52;31;29;30;30;61;61;61;61
asia;2025-09-30T00:00:00+01:00;+;South Korea;13;Seoul;19;City;1;New;1;Cat. A;1;22;24;19;23;34;36;33;35;53;58;53;55;27;29;26;29
asia;2025-09-30T00:00:00+01:00;+;South Korea;13;Seoul;19;City;1;Preowend;2;Cat. A;1;13;10;14;13;51;47;46;51;56;58;61;56;10;13;11;10
asia;2025-09-30T00:00:00+01:00;+;South Korea;13;Seoul;19;Suburb;2;New;1;Cat. A;1;13;14;15;12;52;50;47;50;34;39;32;36;13;16;10;12
asia;2025-09-30T00:00:00+01:00;+;South Korea;13;Seoul;19;Suburb;2;Preowend;2;Cat. B;2;38;35;32;37;37;32;37;37;19;16;18;18;35;32;39;37
asia;2025-09-30T00:00:00+01:00;+;South Korea;13;Seoul;19;Suburb;2;Preowend;2;Cat. B;2;61;56;67;63;57;52;51;57;34;39;33;32;61;58;66;60
asia;2025-10-31T00:00:00+01:00;+;South Korea;13;Seoul;19;City;1;New;1;Cat. A;1;26;26;29;25;35;36;39;36;56;58;53;55;23;27;23;23
asia;2025-10-31T00:00:00+01:00;+;South Korea;13;Seoul;19;City;1;Preowend;2;Cat. A;1;10;13;10;11;56;57;56;56;57;53;59;55;14;10;15;12
asia;2025-10-31T00:00:00+01:00;+;South Korea;13;Seoul;19;Suburb;2;New;1;Cat. A;1;14;15;16;14;52;48;48;52;31;31;35;33;15;13;14;16
asia;2025-10-31T00:00:00+01:00;+;South Korea;13;Seoul;19;Suburb;2;Preowend;2;Cat. B;2;40;43;37;38;40;39;41;40;23;22;19;21;39;43;43;39
asia;2025-10-31T00:00:00+01:00;+;South Korea;13;Seoul;19;Suburb;2;Preowend;2;Cat. B;2;62;69;65;63;51;51;49;51;29;29;31;31;62;64;64;63
asia;2025-11-30T00:00:00+01:00;+;South Korea;13;Seoul;19;City;1;New;1;Cat. A;1;29;25;30;27;31;30;36;33;50;49;50;51;25;22;28;26
asia;2025-11-30T00:00:00+01:00;+;South Korea;13;Seoul;19;City;1;Preowend;2;Cat. A;1;10;10;14;10;55;51;55;54;58;58;58;59;13;14;11;12
asia;2025-11-30T00:00:00+01:00;+;South Korea;13;Seoul;19;Suburb;2;New;1;Cat. A;1;15;15;18;15;53;56;56;52;34;32;32;35;14;16;10;13
asia;2025-11-30T00:00:00+01:00;+;South Korea;13;Seoul;19;Suburb;2;Preowend;2;Cat. B;2;37;33;37;39;34;33;31;36;20;20;16;19;39;40;42;37
asia;2025-11-30T00:00:00+01:00;+;South Korea;13;Seoul;19;Suburb;2;Preowend;2;Cat. B;2;56;56;61;56;51;50;50;52;34;38;31;33;62;67;61;61
asia;2025-12-31T00:00:00+01:00;+;South Korea;13;Seoul;19;City;1;New;1;Cat. A;1;26;24;25;26;37;35;36;35;56;53;54;57;29;30;29;29
asia;2025-12-31T00:00:00+01:00;+;South Korea;13;Seoul;19;City;1;Preowend;2;Cat. A;1;15;18;14;14;55;55;55;55;57;54;54;55;13;10;14;12
asia;2025-12-31T00:00:00+01:00;+;South Korea;13;Seoul;19;Suburb;2;New;1;Cat. A;1;12;14;15;12;50;54;47;49;34;35;35;33;19;21;19;18
asia;2025-12-31T00:00:00+01:00;+;South Korea;13;Seoul;19;Suburb;2;Preowend;2;Cat. B;2;40;45;39;40;39;37;35;38;22;23;23;22;39;44;35;40
asia;2025-12-31T00:00:00+01:00;+;South Korea;13;Seoul;19;Suburb;2;Preowend;2;Cat. B;2;59;59;61;61;55;60;55;54;31;32;27;30;58;54;63;57
asia;2026-01-31T00:00:00+01:00;+;South Korea;13;Seoul;19;City;1;New;1;Cat. A;1;23;20;24;24;34;36;35;36;52;53;49;54;27;30;29;26
asia;2026-01-31T00:00:00+01:00;+;South Korea;13;Seoul;19;City;1;Preowend;2;Cat. A;1;15;10;10;15;55;58;58;54;54;58;51;53;11;10;10;12
asia;2026-01-31T00:00:00+01:00;+;South Korea;13;Seoul;19;Suburb;2;New;1;Cat. A;1;16;14;19;16;49;53;46;50;34;39;35;34;19;14;19;19
asia;2026-01-31T00:00:00+01:00;+;South Korea;13;Seoul;19;Suburb;2;Preowend;2;Cat. B;2;42;41;44;40;37;37;37;37;25;19;20;23;37;33;35;35
asia;2026-01-31T00:00:00+01:00;+;South Korea;13;Seoul;19;Suburb;2;Preowend;2;Cat. B;2;59;55;63;59;53;49;57;54;27;26;26;29;59;54;58;59
asia;2026-02-28T00:00:00+01:00;+;South Korea;13;Seoul;19;City;1;New;1;Cat. A;1;28;30;24;26;37;36;35;37;56;52;54;55;22;24;26;22
asia;2026-02-28T00:00:00+01:00;+;South Korea;13;Seoul;19;City;1;Preowend;2;Cat. A;1;15;13;12;14;50;53;51;50;54;52;55;54;14;14;15;14
asia;2026-02-28T00:00:00+01:00;+;South Korea;13;Seoul;19;Suburb;2;New;1;Cat. A;1;13;13;10;13;51;52;52;52;32;34;29;30;18;19;15;18
asia;2026-02-28T00:00:00+01:00;+;South Korea;13;Seoul;19;Suburb;2;Preowend;2;Cat. B;2;39;44;44;39;34;35;38;36;25;23;20;25;37;37;36;38
asia;2026-02-28T00:00:00+01:00;+;South Korea;13;Seoul;19;Suburb;2;Preowend;2;Cat. B;2;60;63;55;59;49;51;53;50;28;31;28;29;62;55;60;62
asia;2026-03-31T00:00:00+01:00;+;South Korea;13;Seoul;19;City;1;New;1;Cat. A;1;22;21;25;23;37;38;34;36;53;53;51;53;30;27;25;29
asia;2026-03-31T00:00:00+01:00;+;South Korea;13;Seoul;19;City;1;Preowend;2;Cat. A;1;16;17;17;15;53;54;55;55;55;58;57;55;12;12;17;12
asia;2026-03-31T00:00:00+01:00;+;South Korea;13;Seoul;19;Suburb;2;New;1;Cat. A;1;16;17;11;14;53;50;52;53;36;39;34;36;13;12;15;13
asia;2026-03-31T00:00:00+01:00;+;South Korea;13;Seoul;19;Suburb;2;Preowend;2;Cat. B;2;34;35;37;35;35;38;31;37;24;23;22;25;41;37;38;40
asia;2026-03-31T00:00:00+01:00;+;South Korea;13;Seoul;19;Suburb;2;Preowend;2;Cat. B;2;64;60;59;64;52;57;50;50;31;27;30;30;57;59;61;57
asia;2026-04-30T00:00:00+01:00;+;South Korea;13;Seoul;19;City;1;New;1;Cat. A;1;28;31;27;27;33;31;34;32;54;55;54;55;29;30;30;29
asia;2026-04-30T00:00:00+01:00;+;South Korea;13;Seoul;19;City;1;Preowend;2;Cat. A;1;10;10;10;10;51;51;53;52;55;59;51;56;15;16;11;15
asia;2026-04-30T00:00:00+01:00;+;South Korea;13;Seoul;19;Suburb;2;New;1;Cat. A;1;12;12;13;13;49;51;52;51;31;34;30;32;13;15;16;12
asia;2026-04-30T00:00:00+01:00;+;South Korea;13;Seoul;19;Suburb;2;Preowend;2;Cat. B;2;37;42;40;36;37;33;37;38;21;16;25;20;35;33;36;35
asia;2026-04-30T00:00:00+01:00;+;South Korea;13;Seoul;19;Suburb;2;Preowend;2;Cat. B;2;61;55;62;62;55;54;54;53;31;31;29;32;63;57;65;62
asia;2026-05-31T00:00:00+01:00;+;South Korea;13;Seoul;19;City;1;New;1;Cat. A;1;28;28;31;27;33;32;36;35;57;54;55;56;26;26;25;27
asia;2026-05-31T00:00:00+01:00;+;South Korea;13;Seoul;19;City;1;Preowend;2;Cat. A;1;15;17;11;15;54;50;51;54;57;58;53;58;16;16;15;15
asia;2026-05-31T00:00:00+01:00;+;South Korea;13;Seoul;19;Suburb;2;New;1;Cat. A;1;13;18;14;13;54;55;56;53;31;32;31;32;17;15;19;19
asia;2026-05-31T00:00:00+01:00;+;South Korea;13;Seoul;19;Suburb;2;Preowend;2;Cat. B;2;34;32;31;36;37;35;35;39;24;25;23;24;38;42;36;39
asia;2026-05-31T00:00:00+01:00;+;South Korea;13;Seoul;19;Suburb;2;Preowend;2;Cat. B;2;62;58;62;63;53;50;57;55;33;38;27;32;61;65;55;60
asia;2026-06-30T00:00:00+01:00;+;South Korea;13;Seoul;19;City;1;New;1;Cat. A;1;28;24;26;29;37;34;39;36;52;53;53;54;27;30;25;27
asia;2026-06-30T00:00:00+01:00;+;South Korea;13;Seoul;19;City;1;Preowend;2;Cat. A;1;15;14;17;15;51;48;50;51;55;50;56;53;14;13;13;12
asia;2026-06-30T00:00:00+01:00;+;South Korea;13;Seoul;19;Suburb;2;New;1;Cat. A;1;15;13;15;15;50;51;47;49;28;25;30;28;17;18;21;19
asia;2026-06-30T00:00:00+01:00;+;South Korea;13;Seoul;19;Suburb;2;Preowend;2;Cat. B;2;39;39;40;39;38;39;39;39;23;25;20;23;38;39;35;38
asia;2026-06-30T00:00:00+01:00;+;South Korea;13;Seoul;19;Suburb;2;Preowend;2;Cat. B;2;62;62;56;63;52;46;55;51;34;32;28;32;61;62;59;60
asia;2026-07-31T00:00:00+01:00;+;South Korea;13;Seoul;19;City;1;New;1;Cat. A;1;26;28;21;24;39;36;39;39;53;55;49;53;27;29;25;26
asia;2026-07-31T00:00:00+01:00;+;South Korea;13;Seoul;19;City;1;Preowend;2;Cat. A;1;12;10;15;12;50;48;51;50;54;57;59;55;13;12;15;14
asia;2026-07-31T00:00:00+01:00;+;South Korea;13;Seoul;19;Suburb;2;New;1;Cat. A;1;15;11;15;15;52;55;53;50;35;38;38;35;14;12;12;14
asia;2026-07-31T00:00:00+01:00;+;South Korea;13;Seoul;19;Suburb;2;Preowend;2;Cat. B;2;37;39;42;36;35;30;35;35;24;24;24;23;40;46;36;42
asia;2026-07-31T00:00:00+01:00;+;South Korea;13;Seoul;19;Suburb;2;Preowend;2;Cat. B;2;59;53;61;59;52;51;45;51;33;29;28;33;62;62;65;60
asia;2026-08-31T00:00:00+01:00;+;South Korea;13;Seoul;19;City;1;New;1;Cat. A;1;26;27;29;26;31;30;35;32;57;55;54;56;28;26;28;26
asia;2026-08-31T00:00:00+01:00;+;South Korea;13;Seoul;19;City;1;Preowend;2;Cat. A;1;12;14;14;10;51;53;49;49;52;56;49;53;10;10;10;10
asia;2026-08-31T00:00:00+01:00;+;South Korea;13;Seoul;19;Suburb;2;New;1;Cat. A;1;16;19;21;17;49;46;51;49;30;33;26;30;18;21;13;17
asia;2026-08-31T00:00:00+01:00;+;South Korea;13;Seoul;19;Suburb;2;Preowend;2;Cat. B;2;38;39;33;38;40;43;45;41;24;25;20;23;34;34;39;34
asia;2026-08-31T00:00:00+01:00;+;South Korea;13;Seoul;19;Suburb;2;Preowend;2;Cat. B;2;63;61;58;61;51;48;49;50;30;34;35;29;60;65;61;59
asia;2026-09-30T00:00:00+01:00;+;South Korea;13;Seoul;19;City;1;New;1;Cat. A;1;30;32;30;29;35;34;34;35;52;51;51;54;25;21;24;25
asia;2026-09-30T00:00:00+01:00;+;South Korea;13;Seoul;19;City;1;Preowend;2;Cat. A;1;13;11;13;13;53;55;52;51;58;55;55;58;11;13;11;12
asia;2026-09-30T00:00:00+01:00;+;South Korea;13;Seoul;19;Suburb;2;New;1;Cat. A;1;14;13;11;14;48;49;50;50;36;39;37;35;14;11;14;14
asia;2026-09-30T00:00:00+01:00;+;South Korea;13;Seoul;19;Suburb;2;Preowend;2;Cat. B;2;36;39;36;36;38;43;35;39;25;22;27;25;38;44;35;39
asia;2026-09-30T00:00:00+01:00;+;South Korea;13;Seoul;19;Suburb;2;Preowend;2;Cat. B;2;57;56;61;59;51;56;49;52;29;30;32;30;57;63;64;59
asia;2026-10-31T00:00:00+01:00;+;South Korea;13;Seoul;19;City;1;New;1;Cat. A;1;25;20;26;25;36;38;41;36;52;56;56;53;26;22;21;25
asia;2026-10-31T00:00:00+01:00;+;South Korea;13;Seoul;19;City;1;Preowend;2;Cat. A;1;13;11;12;12;55;57;52;53;54;53;57;53;10;10;10;10
asia;2026-10-31T00:00:00+01:00;+;South Korea;13;Seoul;19;Suburb;2;New;1;Cat. A;1;15;15;19;16;50;55;47;51;30;26;28;29;12;16;10;13
asia;2026-10-31T00:00:00+01:00;+;South Korea;13;Seoul;19;Suburb;2;Preowend;2;Cat. B;2;35;40;38;36;35;29;38;34;22;25;28;22;40;44;43;39
asia;2026-10-31T00:00:00+01:00;+;South Korea;13;Seoul;19;Suburb;2;Preowend;2;Cat. B;2;58;55;58;58;51;51;54;52;35;32;38;34;60;62;57;60
asia;2020-01-31T00:00:00+01:00;+;India;14;Mumbai;20;City;1;New;1;Cat. A;1;25;28;22;24;37;33;38;38;55;58;53;54;26;29;27;26
asia;2020-01-31T00:00:00+01:00;+;India;14;Mumbai;20;City;1;Preowend;2;Cat. A;1;16;19;13;14;52;52;52;53;55;54;55;55;14;11;14;15
asia;2020-01-31T00:00:00+01:00;+;India;14;Mumbai;20;Suburb;2;New;1;Cat. A;1;13;11;12;13;52;51;51;53;35;37;36;35;13;12;13;13
asia;2020-01-31T00:00:00+01:00;+;India;14;Mumbai;20;Suburb;2;Preowend;2;Cat. B;2;40;40;41;42;40;40;42;40;21;25;22;21;36;38;32;37
asia;2020-01-31T00:00:00+01:00;+;India;14;Mumbai;20;Suburb;2;Preowend;2;Cat. B;2;59;65;57;58;56;52;52;56;35;32;32;34;57;57;58;58
asia;2020-02-29T00:00:00+01:00;+;India;14;Mumbai;20;City;1;New;1;Cat. A;1;24;24;29;25;36;33;33;35;54;56;58;56;29;31;24;29
asia;2020-02-29T00:00:00+01:00;+;India;14;Mumbai;20;City;1;Preowend;2;Cat. A;1;11;12;14;11;54;51;56;55;58;58;60;57;11;15;10;13
asia;2020-02-29T00:00:00+01:00;+;India;14;Mumbai;20;Suburb;2;New;1;Cat. A;1;12;10;10;13;51;50;55;50;35;34;36;36;18;17;21;18
asia;2020-02-29T00:00:00+01:00;+;India;14;Mumbai;20;Suburb;2;Preowend;2;Cat. B;2;40;37;41;41;36;34;33;36;24;22;26;24;35;33;40;36
asia;2020-02-29T00:00:00+01:00;+;India;14;Mumbai;20;Suburb;2;Preowend;2;Cat. B;2;58;55;54;60;52;52;52;52;31;34;26;33;62;56;65;62
asia;2020-03-31T00:00:00+01:00;+;India;14;Mumbai;20;City;1;New;1;Cat. A;1;23;27;26;23;37;37;33;37;56;54;61;56;30;27;33;28
asia;2020-03-31T00:00:00+01:00;+;India;14;Mumbai;20;City;1;Preowend;2;Cat. A;1;12;10;15;13;53;56;51;54;56;53;54;57;15;15;17;15
asia;2020-03-31T00:00:00+01:00;+;India;14;Mumbai;20;Suburb;2;New;1;Cat. A;1;18;14;20;19;54;50;56;53;33;33;35;34;17;18;17;19
asia;2020-03-31T00:00:00+01:00;+;India;14;Mumbai;20;Suburb;2;Preowend;2;Cat. B;2;40;45;45;39;41;40;44;39;20;18;19;21;38;35;34;40
asia;2020-03-31T00:00:00+01:00;+;India;14;Mumbai;20;Suburb;2;Preowend;2;Cat. B;2;60;63;60;60;56;55;53;57;27;25;26;27;63;61;60;62
asia;2020-04-30T00:00:00+01:00;+;India;14;Mumbai;20;City;1;New;1;Cat. A;1;29;26;31;28;34;33;36;33;51;54;53;50;23;26;21;23
asia;2020-04-30T00:00:00+01:00;+;India;14;Mumbai;20;City;1;Preowend;2;Cat. A;1;11;10;10;10;53;57;55;55;56;58;55;55;13;18;15;14
asia;2020-04-30T00:00:00+01:00;+;India;14;Mumbai;20;Suburb;2;New;1;Cat. A;1;13;10;16;14;53;50;54;53;29;26;31;30;15;14;12;16
asia;2020-04-30T00:00:00+01:00;+;India;14;Mumbai;20;Suburb;2;Preowend;2;Cat. B;2;39;39;45;40;39;37;38;39;23;17;19;23;37;35;40;37
asia;2020-04-30T00:00:00+01:00;+;India;14;Mumbai;20;Suburb;2;Preowend;2;Cat. B;2;58;61;55;57;55;54;50;54;33;30;36;33;59;64;64;59
asia;2020-05-31T00:00:00+01:00;+;India;14;Mumbai;20;City;1;New;1;Cat. A;1;23;20;27;23;34;36;35;34;52;52;47;50;29;25;32;28
asia;2020-05-31T00:00:00+01:00;+;India;14;Mumbai;20;City;1;Preowend;2;Cat. A;1;13;18;16;15;57;60;54;55;52;49;54;52;11;14;10;11
asia;2020-05-31T00:00:00+01:00;+;India;14;Mumbai;20;Suburb;2;New;1;Cat. A;1;16;18;13;16;53;48;52;52;32;32;30;32;19;22;19;19
asia;2020-05-31T00:00:00+01:00;+;India;14;Mumbai;20;Suburb;2;Preowend;2;Cat. B;2;40;44;38;39;38;42;36;38;18;24;15;20;37;39;37;39
asia;2020-05-31T00:00:00+01:00;+;India;14;Mumbai;20;Suburb;2;Preowend;2;Cat. B;2;56;62;61;57;51;56;52;52;30;31;31;30;59;65;55;59
asia;2020-06-30T00:00:00+01:00;+;India;14;Mumbai;20;City;1;New;1;Cat. A;1;27;22;28;27;33;33;32;33;55;52;55;55;24;25;20;25
asia;2020-06-30T00:00:00+01:00;+;India;14;Mumbai;20;City;1;Preowend;2;Cat. A;1;11;14;15;11;53;53;57;53;57;58;62;58;11;10;11;11
asia;2020-06-30T00:00:00+01:00;+;India;14;Mumbai;20;Suburb;2;New;1;Cat. A;1;19;21;15;19;55;59;55;54;32;34;28;33;17;15;17;18
asia;2020-06-30T00:00:00+01:00;+;India;14;Mumbai;20;Suburb;2;Preowend;2;Cat. B;2;42;40;38;41;34;36;35;35;18;22;16;19;40;37;36;40
asia;2020-06-30T00:00:00+01:00;+;India;14;Mumbai;20;Suburb;2;Preowend;2;Cat. B;2;59;63;57;59;57;62;52;57;29;30;22;29;58;60;55;59
asia;2020-07-31T00:00:00+01:00;+;India;14;Mumbai;20;City;1;New;1;Cat. A;1;26;25;26;28;32;37;35;32;53;49;55;53;24;28;26;24
asia;2020-07-31T00:00:00+01:00;+;India;14;Mumbai;20;City;1;Preowend;2;Cat. A;1;12;10;10;12;53;56;52;51;54;50;49;53;13;12;17;13
asia;2020-07-31T00:00:00+01:00;+;India;14;Mumbai;20;Suburb;2;New;1;Cat. A;1;17;20;20;19;54;54;56;54;29;30;28;30;14;13;14;15
asia;2020-07-31T00:00:00+01:00;+;India;14;Mumbai;20;Suburb;2;Preowend;2;Cat. B;2;36;31;41;35;40;38;42;38;22;25;23;20;42;43;40;40
asia;2020-07-31T00:00:00+01:00;+;India;14;Mumbai;20;Suburb;2;Preowend;2;Cat. B;2;60;56;67;62;55;53;49;55;32;27;36;32;60;63;56;61
asia;2020-08-31T00:00:00+01:00;+;India;14;Mumbai;20;City;1;New;1;Cat. A;1;28;27;32;27;37;39;37;39;57;59;59;56;27;23;26;27
asia;2020-08-31T00:00:00+01:00;+;India;14;Mumbai;20;City;1;Preowend;2;Cat. A;1;15;15;16;15;52;53;49;51;53;57;53;55;14;13;16;15
asia;2020-08-31T00:00:00+01:00;+;India;14;Mumbai;20;Suburb;2;New;1;Cat. A;1;15;17;18;15;50;51;53;50;35;31;32;36;19;15;15;17
asia;2020-08-31T00:00:00+01:00;+;India;14;Mumbai;20;Suburb;2;Preowend;2;Cat. B;2;42;45;42;41;36;30;35;36;21;23;25;22;38;40;44;40
asia;2020-08-31T00:00:00+01:00;+;India;14;Mumbai;20;Suburb;2;Preowend;2;Cat. B;2;62;66;59;62;54;52;48;53;33;39;27;34;57;55;56;58
asia;2020-09-30T00:00:00+01:00;+;India;14;Mumbai;20;City;1;New;1;Cat. A;1;25;21;26;25;35;34;32;33;53;56;53;53;25;26;23;25
asia;2020-09-30T00:00:00+01:00;+;India;14;Mumbai;20;City;1;Preowend;2;Cat. A;1;16;19;14;15;50;47;47;51;54;55;57;55;10;13;10;11
asia;2020-09-30T00:00:00+01:00;+;India;14;Mumbai;20;Suburb;2;New;1;Cat. A;1;18;21;19;17;53;55;50;53;31;32;36;33;15;18;14;15
asia;2020-09-30T00:00:00+01:00;+;India;14;Mumbai;20;Suburb;2;Preowend;2;Cat. B;2;40;35;37;38;34;39;40;35;22;19;22;23;39;40;36;39
asia;2020-09-30T00:00:00+01:00;+;India;14;Mumbai;20;Suburb;2;Preowend;2;Cat. B;2;57;60;60;56;56;53;57;55;32;35;29;34;63;57;64;62
asia;2020-10-31T00:00:00+01:00;+;India;14;Mumbai;20;City;1;New;1;Cat. A;1;28;32;28;28;36;37;36;36;53;55;55;52;25;28;23;24
asia;2020-10-31T00:00:00+01:00;+;India;14;Mumbai;20;City;1;Preowend;2;Cat. A;1;10;12;10;11;56;56;58;56;56;55;57;57;13;10;11;13
asia;2020-10-31T00:00:00+01:00;+;India;14;Mumbai;20;Suburb;2;New;1;Cat. A;1;19;16;15;19;56;58;59;55;33;33;35;35;14;17;12;13
asia;2020-10-31T00:00:00+01:00;+;India;14;Mumbai;20;Suburb;2;Preowend;2;Cat. B;2;37;41;39;37;39;39;34;37;24;28;27;26;36;30;35;35
asia;2020-10-31T00:00:00+01:00;+;India;14;Mumbai;20;Suburb;2;Preowend;2;Cat. B;2;64;62;58;64;55;58;53;56;28;34;32;29;57;62;63;56
asia;2020-11-30T00:00:00+01:00;+;India;14;Mumbai;20;City;1;New;1;Cat. A;1;26;30;26;26;32;37;35;32;57;57;52;57;25;27;23;25
asia;2020-11-30T00:00:00+01:00;+;India;14;Mumbai;20;City;1;Preowend;2;Cat. A;1;14;11;12;12;51;48;48;49;57;59;53;56;11;10;14;13
asia;2020-11-30T00:00:00+01:00;+;India;14;Mumbai;20;Suburb;2;New;1;Cat. A;1;17;19;20;16;54;52;51;54;32;30;34;32;18;15;16;18
asia;2020-11-30T00:00:00+01:00;+;India;14;Mumbai;20;Suburb;2;Preowend;2;Cat. B;2;39;43;34;38;35;31;38;35;19;24;15;21;36;42;37;36
asia;2020-11-30T00:00:00+01:00;+;India;14;Mumbai;20;Suburb;2;Preowend;2;Cat. B;2;57;57;58;58;49;56;53;51;32;27;28;31;58;60;58;56
asia;2020-12-31T00:00:00+01:00;+;India;14;Mumbai;20;City;1;New;1;Cat. A;1;28;25;28;28;32;36;31;34;52;56;49;54;22;27;20;23
asia;2020-12-31T00:00:00+01:00;+;India;14;Mumbai;20;City;1;Preowend;2;Cat. A;1;10;15;10;10;50;49;48;51;54;57;58;54;14;11;18;13
asia;2020-12-31T00:00:00+01:00;+;India;14;Mumbai;20;Suburb;2;New;1;Cat. A;1;13;17;13;14;49;51;46;50;32;28;35;30;14;14;17;14
asia;2020-12-31T00:00:00+01:00;+;India;14;Mumbai;20;Suburb;2;Preowend;2;Cat. B;2;39;42;44;38;39;39;36;39;22;22;28;23;39;40;40;38
asia;2020-12-31T00:00:00+01:00;+;India;14;Mumbai;20;Suburb;2;Preowend;2;Cat. B;2;60;62;61;61;50;48;51;50;32;36;25;32;56;54;52;57
asia;2021-01-31T00:00:00+01:00;+;India;14;Mumbai;20;City;1;New;1;Cat. A;1;26;28;23;28;36;33;37;37;54;56;59;54;28;29;31;28
asia;2021-01-31T00:00:00+01:00;+;India;14;Mumbai;20;City;1;Preowend;2;Cat. A;1;16;11;14;14;51;49;50;52;56;53;55;56;10;10;10;11
asia;2021-01-31T00:00:00+01:00;+;India;14;Mumbai;20;Suburb;2;New;1;Cat. A;1;12;12;14;12;54;53;55;54;28;27;27;30;13;14;16;15
asia;2021-01-31T00:00:00+01:00;+;India;14;Mumbai;20;Suburb;2;Preowend;2;Cat. B;2;39;37;44;40;39;40;34;39;25;26;24;24;40;39;44;39
asia;2021-01-31T00:00:00+01:00;+;India;14;Mumbai;20;Suburb;2;Preowend;2;Cat. B;2;63;68;63;61;56;60;52;54;32;26;26;30;57;52;53;58
asia;2021-02-28T00:00:00+01:00;+;India;14;Mumbai;20;City;1;New;1;Cat. A;1;26;27;25;26;33;33;33;32;55;58;55;55;26;28;24;24
asia;2021-02-28T00:00:00+01:00;+;India;14;Mumbai;20;City;1;Preowend;2;Cat. A;1;12;10;12;12;50;48;47;51;54;54;57;56;12;15;10;12
asia;2021-02-28T00:00:00+01:00;+;India;14;Mumbai;20;Suburb;2;New;1;Cat. A;1;17;15;15;17;55;51;51;54;29;29;27;29;17;16;13;17
asia;2021-02-28T00:00:00+01:00;+;India;14;Mumbai;20;Suburb;2;Preowend;2;Cat. B;2;37;36;35;39;34;35;40;36;21;16;23;20;38;43;42;39
asia;2021-02-28T00:00:00+01:00;+;India;14;Mumbai;20;Suburb;2;Preowend;2;Cat. B;2;61;55;56;62;50;51;53;52;28;32;34;28;62;60;60;60
asia;2021-03-31T00:00:00+01:00;+;India;14;Mumbai;20;City;1;New;1;Cat. A;1;23;26;20;25;31;34;29;31;57;52;60;55;23;27;26;24
asia;2021-03-31T00:00:00+01:00;+;India;14;Mumbai;20;City;1;Preowend;2;Cat. A;1;15;13;17;15;54;55;57;54;54;58;59;55;11;10;12;13
asia;2021-03-31T00:00:00+01:00;+;India;14;Mumbai;20;Suburb;2;New;1;Cat. A;1;16;18;13;17;50;48;46;50;32;36;31;32;13;15;13;14
asia;2021-03-31T00:00:00+01:00;+;India;14;Mumbai;20;Suburb;2;Preowend;2;Cat. B;2;38;40;39;38;37;37;37;38;22;19;25;21;39;38;38;41
asia;2021-03-31T00:00:00+01:00;+;India;14;Mumbai;20;Suburb;2;Preowend;2;Cat. B;2;59;57;59;59;56;55;60;56;32;33;29;33;61;64;66;62
asia;2021-04-30T00:00:00+01:00;+;India;14;Mumbai;20;City;1;New;1;Cat. A;1;26;27;21;24;37;39;42;37;58;59;61;57;28;32;25;30
asia;2021-04-30T00:00:00+01:00;+;India;14;Mumbai;20;City;1;Preowend;2;Cat. A;1;10;10;10;11;53;52;51;53;56;59;55;57;13;17;15;15
asia;2021-04-30T00:00:00+01:00;+;India;14;Mumbai;20;Suburb;2;New;1;Cat. A;1;19;14;15;17;52;49;49;52;33;30;34;33;16;15;16;17
asia;2021-04-30T00:00:00+01:00;+;India;14;Mumbai;20;Suburb;2;Preowend;2;Cat. B;2;41;45;43;41;34;31;33;34;20;24;18;20;38;40;35;40
asia;2021-04-30T00:00:00+01:00;+;India;14;Mumbai;20;Suburb;2;Preowend;2;Cat. B;2;62;65;62;62;53;58;50;52;30;25;30;28;60;57;61;61
asia;2021-05-31T00:00:00+01:00;+;India;14;Mumbai;20;City;1;New;1;Cat. A;1;25;27;29;27;36;33;38;34;52;53;53;51;29;26;27;28
asia;2021-05-31T00:00:00+01:00;+;India;14;Mumbai;20;City;1;Preowend;2;Cat. A;1;12;10;12;14;52;52;49;52;58;60;53;58;13;14;10;12
asia;2021-05-31T00:00:00+01:00;+;India;14;Mumbai;20;Suburb;2;New;1;Cat. A;1;18;22;14;18;51;49;47;52;29;30;30;30;16;17;12;16
asia;2021-05-31T00:00:00+01:00;+;India;14;Mumbai;20;Suburb;2;Preowend;2;Cat. B;2;41;36;40;41;39;37;44;39;25;28;19;24;38;36;40;38
asia;2021-05-31T00:00:00+01:00;+;India;14;Mumbai;20;Suburb;2;Preowend;2;Cat. B;2;60;65;60;60;50;56;52;50;33;38;32;32;62;67;60;63
asia;2021-06-30T00:00:00+01:00;+;India;14;Mumbai;20;City;1;New;1;Cat. A;1;23;27;21;25;35;39;32;34;52;50;52;52;24;26;22;24
asia;2021-06-30T00:00:00+01:00;+;India;14;Mumbai;20;City;1;Preowend;2;Cat. A;1;12;10;10;14;55;57;53;55;54;56;54;54;14;12;11;16
asia;2021-06-30T00:00:00+01:00;+;India;14;Mumbai;20;Suburb;2;New;1;Cat. A;1;12;10;10;12;50;49;49;49;35;31;36;34;13;16;11;12
asia;2021-06-30T00:00:00+01:00;+;India;14;Mumbai;20;Suburb;2;Preowend;2;Cat. B;2;42;38;43;41;36;40;39;34;24;21;27;23;37;35;36;38
asia;2021-06-30T00:00:00+01:00;+;India;14;Mumbai;20;Suburb;2;Preowend;2;Cat. B;2;59;53;63;57;53;50;53;53;31;32;36;33;58;61;58;59
asia;2021-07-31T00:00:00+01:00;+;India;14;Mumbai;20;City;1;New;1;Cat. A;1;28;29;27;29;33;34;34;33;51;48;49;52;26;22;28;25
asia;2021-07-31T00:00:00+01:00;+;India;14;Mumbai;20;City;1;Preowend;2;Cat. A;1;13;11;15;15;56;53;56;57;57;60;58;58;12;13;15;12
asia;2021-07-31T00:00:00+01:00;+;India;14;Mumbai;20;Suburb;2;New;1;Cat. A;1;19;17;17;19;51;48;53;52;31;34;32;31;16;19;19;15
asia;2021-07-31T00:00:00+01:00;+;India;14;Mumbai;20;Suburb;2;Preowend;2;Cat. B;2;36;31;33;36;39;44;36;39;25;20;26;26;37;35;42;37
asia;2021-07-31T00:00:00+01:00;+;India;14;Mumbai;20;Suburb;2;Preowend;2;Cat. B;2;58;54;56;58;49;44;51;50;27;26;30;28;59;57;61;61
asia;2021-08-31T00:00:00+01:00;+;India;14;Mumbai;20;City;1;New;1;Cat. A;1;27;31;24;28;34;32;36;36;54;54;52;53;27;29;25;26
asia;2021-08-31T00:00:00+01:00;+;India;14;Mumbai;20;City;1;Preowend;2;Cat. A;1;11;13;12;13;51;52;47;51;53;58;54;54;15;15;12;14
asia;2021-08-31T00:00:00+01:00;+;India;14;Mumbai;20;Suburb;2;New;1;Cat. A;1;16;17;18;15;51;53;51;52;30;32;29;30;12;13;11;11
asia;2021-08-31T00:00:00+01:00;+;India;14;Mumbai;20;Suburb;2;Preowend;2;Cat. B;2;36;41;41;36;39;42;44;40;23;24;27;23;39;36;43;39
asia;2021-08-31T00:00:00+01:00;+;India;14;Mumbai;20;Suburb;2;Preowend;2;Cat. B;2;58;62;55;56;54;54;60;53;31;36;27;31;59;61;57;59
asia;2021-09-30T00:00:00+01:00;+;India;14;Mumbai;20;City;1;New;1;Cat. A;1;29;31;32;27;32;33;35;32;54;57;52;54;24;22;25;26
asia;2021-09-30T00:00:00+01:00;+;India;14;Mumbai;20;City;1;Preowend;2;Cat. A;1;10;10;10;10;55;51;55;55;52;51;53;52;12;15;10;13
asia;2021-09-30T00:00:00+01:00;+;India;14;Mumbai;20;Suburb;2;New;1;Cat. A;1;16;17;19;14;56;58;56;54;30;33;30;29;16;18;15;14
asia;2021-09-30T00:00:00+01:00;+;India;14;Mumbai;20;Suburb;2;Preowend;2;Cat. B;2;38;34;39;40;35;35;32;35;22;22;24;20;36;36;40;35
asia;2021-09-30T00:00:00+01:00;+;India;14;Mumbai;20;Suburb;2;Preowend;2;Cat. B;2;59;64;58;60;52;57;54;50;31;24;35;31;62;57;62;60
asia;2021-10-31T00:00:00+01:00;+;India;14;Mumbai;20;City;1;New;1;Cat. A;1;24;21;22;22;33;34;34;32;52;53;49;52;23;27;19;24
asia;2021-10-31T00:00:00+01:00;+;India;14;Mumbai;20;City;1;Preowend;2;Cat. A;1;13;10;16;11;54;58;53;54;58;57;57;57;13;16;10;11
asia;2021-10-31T00:00:00+01:00;+;India;14;Mumbai;20;Suburb;2;New;1;Cat. A;1;17;13;13;16;54;53;53;56;34;35;36;35;14;15;10;14
asia;2021-10-31T00:00:00+01:00;+;India;14;Mumbai;20;Suburb;2;Preowend;2;Cat. B;2;42;42;44;40;35;34;40;35;21;20;26;22;34;35;31;36
asia;2021-10-31T00:00:00+01:00;+;India;14;Mumbai;20;Suburb;2;Preowend;2;Cat. B;2;59;56;55;60;53;58;59;55;34;32;36;34;59;58;54;57
asia;2021-11-30T00:00:00+01:00;+;India;14;Mumbai;20;City;1;New;1;Cat. A;1;28;30;29;29;35;36;39;35;53;57;55;52;24;22;21;25
asia;2021-11-30T00:00:00+01:00;+;India;14;Mumbai;20;City;1;Preowend;2;Cat. A;1;14;14;15;16;51;49;50;50;57;53;56;58;15;14;19;14
asia;2021-11-30T00:00:00+01:00;+;India;14;Mumbai;20;Suburb;2;New;1;Cat. A;1;13;15;13;14;50;51;50;49;30;28;33;30;19;18;17;17
asia;2021-11-30T00:00:00+01:00;+;India;14;Mumbai;20;Suburb;2;Preowend;2;Cat. B;2;38;43;34;38;34;29;33;34;19;23;16;18;40;41;39;42
asia;2021-11-30T00:00:00+01:00;+;India;14;Mumbai;20;Suburb;2;Preowend;2;Cat. B;2;57;56;58;59;52;51;59;52;32;31;29;33;59;65;56;58
asia;2021-12-31T00:00:00+01:00;+;India;14;Mumbai;20;City;1;New;1;Cat. A;1;27;31;26;27;36;34;36;37;57;60;56;56;28;32;26;30
asia;2021-12-31T00:00:00+01:00;+;India;14;Mumbai;20;City;1;Preowend;2;Cat. A;1;14;16;10;13;51;53;54;51;52;49;49;54;10;10;10;10
asia;2021-12-31T00:00:00+01:00;+;India;14;Mumbai;20;Suburb;2;New;1;Cat. A;1;14;15;14;14;51;53;46;51;34;37;39;36;14;13;10;14
asia;2021-12-31T00:00:00+01:00;+;India;14;Mumbai;20;Suburb;2;Preowend;2;Cat. B;2;37;39;40;36;34;39;34;35;24;26;20;23;38;42;37;37
asia;2021-12-31T00:00:00+01:00;+;India;14;Mumbai;20;Suburb;2;Preowend;2;Cat. B;2;58;57;64;58;53;58;60;54;32;33;31;31;59;54;62;59
asia;2022-01-31T00:00:00+01:00;+;India;14;Mumbai;20;City;1;New;1;Cat. A;1;24;27;28;25;33;30;35;35;54;51;54;54;29;26;26;27
asia;2022-01-31T00:00:00+01:00;+;India;14;Mumbai;20;City;1;Preowend;2;Cat. A;1;15;12;19;16;54;59;52;56;54;55;59;56;10;10;10;10
asia;2022-01-31T00:00:00+01:00;+;India;14;Mumbai;20;Suburb;2;New;1;Cat. A;1;12;16;14;13;52;53;50;52;34;36;31;33;19;21;16;19
asia;2022-01-31T00:00:00+01:00;+;India;14;Mumbai;20;Suburb;2;Preowend;2;Cat. B;2;42;37;43;40;34;34;33;35;24;22;27;25;34;33;30;34
asia;2022-01-31T00:00:00+01:00;+;India;14;Mumbai;20;Suburb;2;Preowend;2;Cat. B;2;56;63;61;56;51;50;53;51;28;27;32;28;57;63;61;58
asia;2022-02-28T00:00:00+01:00;+;India;14;Mumbai;20;City;1;New;1;Cat. A;1;25;27;28;26;36;31;38;34;53;54;54;52;24;27;26;25
asia;2022-02-28T00:00:00+01:00;+;India;14;Mumbai;20;City;1;Preowend;2;Cat. A;1;16;16;18;14;50;46;53;49;55;55;59;54;13;13;11;14
asia;2022-02-28T00:00:00+01:00;+;India;14;Mumbai;20;Suburb;2;New;1;Cat. A;1;16;18;11;15;54;58;57;53;32;33;28;30;14;11;10;14
asia;2022-02-28T00:00:00+01:00;+;India;14;Mumbai;20;Suburb;2;Preowend;2;Cat. B;2;38;37;42;38;35;39;29;34;24;19;26;23;35;38;35;35
asia;2022-02-28T00:00:00+01:00;+;India;14;Mumbai;20;Suburb;2;Preowend;2;Cat. B;2;57;52;61;56;51;49;53;52;31;26;32;33;60;55;65;59
asia;2022-03-31T00:00:00+01:00;+;India;14;Mumbai;20;City;1;New;1;Cat. A;1;23;26;22;24;34;31;31;33;51;50;48;52;24;25;26;23
asia;2022-03-31T00:00:00+01:00;+;India;14;Mumbai;20;City;1;Preowend;2;Cat. A;1;15;18;11;14;54;50;54;54;58;59;54;56;10;11;12;11
asia;2022-03-31T00:00:00+01:00;+;India;14;Mumbai;20;Suburb;2;New;1;Cat. A;1;14;11;13;14;54;51;52;53;31;34;31;31;13;16;10;14
asia;2022-03-31T00:00:00+01:00;+;India;14;Mumbai;20;Suburb;2;Preowend;2;Cat. B;2;37;31;34;35;37;37;35;39;23;23;17;22;34;38;30;34
asia;2022-03-31T00:00:00+01:00;+;India;14;Mumbai;20;Suburb;2;Preowend;2;Cat. B;2;62;55;59;60;55;52;56;54;29;34;31;30;61;58;56;60
asia;2022-04-30T00:00:00+01:00;+;India;14;Mumbai;20;City;1;New;1;Cat. A;1;27;23;24;27;35;40;34;35;56;60;53;57;27;27;30;29
asia;2022-04-30T00:00:00+01:00;+;India;14;Mumbai;20;City;1;Preowend;2;Cat. A;1;11;10;13;10;51;53;47;50;59;59;60;58;12;10;10;11
asia;2022-04-30T00:00:00+01:00;+;India;14;Mumbai;20;Suburb;2;New;1;Cat. A;1;17;14;15;17;56;55;58;54;33;29;35;32;16;12;13;16
asia;2022-04-30T00:00:00+01:00;+;India;14;Mumbai;20;Suburb;2;Preowend;2;Cat. B;2;35;37;40;35;36;39;40;36;21;23;24;21;38;42;41;39
asia;2022-04-30T00:00:00+01:00;+;India;14;Mumbai;20;Suburb;2;Preowend;2;Cat. B;2;62;57;62;61;53;59;55;54;34;35;36;34;62;61;67;63
asia;2022-05-31T00:00:00+01:00;+;India;14;Mumbai;20;City;1;New;1;Cat. A;1;26;24;26;25;37;37;39;38;52;54;57;54;27;27;27;28
asia;2022-05-31T00:00:00+01:00;+;India;14;Mumbai;20;City;1;Preowend;2;Cat. A;1;13;10;12;11;56;56;59;56;57;56;60;58;11;10;10;11
asia;2022-05-31T00:00:00+01:00;+;India;14;Mumbai;20;Suburb;2;New;1;Cat. A;1;16;18;15;18;51;52;50;51;34;34;37;35;13;11;13;14
asia;2022-05-31T00:00:00+01:00;+;India;14;Mumbai;20;Suburb;2;Preowend;2;Cat. B;2;36;36;30;34;35;35;38;36;20;23;18;20;39;39;36;38
asia;2022-05-31T00:00:00+01:00;+;India;14;Mumbai;20;Suburb;2;Preowend;2;Cat. B;2;58;52;58;57;53;52;48;52;32;28;32;32;59;55;58;59
asia;2022-06-30T00:00:00+01:00;+;India;14;Mumbai;20;City;1;New;1;Cat. A;1;26;29;26;26;37;32;32;35;53;53;53;53;23;23;23;25
asia;2022-06-30T00:00:00+01:00;+;India;14;Mumbai;20;City;1;Preowend;2;Cat. A;1;14;14;12;12;53;58;55;53;57;60;57;59;12;10;10;10
asia;2022-06-30T00:00:00+01:00;+;India;14;Mumbai;20;Suburb;2;New;1;Cat. A;1;16;13;13;15;54;53;53;54;34;31;31;32;14;11;10;13
asia;2022-06-30T00:00:00+01:00;+;India;14;Mumbai;20;Suburb;2;Preowend;2;Cat. B;2;41;41;42;39;35;32;32;36;23;24;24;21;40;40;43;39
asia;2022-06-30T00:00:00+01:00;+;India;14;Mumbai;20;Suburb;2;Preowend;2;Cat. B;2;56;61;58;57;55;53;53;53;34;36;37;34;59;62;56;59
asia;2022-07-31T00:00:00+01:00;+;India;14;Mumbai;20;City;1;New;1;Cat. A;1;25;26;22;24;36;36;38;37;51;51;50;52;27;26;29;28
asia;2022-07-31T00:00:00+01:00;+;India;14;Mumbai;20;City;1;Preowend;2;Cat. A;1;11;10;15;13;49;52;51;50;57;53;60;57;14;16;15;12
asia;2022-07-31T00:00:00+01:00;+;India;14;Mumbai;20;Suburb;2;New;1;Cat. A;1;15;16;15;15;50;49;50;52;32;35;35;30;12;15;14;12
asia;2022-07-31T00:00:00+01:00;+;India;14;Mumbai;20;Suburb;2;Preowend;2;Cat. B;2;40;37;45;42;36;30;34;34;20;18;21;18;40;37;41;40
asia;2022-07-31T00:00:00+01:00;+;India;14;Mumbai;20;Suburb;2;Preowend;2;Cat. B;2;63;59;65;62;50;46;54;50;30;33;35;30;59;58;62;60
asia;2022-08-31T00:00:00+01:00;+;India;14;Mumbai;20;City;1;New;1;Cat. A;1;25;23;23;25;33;31;37;32;52;56;53;53;22;21;27;22
asia;2022-08-31T00:00:00+01:00;+;India;14;Mumbai;20;City;1;Preowend;2;Cat. A;1;10;10;14;10;57;60;52;56;51;50;48;52;10;10;10;12
asia;2022-08-31T00:00:00+01:00;+;India;14;Mumbai;20;Suburb;2;New;1;Cat. A;1;18;21;17;18;50;48;50;50;34;29;30;33;17;14;18;18
asia;2022-08-31T00:00:00+01:00;+;India;14;Mumbai;20;Suburb;2;Preowend;2;Cat. B;2;39;42;42;40;40;43;42;41;23;22;26;23;41;41;39;41
asia;2022-08-31T00:00:00+01:00;+;India;14;Mumbai;20;Suburb;2;Preowend;2;Cat. B;2;60;56;66;59;50;46;54;51;32;27;35;32;63;63;61;63
asia;2022-09-30T00:00:00+01:00;+;India;14;Mumbai;20;City;1;New;1;Cat. A;1;22;22;25;24;33;37;32;35;54;56;53;53;23;23;27;24
asia;2022-09-30T00:00:00+01:00;+;India;14;Mumbai;20;City;1;Preowend;2;Cat. A;1;12;13;11;12;52;55;49;52;54;52;55;55;13;15;17;14
asia;2022-09-30T00:00:00+01:00;+;India;14;Mumbai;20;Suburb;2;New;1;Cat. A;1;18;17;18;18;56;58;51;55;31;33;33;31;12;16;10;11
asia;2022-09-30T00:00:00+01:00;+;India;14;Mumbai;20;Suburb;2;Preowend;2;Cat. B;2;36;34;30;34;36;33;40;36;24;19;26;24;40;44;42;40
asia;2022-09-30T00:00:00+01:00;+;India;14;Mumbai;20;Suburb;2;Preowend;2;Cat. B;2;60;67;63;62;51;53;58;52;30;36;32;29;60;65;61;60
asia;2022-10-31T00:00:00+01:00;+;India;14;Mumbai;20;City;1;New;1;Cat. A;1;27;30;29;29;37;39;36;35;54;54;52;56;23;23;25;22
asia;2022-10-31T00:00:00+01:00;+;India;14;Mumbai;20;City;1;Preowend;2;Cat. A;1;10;10;11;10;49;52;48;50;55;54;53;53;10;10;10;10
asia;2022-10-31T00:00:00+01:00;+;India;14;Mumbai;20;Suburb;2;New;1;Cat. A;1;16;20;15;18;52;49;49;53;35;36;36;35;12;16;16;13
asia;2022-10-31T00:00:00+01:00;+;India;14;Mumbai;20;Suburb;2;Preowend;2;Cat. B;2;38;34;42;38;40;43;42;40;24;28;22;23;36;38;39;37
asia;2022-10-31T00:00:00+01:00;+;India;14;Mumbai;20;Suburb;2;Preowend;2;Cat. B;2;60;59;53;60;54;60;52;53;29;32;27;29;59;61;56;59
asia;2022-11-30T00:00:00+01:00;+;India;14;Mumbai;20;City;1;New;1;Cat. A;1;28;30;30;29;36;36;33;35;54;58;52;55;24;27;27;25
asia;2022-11-30T00:00:00+01:00;+;India;14;Mumbai;20;City;1;Preowend;2;Cat. A;1;10;11;10;10;52;56;56;53;56;54;57;55;10;10;10;10
asia;2022-11-30T00:00:00+01:00;+;India;14;Mumbai;20;Suburb;2;New;1;Cat. A;1;19;19;20;17;49;47;47;51;30;29;35;31;13;10;11;12
asia;2022-11-30T00:00:00+01:00;+;India;14;Mumbai;20;Suburb;2;Preowend;2;Cat. B;2;34;34;35;36;38;37;42;38;19;15;17;20;35;31;30;36
asia;2022-11-30T00:00:00+01:00;+;India;14;Mumbai;20;Suburb;2;Preowend;2;Cat. B;2;56;63;53;57;50;45;48;51;32;35;34;31;58;55;53;56
asia;2022-12-31T00:00:00+01:00;+;India;14;Mumbai;20;City;1;New;1;Cat. A;1;25;30;23;26;37;35;36;35;57;58;55;58;25;28;26;26
asia;2022-12-31T00:00:00+01:00;+;India;14;Mumbai;20;City;1;Preowend;2;Cat. A;1;11;13;10;11;53;53;51;51;57;55;55;56;13;10;11;13
asia;2022-12-31T00:00:00+01:00;+;India;14;Mumbai;20;Suburb;2;New;1;Cat. A;1;13;10;12;12;53;53;51;53;30;32;32;29;14;17;13;14
asia;2022-12-31T00:00:00+01:00;+;India;14;Mumbai;20;Suburb;2;Preowend;2;Cat. B;2;36;33;37;35;37;33;32;36;24;25;21;24;35;40;36;36
asia;2022-12-31T00:00:00+01:00;+;India;14;Mumbai;20;Suburb;2;Preowend;2;Cat. B;2;63;68;68;63;53;51;58;53;32;27;25;30;58;58;53;58
asia;2023-01-31T00:00:00+01:00;+;India;14;Mumbai;20;City;1;New;1;Cat. A;1;24;29;28;25;32;31;35;32;50;52;52;52;24;25;20;23
asia;2023-01-31T00:00:00+01:00;+;India;14;Mumbai;20;City;1;Preowend;2;Cat. A;1;11;11;10;12;57;60;56;57;58;62;57;58;14;10;16;14
asia;2023-01-31T00:00:00+01:00;+;India;14;Mumbai;20;Suburb;2;New;1;Cat. A;1;16;12;16;16;52;55;50;53;31;34;30;31;17;15;19;16
asia;2023-01-31T00:00:00+01:00;+;India;14;Mumbai;20;Suburb;2;Preowend;2;Cat. B;2;36;42;41;37;39;38;34;40;24;20;23;25;34;36;30;35
asia;2023-01-31T00:00:00+01:00;+;India;14;Mumbai;20;Suburb;2;Preowend;2;Cat. B;2;57;59;59;57;49;52;55;51;34;40;37;35;62;64;66;62
asia;2023-02-28T00:00:00+01:00;+;India;14;Mumbai;20;City;1;New;1;Cat. A;1;26;26;29;28;38;38;35;38;56;54;51;56;25;22;26;26
asia;2023-02-28T00:00:00+01:00;+;India;14;Mumbai;20;City;1;Preowend;2;Cat. A;1;10;10;10;11;53;53;55;52;52;51;50;52;10;10;10;10
asia;2023-02-28T00:00:00+01:00;+;India;14;Mumbai;20;Suburb;2;New;1;Cat. A;1;16;15;14;16;52;50;53;52;33;37;35;33;13;16;15;13
asia;2023-02-28T00:00:00+01:00;+;India;14;Mumbai;20;Suburb;2;Preowend;2;Cat. B;2;35;31;35;34;37;34;38;36;25;23;19;25;38;35;36;38
asia;2023-02-28T00:00:00+01:00;+;India;14;Mumbai;20;Suburb;2;Preowend;2;Cat. B;2;60;61;56;59;52;50;45;51;32;38;38;32;62;69;65;63
asia;2023-03-31T00:00:00+01:00;+;India;14;Mumbai;20;City;1;New;1;Cat. A;1;25;27;21;25;32;36;37;33;52;53;53;51;26;23;30;26
asia;2023-03-31T00:00:00+01:00;+;India;14;Mumbai;20;City;1;Preowend;2;Cat. A;1;10;10;10;10;55;50;55;54;53;52;51;55;10;13;10;10
asia;2023-03-31T00:00:00+01:00;+;India;14;Mumbai;20;Suburb;2;New;1;Cat. A;1;14;14;10;14;51;53;51;52;33;34;32;31;15;12;16;17
asia;2023-03-31T00:00:00+01:00;+;India;14;Mumbai;20;Suburb;2;Preowend;2;Cat. B;2;36;33;35;36;39;35;42;39;20;23;20;22;41;42;36;40
asia;2023-03-31T00:00:00+01:00;+;India;14;Mumbai;20;Suburb;2;Preowend;2;Cat. B;2;58;55;61;60;53;47;51;51;28;27;35;29;62;57;58;63
asia;2023-04-30T00:00:00+01:00;+;India;14;Mumbai;20;City;1;New;1;Cat. A;1;23;20;24;24;37;40;33;37;58;61;57;58;24;23;20;23
asia;2023-04-30T00:00:00+01:00;+;India;14;Mumbai;20;City;1;Preowend;2;Cat. A;1;14;16;15;16;49;48;47;49;55;50;51;54;11;15;13;12
asia;2023-04-30T00:00:00+01:00;+;India;14;Mumbai;20;Suburb;2;New;1;Cat. A;1;17;20;15;15;49;47;47;50;32;28;27;31;12;11;11;14
asia;2023-04-30T00:00:00+01:00;+;India;14;Mumbai;20;Suburb;2;Preowend;2;Cat. B;2;40;42;36;42;41;39;44;41;23;26;27;23;38;40;37;40
asia;2023-04-30T00:00:00+01:00;+;India;14;Mumbai;20;Suburb;2;Preowend;2;Cat. B;2;63;60;61;61;53;56;53;54;29;27;26;30;62;68;63;63
asia;2023-05-31T00:00:00+01:00;+;India;14;Mumbai;20;City;1;New;1;Cat. A;1;27;30;27;29;36;34;34;37;55;51;53;53;24;19;22;22
asia;2023-05-31T00:00:00+01:00;+;India;14;Mumbai;20;City;1;Preowend;2;Cat. A;1;15;16;12;13;50;47;46;51;56;54;53;57;10;10;10;10
asia;2023-05-31T00:00:00+01:00;+;India;14;Mumbai;20;Suburb;2;New;1;Cat. A;1;12;14;14;13;50;54;50;50;35;33;32;33;17;18;16;18
asia;2023-05-31T00:00:00+01:00;+;India;14;Mumbai;20;Suburb;2;Preowend;2;Cat. B;2;41;40;42;40;39;34;40;39;19;15;15;21;38;41;37;37
asia;2023-05-31T00:00:00+01:00;+;India;14;Mumbai;20;Suburb;2;Preowend;2;Cat. B;2;60;58;56;60;49;51;56;51;29;33;31;30;58;62;55;58
asia;2023-06-30T00:00:00+01:00;+;India;14;Mumbai;20;City;1;New;1;Cat. A;1;24;26;24;23;37;36;40;36;56;56;60;57;24;29;29;26
asia;2023-06-30T00:00:00+01:00;+;India;14;Mumbai;20;City;1;Preowend;2;Cat. A;1;10;14;10;11;49;50;54;50;55;56;50;53;15;11;13;14
asia;2023-06-30T00:00:00+01:00;+;India;14;Mumbai;20;Suburb;2;New;1;Cat. A;1;15;18;18;13;56;58;59;54;29;26;31;31;19;20;19;17
asia;2023-06-30T00:00:00+01:00;+;India;14;Mumbai;20;Suburb;2;Preowend;2;Cat. B;2;39;37;39;38;36;34;39;34;21;21;25;21;36;39;35;34
asia;2023-06-30T00:00:00+01:00;+;India;14;Mumbai;20;Suburb;2;Preowend;2;Cat. B;2;59;59;54;60;53;54;59;52;33;31;33;31;58;60;52;59
asia;2023-07-31T00:00:00+01:00;+;India;14;Mumbai;20;City;1;New;1;Cat. A;1;22;25;19;22;32;34;36;33;54;52;59;55;25;22;23;25
asia;2023-07-31T00:00:00+01:00;+;India;14;Mumbai;20;City;1;Preowend;2;Cat. A;1;10;10;10;11;51;48;51;52;55;57;53;53;10;10;10;10
asia;2023-07-31T00:00:00+01:00;+;India;14;Mumbai;20;Suburb;2;New;1;Cat. A;1;19;17;14;18;52;51;55;50;36;31;38;34;16;17;13;15
asia;2023-07-31T00:00:00+01:00;+;India;14;Mumbai;20;Suburb;2;Preowend;2;Cat. B;2;39;34;40;40;38;38;40;39;21;17;15;21;38;44;43;38
asia;2023-07-31T00:00:00+01:00;+;India;14;Mumbai;20;Suburb;2;Preowend;2;Cat. B;2;61;59;67;61;53;48;49;51;28;25;27;29;57;62;59;57
asia;2023-08-31T00:00:00+01:00;+;India;14;Mumbai;20;City;1;New;1;Cat. A;1;28;26;28;28;33;35;31;34;50;49;54;51;22;21;24;22
asia;2023-08-31T00:00:00+01:00;+;India;14;Mumbai;20;City;1;Preowend;2;Cat. A;1;13;10;10;12;50;48;49;51;56;59;56;58;14;15;19;16
asia;2023-08-31T00:00:00+01:00;+;India;14;Mumbai;20;Suburb;2;New;1;Cat. A;1;17;17;19;15;55;58;53;54;33;31;36;33;16;16;15;17
asia;2023-08-31T00:00:00+01:00;+;India;14;Mumbai;20;Suburb;2;Preowend;2;Cat. B;2;40;42;40;41;41;42;36;41;24;22;20;24;36;38;31;36
asia;2023-08-31T00:00:00+01:00;+;India;14;Mumbai;20;Suburb;2;Preowend;2;Cat. B;2;61;65;56;59;54;49;55;52;32;30;27;34;62;63;56;60
asia;2023-09-30T00:00:00+01:00;+;India;14;Mumbai;20;City;1;New;1;Cat. A;1;28;31;24;27;36;37;40;35;50;47;53;51;24;23;24;26
asia;2023-09-30T00:00:00+01:00;+;India;14;Mumbai;20;City;1;Preowend;2;Cat. A;1;15;17;11;14;51;54;47;51;56;59;54;57;10;11;10;10
asia;2023-09-30T00:00:00+01:00;+;India;14;Mumbai;20;Suburb;2;New;1;Cat. A;1;19;14;14;17;49;47;46;48;36;34;38;34;12;16;13;11
asia;2023-09-30T00:00:00+01:00;+;India;14;Mumbai;20;Suburb;2;Preowend;2;Cat. B;2;40;38;41;41;39;44;35;40;25;23;23;24;38;35;42;38
asia;2023-09-30T00:00:00+01:00;+;India;14;Mumbai;20;Suburb;2;Preowend;2;Cat. B;2;61;59;62;62;54;51;51;55;33;35;38;31;61;61;62;60
asia;2023-10-31T00:00:00+01:00;+;India;14;Mumbai;20;City;1;New;1;Cat. A;1;26;23;23;28;35;34;37;35;55;55;51;54;24;27;23;24
asia;2023-10-31T00:00:00+01:00;+;India;14;Mumbai;20;City;1;Preowend;2;Cat. A;1;10;10;12;10;53;57;52;53;55;51;56;55;12;15;10;14
asia;2023-10-31T00:00:00+01:00;+;India;14;Mumbai;20;Suburb;2;New;1;Cat. A;1;16;19;16;16;49;53;52;50;34;30;38;33;14;12;11;15
asia;2023-10-31T00:00:00+01:00;+;India;14;Mumbai;20;Suburb;2;Preowend;2;Cat. B;2;41;40;44;40;35;37;29;34;20;18;24;18;42;43;43;40
asia;2023-10-31T00:00:00+01:00;+;India;14;Mumbai;20;Suburb;2;Preowend;2;Cat. B;2;60;63;65;60;51;49;48;50;32;26;27;32;62;65;66;62
asia;2023-11-30T00:00:00+01:00;+;India;14;Mumbai;20;City;1;New;1;Cat. A;1;29;28;30;28;32;29;32;33;56;53;56;56;28;31;29;26
asia;2023-11-30T00:00:00+01:00;+;India;14;Mumbai;20;City;1;Preowend;2;Cat. A;1;10;12;10;10;52;54;50;52;58;58;54;57;11;10;12;11
asia;2023-11-30T00:00:00+01:00;+;India;14;Mumbai;20;Suburb;2;New;1;Cat. A;1;15;12;13;16;54;54;56;54;30;34;34;31;13;13;11;14
asia;2023-11-30T00:00:00+01:00;+;India;14;Mumbai;20;Suburb;2;Preowend;2;Cat. B;2;37;33;35;36;39;35;40;39;25;19;29;25;39;34;38;40
asia;2023-11-30T00:00:00+01:00;+;India;14;Mumbai;20;Suburb;2;Preowend;2;Cat. B;2;61;59;59;61;50;47;52;50;35;33;39;33;59;64;56;58
asia;2023-12-31T00:00:00+01:00;+;India;14;Mumbai;20;City;1;New;1;Cat. A;1;30;32;33;29;33;29;36;31;52;50;50;52;22;22;26;22
asia;2023-12-31T00:00:00+01:00;+;India;14;Mumbai;20;City;1;Preowend;2;Cat. A;1;10;10;12;10;54;50;50;54;58;60;58;57;10;14;15;11
asia;2023-12-31T00:00:00+01:00;+;India;14;Mumbai;20;Suburb;2;New;1;Cat. A;1;19;14;14;17;52;49;49;54;33;35;36;33;19;16;22;17
asia;2023-12-31T00:00:00+01:00;+;India;14;Mumbai;20;Suburb;2;Preowend;2;Cat. B;2;36;41;38;36;40;38;43;38;23;23;17;23;38;35;38;37
asia;2023-12-31T00:00:00+01:00;+;India;14;Mumbai;20;Suburb;2;Preowend;2;Cat. B;2;60;56;59;62;55;62;51;57;31;36;33;30;57;60;56;57
asia;2024-01-31T00:00:00+01:00;+;India;14;Mumbai;20;City;1;New;1;Cat. A;1;24;20;22;24;34;33;33;34;56;59;53;54;25;29;26;26
asia;2024-01-31T00:00:00+01:00;+;India;14;Mumbai;20;City;1;Preowend;2;Cat. A;1;11;10;11;10;54;57;55;54;51;53;48;52;10;12;11;10
asia;2024-01-31T00:00:00+01:00;+;India;14;Mumbai;20;Suburb;2;New;1;Cat. A;1;16;12;12;16;54;57;51;54;33;30;38;33;12;14;14;13
asia;2024-01-31T00:00:00+01:00;+;India;14;Mumbai;20;Suburb;2;Preowend;2;Cat. B;2;34;36;32;36;40;36;40;41;24;21;22;24;41;41;41;40
asia;2024-01-31T00:00:00+01:00;+;India;14;Mumbai;20;Suburb;2;Preowend;2;Cat. B;2;62;63;66;62;53;57;54;53;33;36;28;33;60;63;59;61
asia;2024-02-29T00:00:00+01:00;+;India;14;Mumbai;20;City;1;New;1;Cat. A;1;28;32;24;29;32;31;33;32;50;54;55;52;25;22;26;23
asia;2024-02-29T00:00:00+01:00;+;India;14;Mumbai;20;City;1;Preowend;2;Cat. A;1;11;10;10;10;52;52;54;52;58;53;53;58;11;10;11;11
asia;2024-02-29T00:00:00+01:00;+;India;14;Mumbai;20;Suburb;2;New;1;Cat. A;1;16;16;14;16;51;52;52;51;29;33;32;28;18;17;15;18
asia;2024-02-29T00:00:00+01:00;+;India;14;Mumbai;20;Suburb;2;Preowend;2;Cat. B;2;42;45;39;40;36;40;32;36;22;26;22;24;39;36;35;37
asia;2024-02-29T00:00:00+01:00;+;India;14;Mumbai;20;Suburb;2;Preowend;2;Cat. B;2;56;55;63;56;51;51;54;52;33;34;37;35;62;65;64;62
asia;2024-03-31T00:00:00+01:00;+;India;14;Mumbai;20;City;1;New;1;Cat. A;1;26;22;29;25;38;36;37;38;52;50;55;52;25;27;27;27
asia;2024-03-31T00:00:00+01:00;+;India;14;Mumbai;20;City;1;Preowend;2;Cat. A;1;11;10;10;10;54;56;51;53;54;55;54;52;15;12;16;15
asia;2024-03-31T00:00:00+01:00;+;India;14;Mumbai;20;Suburb;2;New;1;Cat. A;1;17;20;18;17;52;53;53;51;33;30;32;32;18;20;19;16
asia;2024-03-31T00:00:00+01:00;+;India;14;Mumbai;20;Suburb;2;Preowend;2;Cat. B;2;39;43;40;41;40;36;39;39;24;25;27;23;35;40;35;37
asia;2024-03-31T00:00:00+01:00;+;India;14;Mumbai;20;Suburb;2;Preowend;2;Cat. B;2;58;55;60;58;54;49;59;56;28;31;28;28;62;57;58;63
asia;2024-04-30T00:00:00+01:00;+;India;14;Mumbai;20;City;1;New;1;Cat. A;1;28;26;28;26;32;30;35;34;50;51;48;51;24;20;24;22
asia;2024-04-30T00:00:00+01:00;+;India;14;Mumbai;20;City;1;Preowend;2;Cat. A;1;13;16;11;13;53;55;51;52;59;59;57;59;10;10;10;10
asia;2024-04-30T00:00:00+01:00;+;India;14;Mumbai;20;Suburb;2;New;1;Cat. A;1;15;13;11;16;52;50;54;52;34;31;31;33;13;18;11;15
asia;2024-04-30T00:00:00+01:00;+;India;14;Mumbai;20;Suburb;2;Preowend;2;Cat. B;2;41;42;36;40;38;41;33;37;23;25;27;25;41;39;36;39
asia;2024-04-30T00:00:00+01:00;+;India;14;Mumbai;20;Suburb;2;Preowend;2;Cat. B;2;57;54;57;58;52;47;48;51;31;26;32;32;57;59;52;57
asia;2024-05-31T00:00:00+01:00;+;India;14;Mumbai;20;City;1;New;1;Cat. A;1;28;27;25;29;32;32;35;32;57;57;54;56;23;27;24;23
asia;2024-05-31T00:00:00+01:00;+;India;14;Mumbai;20;City;1;Preowend;2;Cat. A;1;10;13;10;10;51;47;49;52;53;49;51;53;12;16;10;11
asia;2024-05-31T00:00:00+01:00;+;India;14;Mumbai;20;Suburb;2;New;1;Cat. A;1;14;18;14;16;51;48;53;51;32;28;29;31;13;15;16;11
asia;2024-05-31T00:00:00+01:00;+;India;14;Mumbai;20;Suburb;2;Preowend;2;Cat. B;2;35;41;32;36;35;37;31;33;20;17;18;20;41;38;45;42
asia;2024-05-31T00:00:00+01:00;+;India;14;Mumbai;20;Suburb;2;Preowend;2;Cat. B;2;60;63;62;59;54;61;55;54;35;31;29;35;59;62;64;60
asia;2024-06-30T00:00:00+01:00;+;India;14;Mumbai;20;City;1;New;1;Cat. A;1;27;29;22;26;33;36;34;32;54;50;56;53;25;20;26;24
asia;2024-06-30T00:00:00+01:00;+;India;14;Mumbai;20;City;1;Preowend;2;Cat. A;1;10;10;11;10;53;57;51;52;57;54;54;55;16;16;16;16
asia;2024-06-30T00:00:00+01:00;+;India;14;Mumbai;20;Suburb;2;New;1;Cat. A;1;14;14;10;13;50;52;46;50;32;34;30;33;16;21;15;16
asia;2024-06-30T00:00:00+01:00;+;India;14;Mumbai;20;Suburb;2;Preowend;2;Cat. B;2;39;41;43;38;36;39;38;36;21;19;22;22;40;42;38;40
asia;2024-06-30T00:00:00+01:00;+;India;14;Mumbai;20;Suburb;2;Preowend;2;Cat. B;2;62;62;69;62;51;55;55;49;30;31;29;30;59;63;63;58
asia;2024-07-31T00:00:00+01:00;+;India;14;Mumbai;20;City;1;New;1;Cat. A;1;27;28;31;28;35;31;31;34;56;59;60;57;24;20;27;23
asia;2024-07-31T00:00:00+01:00;+;India;14;Mumbai;20;City;1;Preowend;2;Cat. A;1;11;14;13;11;50;55;49;50;54;56;53;53;12;10;16;13
asia;2024-07-31T00:00:00+01:00;+;India;14;Mumbai;20;Suburb;2;New;1;Cat. A;1;17;14;18;17;53;51;51;53;33;31;35;33;14;19;16;16
asia;2024-07-31T00:00:00+01:00;+;India;14;Mumbai;20;Suburb;2;Preowend;2;Cat. B;2;38;44;44;38;34;29;33;33;23;22;23;22;41;44;40;41
asia;2024-07-31T00:00:00+01:00;+;India;14;Mumbai;20;Suburb;2;Preowend;2;Cat. B;2;61;55;56;60;55;50;60;55;28;27;26;28;56;59;57;57
asia;2024-08-31T00:00:00+01:00;+;India;14;Mumbai;20;City;1;New;1;Cat. A;1;27;27;25;28;34;33;39;36;53;52;54;51;23;28;21;24
asia;2024-08-31T00:00:00+01:00;+;India;14;Mumbai;20;City;1;Preowend;2;Cat. A;1;13;13;10;13;51;54;49;51;54;52;52;54;10;10;10;10
asia;2024-08-31T00:00:00+01:00;+;India;14;Mumbai;20;Suburb;2;New;1;Cat. A;1;16;13;15;17;52;57;55;53;35;31;38;36;17;19;21;17
asia;2024-08-31T00:00:00+01:00;+;India;14;Mumbai;20;Suburb;2;Preowend;2;Cat. B;2;35;40;34;35;37;33;36;38;22;25;17;22;42;45;37;40
asia;2024-08-31T00:00:00+01:00;+;India;14;Mumbai;20;Suburb;2;Preowend;2;Cat. B;2;59;57;62;61;54;57;51;54;30;26;30;30;58;56;53;58
asia;2024-09-30T00:00:00+01:00;+;India;14;Mumbai;20;City;1;New;1;Cat. A;1;25;24;22;24;36;33;36;36;50;53;54;52;26;22;24;25
asia;2024-09-30T00:00:00+01:00;+;India;14;Mumbai;20;City;1;Preowend;2;Cat. A;1;11;12;10;13;57;53;56;55;53;55;52;54;10;13;10;10
asia;2024-09-30T00:00:00+01:00;+;India;14;Mumbai;20;Suburb;2;New;1;Cat. A;1;15;14;19;15;53;54;51;52;33;36;36;32;16;14;14;16
asia;2024-09-30T00:00:00+01:00;+;India;14;Mumbai;20;Suburb;2;Preowend;2;Cat. B;2;39;40;34;39;41;43;41;40;26;27;24;25;40;38;43;42
asia;2024-09-30T00:00:00+01:00;+;India;14;Mumbai;20;Suburb;2;Preowend;2;Cat. B;2;60;57;61;60;54;59;57;54;30;36;29;31;63;60;58;63
asia;2024-10-31T00:00:00+01:00;+;India;14;Mumbai;20;City;1;New;1;Cat. A;1;23;26;25;23;33;30;30;33;54;55;56;56;22;22;20;22
asia;2024-10-31T00:00:00+01:00;+;India;14;Mumbai;20;City;1;Preowend;2;Cat. A;1;10;11;11;10;54;51;56;55;58;54;62;57;16;17;19;16
asia;2024-10-31T00:00:00+01:00;+;India;14;Mumbai;20;Suburb;2;New;1;Cat. A;1;13;13;17;14;55;56;56;55;30;32;27;29;15;13;16;14
asia;2024-10-31T00:00:00+01:00;+;India;14;Mumbai;20;Suburb;2;Preowend;2;Cat. B;2;40;45;41;39;41;35;37;40;23;19;22;22;39;36;43;39
asia;2024-10-31T00:00:00+01:00;+;India;14;Mumbai;20;Suburb;2;Preowend;2;Cat. B;2;64;69;58;64;55;53;51;55;28;32;25;30;61;66;60;63
asia;2024-11-30T00:00:00+01:00;+;India;14;Mumbai;20;City;1;New;1;Cat. A;1;22;20;27;22;32;32;35;31;53;58;57;54;27;32;26;28
asia;2024-11-30T00:00:00+01:00;+;India;14;Mumbai;20;City;1;Preowend;2;Cat. A;1;13;15;10;11;54;57;57;54;57;58;61;58;10;12;10;10
asia;2024-11-30T00:00:00+01:00;+;India;14;Mumbai;20;Suburb;2;New;1;Cat. A;1;13;11;10;14;56;58;57;56;34;32;30;33;11;16;10;13
asia;2024-11-30T00:00:00+01:00;+;India;14;Mumbai;20;Suburb;2;Preowend;2;Cat. B;2;37;34;40;39;33;32;36;35;25;22;28;25;39;35;33;38
asia;2024-11-30T00:00:00+01:00;+;India;14;Mumbai;20;Suburb;2;Preowend;2;Cat. B;2;59;61;55;59;51;47;46;52;29;35;28;30;62;56;65;61
asia;2024-12-31T00:00:00+01:00;+;India;14;Mumbai;20;City;1;New;1;Cat. A;1;23;22;25;25;36;35;40;35;55;59;55;55;24;21;27;25
asia;2024-12-31T00:00:00+01:00;+;India;14;Mumbai;20;City;1;Preowend;2;Cat. A;1;14;13;12;14;53;52;49;54;57;57;57;58;14;11;12;14
asia;2024-12-31T00:00:00+01:00;+;India;14;Mumbai;20;Suburb;2;New;1;Cat. A;1;17;19;12;15;56;53;58;54;34;31;36;34;19;21;22;18
asia;2024-12-31T00:00:00+01:00;+;India;14;Mumbai;20;Suburb;2;Preowend;2;Cat. B;2;41;40;37;41;35;37;32;33;19;15;25;19;37;38;39;39
asia;2024-12-31T00:00:00+01:00;+;India;14;Mumbai;20;Suburb;2;Preowend;2;Cat. B;2;64;60;59;62;54;53;61;56;34;37;40;35;57;59;59;58
asia;2025-01-31T00:00:00+01:00;+;India;14;Mumbai;20;City;1;New;1;Cat. A;1;30;28;30;30;37;37;34;35;55;58;56;53;24;24;21;25
asia;2025-01-31T00:00:00+01:00;+;India;14;Mumbai;20;City;1;Preowend;2;Cat. A;1;10;12;10;11;50;52;49;50;56;52;51;54;15;12;15;15
asia;2025-01-31T00:00:00+01:00;+;India;14;Mumbai;20;Suburb;2;New;1;Cat. A;1;12;12;16;11;48;48;45;50;31;34;28;30;14;16;10;14
asia;2025-01-31T00:00:00+01:00;+;India;14;Mumbai;20;Suburb;2;Preowend;2;Cat. B;2;36;32;32;34;34;32;31;36;23;24;23;22;36;32;30;34
asia;2025-01-31T00:00:00+01:00;+;India;14;Mumbai;20;Suburb;2;Preowend;2;Cat. B;2;60;56;56;61;56;51;52;55;32;28;36;34;61;63;58;63
asia;2025-02-28T00:00:00+01:00;+;India;14;Mumbai;20;City;1;New;1;Cat. A;1;25;24;24;26;38;36;33;37;57;55;58;56;27;26;31;26
asia;2025-02-28T00:00:00+01:00;+;India;14;Mumbai;20;City;1;Preowend;2;Cat. A;1;15;14;18;13;50;51;49;50;54;55;51;56;15;16;18;13
asia;2025-02-28T00:00:00+01:00;+;India;14;Mumbai;20;Suburb;2;New;1;Cat. A;1;15;15;12;13;56;55;57;54;28;28;30;29;17;18;13;17
asia;2025-02-28T00:00:00+01:00;+;India;14;Mumbai;20;Suburb;2;Preowend;2;Cat. B;2;39;45;44;41;39;36;43;39;18;15;17;19;40;38;40;40
asia;2025-02-28T00:00:00+01:00;+;India;14;Mumbai;20;Suburb;2;Preowend;2;Cat. B;2;61;59;60;60;51;49;46;52;31;37;38;31;58;55;60;58
asia;2025-03-31T00:00:00+01:00;+;India;14;Mumbai;20;City;1;New;1;Cat. A;1;25;29;25;27;32;32;28;31;54;49;56;54;28;24;29;27
asia;2025-03-31T00:00:00+01:00;+;India;14;Mumbai;20;City;1;Preowend;2;Cat. A;1;14;13;13;15;55;51;55;54;52;50;48;51;13;12;10;11
asia;2025-03-31T00:00:00+01:00;+;India;14;Mumbai;20;Suburb;2;New;1;Cat. A;1;12;14;15;13;50;52;50;49;29;26;30;29;17;17;17;16
asia;2025-03-31T00:00:00+01:00;+;India;14;Mumbai;20;Suburb;2;Preowend;2;Cat. B;2;38;40;34;37;40;42;41;39;19;15;23;19;35;39;32;35
asia;2025-03-31T00:00:00+01:00;+;India;14;Mumbai;20;Suburb;2;Preowend;2;Cat. B;2;58;60;55;57;50;50;48;49;34;30;34;35;61;64;56;63
asia;2025-04-30T00:00:00+01:00;+;India;14;Mumbai;20;City;1;New;1;Cat. A;1;23;26;20;22;39;34;35;38;57;52;59;55;27;32;24;28
asia;2025-04-30T00:00:00+01:00;+;India;14;Mumbai;20;City;1;Preowend;2;Cat. A;1;12;11;13;11;49;50;51;51;53;56;53;52;10;10;10;10
asia;2025-04-30T00:00:00+01:00;+;India;14;Mumbai;20;Suburb;2;New;1;Cat. A;1;13;11;14;14;50;50;52;49;30;31;29;29;15;15;13;17
asia;2025-04-30T00:00:00+01:00;+;India;14;Mumbai;20;Suburb;2;Preowend;2;Cat. B;2;34;39;36;34;36;35;37;36;20;17;16;20;41;36;43;39
asia;2025-04-30T00:00:00+01:00;+;India;14;Mumbai;20;Suburb;2;Preowend;2;Cat. B;2;63;57;57;62;51;51;51;51;32;31;32;34;64;57;69;62
asia;2025-05-31T00:00:00+01:00;+;India;14;Mumbai;20;City;1;New;1;Cat. A;1;30;32;32;28;32;28;28;33;52;51;50;52;27;23;26;27
asia;2025-05-31T00:00:00+01:00;+;India;14;Mumbai;20;City;1;Preowend;2;Cat. A;1;10;10;10;10;51;52;56;51;54;53;56;53;15;18;17;15
asia;2025-05-31T00:00:00+01:00;+;India;14;Mumbai;20;Suburb;2;New;1;Cat. A;1;13;16;10;13;54;58;54;53;29;31;26;28;12;16;13;12
asia;2025-05-31T00:00:00+01:00;+;India;14;Mumbai;20;Suburb;2;Preowend;2;Cat. B;2;37;36;35;38;37;34;35;38;24;26;28;24;38;36;41;38
asia;2025-05-31T00:00:00+01:00;+;India;14;Mumbai;20;Suburb;2;Preowend;2;Cat. B;2;56;52;62;57;53;54;58;53;30;28;32;30;64;64;65;62
asia;2025-06-30T00:00:00+01:00;+;India;14;Mumbai;20;City;1;New;1;Cat. A;1;22;19;23;22;33;29;31;32;55;58;58;55;23;21;20;22
asia;2025-06-30T00:00:00+01:00;+;India;14;Mumbai;20;City;1;Preowend;2;Cat. A;1;13;16;12;13;51;46;47;51;57;57;57;58;14;13;12;15
asia;2025-06-30T00:00:00+01:00;+;India;14;Mumbai;20;Suburb;2;New;1;Cat. A;1;13;17;18;14;53;49;57;52;32;29;33;34;16;19;20;17
asia;2025-06-30T00:00:00+01:00;+;India;14;Mumbai;20;Suburb;2;Preowend;2;Cat. B;2;37;36;39;39;38;38;43;39;18;24;24;18;40;44;43;42
asia;2025-06-30T00:00:00+01:00;+;India;14;Mumbai;20;Suburb;2;Preowend;2;Cat. B;2;62;66;67;63;55;56;50;54;31;36;30;31;64;64;67;64
asia;2025-07-31T00:00:00+01:00;+;India;14;Mumbai;20;City;1;New;1;Cat. A;1;23;22;20;23;33;36;31;34;51;47;54;52;28;26;25;27
asia;2025-07-31T00:00:00+01:00;+;India;14;Mumbai;20;City;1;Preowend;2;Cat. A;1;12;15;10;11;56;57;56;54;58;60;56;58;15;10;16;15
asia;2025-07-31T00:00:00+01:00;+;India;14;Mumbai;20;Suburb;2;New;1;Cat. A;1;17;19;21;16;52;51;53;50;35;38;39;35;15;13;19;15
asia;2025-07-31T00:00:00+01:00;+;India;14;Mumbai;20;Suburb;2;Preowend;2;Cat. B;2;36;33;33;36;39;36;43;38;21;24;24;20;34;38;39;34
asia;2025-07-31T00:00:00+01:00;+;India;14;Mumbai;20;Suburb;2;Preowend;2;Cat. B;2;60;61;56;60;53;54;50;54;31;32;27;32;61;64;64;60
asia;2025-08-31T00:00:00+01:00;+;India;14;Mumbai;20;City;1;New;1;Cat. A;1;25;23;26;25;31;29;31;32;56;53;54;56;29;26;28;28
asia;2025-08-31T00:00:00+01:00;+;India;14;Mumbai;20;City;1;Preowend;2;Cat. A;1;12;10;11;11;55;56;59;56;54;57;56;56;10;10;10;10
asia;2025-08-31T00:00:00+01:00;+;India;14;Mumbai;20;Suburb;2;New;1;Cat. A;1;18;15;15;18;51;47;50;52;32;32;28;33;13;15;10;13
asia;2025-08-31T00:00:00+01:00;+;India;14;Mumbai;20;Suburb;2;Preowend;2;Cat. B;2;40;44;38;42;39;43;42;40;23;27;17;23;41;35;41;40
asia;2025-08-31T00:00:00+01:00;+;India;14;Mumbai;20;Suburb;2;Preowend;2;Cat. B;2;63;58;64;63;54;56;49;53;29;32;25;29;58;57;55;58
asia;2025-09-30T00:00:00+01:00;+;India;14;Mumbai;20;City;1;New;1;Cat. A;1;27;25;28;27;37;40;39;36;57;58;56;57;26;28;28;28
asia;2025-09-30T00:00:00+01:00;+;India;14;Mumbai;20;City;1;Preowend;2;Cat. A;1;10;10;10;12;51;50;48;53;58;59;57;59;14;10;15;13
asia;2025-09-30T00:00:00+01:00;+;India;14;Mumbai;20;Suburb;2;New;1;Cat. A;1;13;10;11;13;53;56;54;51;29;30;28;29;16;13;12;16
asia;2025-09-30T00:00:00+01:00;+;India;14;Mumbai;20;Suburb;2;Preowend;2;Cat. B;2;40;34;40;39;35;31;31;37;22;26;25;21;36;36;40;38
asia;2025-09-30T00:00:00+01:00;+;India;14;Mumbai;20;Suburb;2;Preowend;2;Cat. B;2;59;59;63;59;52;53;54;51;28;29;28;27;59;65;59;59
asia;2025-10-31T00:00:00+01:00;+;India;14;Mumbai;20;City;1;New;1;Cat. A;1;24;25;26;24;32;35;33;33;56;60;57;57;28;28;33;30
asia;2025-10-31T00:00:00+01:00;+;India;14;Mumbai;20;City;1;Preowend;2;Cat. A;1;10;10;11;10;52;51;55;53;54;53;49;52;10;11;11;10
asia;2025-10-31T00:00:00+01:00;+;India;14;Mumbai;20;Suburb;2;New;1;Cat. A;1;12;10;10;11;48;47;49;48;34;36;37;35;18;20;17;17
asia;2025-10-31T00:00:00+01:00;+;India;14;Mumbai;20;Suburb;2;Preowend;2;Cat. B;2;35;37;31;35;39;37;39;41;20;17;21;22;39;42;42;40
asia;2025-10-31T00:00:00+01:00;+;India;14;Mumbai;20;Suburb;2;Preowend;2;Cat. B;2;61;54;55;60;51;52;50;50;29;29;30;27;62;58;59;64
asia;2025-11-30T00:00:00+01:00;+;India;14;Mumbai;20;City;1;New;1;Cat. A;1;26;27;30;26;35;36;34;33;55;56;51;53;30;26;27;28
asia;2025-11-30T00:00:00+01:00;+;India;14;Mumbai;20;City;1;Preowend;2;Cat. A;1;11;13;11;10;54;55;56;55;53;57;58;54;11;10;11;10
asia;2025-11-30T00:00:00+01:00;+;India;14;Mumbai;20;Suburb;2;New;1;Cat. A;1;15;20;15;17;50;50;51;50;30;27;33;31;13;14;13;14
asia;2025-11-30T00:00:00+01:00;+;India;14;Mumbai;20;Suburb;2;Preowend;2;Cat. B;2;37;34;34;37;35;33;38;36;25;28;26;25;37;32;38;36
asia;2025-11-30T00:00:00+01:00;+;India;14;Mumbai;20;Suburb;2;Preowend;2;Cat. B;2;62;67;61;64;54;57;58;52;34;30;28;33;59;60;58;59
asia;2025-12-31T00:00:00+01:00;+;India;14;Mumbai;20;City;1;New;1;Cat. A;1;24;20;28;23;37;40;37;37;51;52;50;50;26;25;27;27
asia;2025-12-31T00:00:00+01:00;+;India;14;Mumbai;20;City;1;Preowend;2;Cat. A;1;13;12;14;12;54;50;50;55;59;55;62;57;11;12;13;10
asia;2025-12-31T00:00:00+01:00;+;India;14;Mumbai;20;Suburb;2;New;1;Cat. A;1;16;17;14;16;51;51;52;51;33;35;29;34;11;16;13;13
asia;2025-12-31T00:00:00+01:00;+;India;14;Mumbai;20;Suburb;2;Preowend;2;Cat. B;2;34;37;38;34;36;42;42;38;24;28;23;22;40;43;35;38
asia;2025-12-31T00:00:00+01:00;+;India;14;Mumbai;20;Suburb;2;Preowend;2;Cat. B;2;62;59;63;62;53;59;56;54;33;32;35;33;62;67;57;62
asia;2026-01-31T00:00:00+01:00;+;India;14;Mumbai;20;City;1;New;1;Cat. A;1;27;25;30;26;32;35;30;32;53;52;49;52;26;29;27;26
asia;2026-01-31T00:00:00+01:00;+;India;14;Mumbai;20;City;1;Preowend;2;Cat. A;1;10;15;10;12;51;49;55;50;53;51;52;53;11;14;13;10
asia;2026-01-31T00:00:00+01:00;+;India;14;Mumbai;20;Suburb;2;New;1;Cat. A;1;14;13;19;16;54;59;54;54;29;27;26;29;15;14;15;15
asia;2026-01-31T00:00:00+01:00;+;India;14;Mumbai;20;Suburb;2;Preowend;2;Cat. B;2;36;36;37;35;34;30;29;33;20;24;23;20;41;45;42;41
asia;2026-01-31T00:00:00+01:00;+;India;14;Mumbai;20;Suburb;2;Preowend;2;Cat. B;2;59;58;57;60;50;56;45;50;27;33;25;29;61;60;65;60
asia;2026-02-28T00:00:00+01:00;+;India;14;Mumbai;20;City;1;New;1;Cat. A;1;27;31;28;28;33;30;31;32;55;57;56;56;26;23;23;26
asia;2026-02-28T00:00:00+01:00;+;India;14;Mumbai;20;City;1;Preowend;2;Cat. A;1;14;12;10;14;56;57;58;56;51;53;48;53;11;14;14;13
asia;2026-02-28T00:00:00+01:00;+;India;14;Mumbai;20;Suburb;2;New;1;Cat. A;1;14;11;17;15;52;49;49;53;30;31;27;31;13;13;10;12
asia;2026-02-28T00:00:00+01:00;+;India;14;Mumbai;20;Suburb;2;Preowend;2;Cat. B;2;40;41;34;40;41;35;40;41;22;24;24;24;36;36;40;36
asia;2026-02-28T00:00:00+01:00;+;India;14;Mumbai;20;Suburb;2;Preowend;2;Cat. B;2;61;63;60;59;54;57;55;53;34;30;35;33;62;63;63;62
asia;2026-03-31T00:00:00+01:00;+;India;14;Mumbai;20;City;1;New;1;Cat. A;1;28;30;24;27;31;33;34;31;54;57;51;55;27;29;23;28
asia;2026-03-31T00:00:00+01:00;+;India;14;Mumbai;20;City;1;Preowend;2;Cat. A;1;12;11;15;14;51;54;55;52;54;51;55;52;10;10;13;10
asia;2026-03-31T00:00:00+01:00;+;India;14;Mumbai;20;Suburb;2;New;1;Cat. A;1;17;21;19;18;54;54;50;53;31;34;31;32;12;11;16;13
asia;2026-03-31T00:00:00+01:00;+;India;14;Mumbai;20;Suburb;2;Preowend;2;Cat. B;2;37;34;41;39;39;41;35;38;19;24;24;20;40;42;40;40
asia;2026-03-31T00:00:00+01:00;+;India;14;Mumbai;20;Suburb;2;Preowend;2;Cat. B;2;58;60;61;57;51;45;57;52;32;37;37;32;60;56;55;61
asia;2026-04-30T00:00:00+01:00;+;India;14;Mumbai;20;City;1;New;1;Cat. A;1;25;21;26;25;38;35;33;38;52;51;54;53;24;21;21;24
asia;2026-04-30T00:00:00+01:00;+;India;14;Mumbai;20;City;1;Preowend;2;Cat. A;1;14;16;14;13;53;51;52;52;53;56;51;54;13;18;15;15
asia;2026-04-30T00:00:00+01:00;+;India;14;Mumbai;20;Suburb;2;New;1;Cat. A;1;17;21;22;19;52;49;49;52;29;32;28;28;11;14;10;12
asia;2026-04-30T00:00:00+01:00;+;India;14;Mumbai;20;Suburb;2;Preowend;2;Cat. B;2;38;41;35;38;40;43;45;41;24;21;21;26;37;32;41;36
asia;2026-04-30T00:00:00+01:00;+;India;14;Mumbai;20;Suburb;2;Preowend;2;Cat. B;2;64;58;62;62;53;48;58;52;35;33;31;34;56;60;53;56
asia;2026-05-31T00:00:00+01:00;+;India;14;Mumbai;20;City;1;New;1;Cat. A;1;23;24;19;22;32;32;29;33;55;54;58;55;23;23;22;24
asia;2026-05-31T00:00:00+01:00;+;India;14;Mumbai;20;City;1;Preowend;2;Cat. A;1;10;12;14;11;55;58;57;55;57;56;56;56;12;15;10;14
asia;2026-05-31T00:00:00+01:00;+;India;14;Mumbai;20;Suburb;2;New;1;Cat. A;1;18;17;18;19;53;53;51;53;33;34;29;32;13;17;15;12
asia;2026-05-31T00:00:00+01:00;+;India;14;Mumbai;20;Suburb;2;Preowend;2;Cat. B;2;40;38;40;40;35;38;33;35;18;20;22;18;38;37;41;38
asia;2026-05-31T00:00:00+01:00;+;India;14;Mumbai;20;Suburb;2;Preowend;2;Cat. B;2;56;60;59;56;56;53;53;56;32;28;33;31;59;59;66;59
asia;2026-06-30T00:00:00+01:00;+;India;14;Mumbai;20;City;1;New;1;Cat. A;1;26;28;24;27;37;39;39;37;56;59;56;57;28;31;30;29
asia;2026-06-30T00:00:00+01:00;+;India;14;Mumbai;20;City;1;Preowend;2;Cat. A;1;13;15;11;12;53;50;48;53;53;58;55;54;10;10;12;10
asia;2026-06-30T00:00:00+01:00;+;India;14;Mumbai;20;Suburb;2;New;1;Cat. A;1;18;14;16;16;50;48;54;52;34;31;30;33;12;12;15;13
asia;2026-06-30T00:00:00+01:00;+;India;14;Mumbai;20;Suburb;2;Preowend;2;Cat. B;2;37;35;43;37;34;38;34;33;24;23;20;25;39;35;36;41
asia;2026-06-30T00:00:00+01:00;+;India;14;Mumbai;20;Suburb;2;Preowend;2;Cat. B;2;59;57;52;57;50;51;57;52;30;26;30;30;59;56;64;58
asia;2026-07-31T00:00:00+01:00;+;India;14;Mumbai;20;City;1;New;1;Cat. A;1;26;25;28;26;39;39;34;38;56;52;59;55;28;27;26;28
asia;2026-07-31T00:00:00+01:00;+;India;14;Mumbai;20;City;1;Preowend;2;Cat. A;1;14;14;10;12;55;51;50;53;52;52;51;52;12;10;10;12
asia;2026-07-31T00:00:00+01:00;+;India;14;Mumbai;20;Suburb;2;New;1;Cat. A;1;16;14;12;15;49;45;53;50;30;29;26;28;15;14;11;13
asia;2026-07-31T00:00:00+01:00;+;India;14;Mumbai;20;Suburb;2;Preowend;2;Cat. B;2;39;43;40;40;35;36;41;37;23;20;18;23;39;35;34;38
asia;2026-07-31T00:00:00+01:00;+;India;14;Mumbai;20;Suburb;2;Preowend;2;Cat. B;2;59;64;54;60;54;53;55;52;31;34;32;33;61;62;59;60
asia;2026-08-31T00:00:00+01:00;+;India;14;Mumbai;20;City;1;New;1;Cat. A;1;30;29;27;30;36;36;37;37;53;53;51;51;25;28;29;26
asia;2026-08-31T00:00:00+01:00;+;India;14;Mumbai;20;City;1;Preowend;2;Cat. A;1;11;13;13;11;55;54;57;55;57;61;57;58;15;15;13;15
asia;2026-08-31T00:00:00+01:00;+;India;14;Mumbai;20;Suburb;2;New;1;Cat. A;1;14;13;11;14;50;49;49;50;28;29;30;28;14;11;11;16
asia;2026-08-31T00:00:00+01:00;+;India;14;Mumbai;20;Suburb;2;Preowend;2;Cat. B;2;36;30;35;34;38;44;42;40;22;25;21;21;40;38;37;40
asia;2026-08-31T00:00:00+01:00;+;India;14;Mumbai;20;Suburb;2;Preowend;2;Cat. B;2;59;63;54;60;54;52;54;53;32;33;37;32;58;57;61;57
asia;2026-09-30T00:00:00+01:00;+;India;14;Mumbai;20;City;1;New;1;Cat. A;1;24;25;23;22;33;29;32;32;55;53;51;56;27;31;29;28
asia;2026-09-30T00:00:00+01:00;+;India;14;Mumbai;20;City;1;Preowend;2;Cat. A;1;13;16;10;14;52;49;47;51;51;49;53;51;10;15;10;10
asia;2026-09-30T00:00:00+01:00;+;India;14;Mumbai;20;Suburb;2;New;1;Cat. A;1;12;11;10;13;53;49;56;53;34;30;35;35;12;15;10;12
asia;2026-09-30T00:00:00+01:00;+;India;14;Mumbai;20;Suburb;2;Preowend;2;Cat. B;2;39;39;42;40;36;41;37;38;21;22;22;19;40;35;40;40
asia;2026-09-30T00:00:00+01:00;+;India;14;Mumbai;20;Suburb;2;Preowend;2;Cat. B;2;61;58;62;62;51;53;47;49;34;33;36;32;58;60;58;56
asia;2026-10-31T00:00:00+01:00;+;India;14;Mumbai;20;City;1;New;1;Cat. A;1;29;25;26;30;35;34;39;35;52;49;51;54;24;25;29;24
asia;2026-10-31T00:00:00+01:00;+;India;14;Mumbai;20;City;1;Preowend;2;Cat. A;1;15;12;10;14;55;56;56;56;53;52;51;54;11;10;10;10
asia;2026-10-31T00:00:00+01:00;+;India;14;Mumbai;20;Suburb;2;New;1;Cat. A;1;13;10;12;15;54;49;51;52;34;32;29;33;18;15;16;16
asia;2026-10-31T00:00:00+01:00;+;India;14;Mumbai;20;Suburb;2;Preowend;2;Cat. B;2;36;33;32;35;39;37;34;38;23;18;23;22;37;39;37;38
asia;2026-10-31T00:00:00+01:00;+;India;14;Mumbai;20;Suburb;2;Preowend;2;Cat. B;2;57;57;63;59;49;51;51;50;33;33;36;32;64;65;60;62
northamerica;2020-01-31T00:00:00+01:00;+;Mexico;15;Mexico City;21;City;1;New;1;Cat. A;1;30;27;26;29;33;29;35;32;56;52;54;57;24;27;22;22
northamerica;2020-01-31T00:00:00+01:00;+;Mexico;15;Mexico City;21;City;1;Preowend;2;Cat. A;1;16;19;15;14;51;52;52;49;53;51;53;53;10;13;10;11
northamerica;2020-01-31T00:00:00+01:00;+;Mexico;15;Mexico City;21;Suburb;2;New;1;Cat. A;1;12;14;14;12;50;53;50;52;32;30;29;33;17;18;17;16
northamerica;2020-01-31T00:00:00+01:00;+;Mexico;15;Mexico City;21;Suburb;2;Preowend;2;Cat. B;2;35;34;40;34;36;37;37;35;24;22;27;22;38;35;41;37
northamerica;2020-01-31T00:00:00+01:00;+;Mexico;15;Mexico City;21;Suburb;2;Preowend;2;Cat. B;2;60;59;55;59;49;46;46;50;29;30;25;29;62;58;60;61
northamerica;2020-02-29T00:00:00+01:00;+;Mexico;15;Mexico City;21;City;1;New;1;Cat. A;1;30;30;33;30;35;35;33;34;57;60;60;57;23;28;27;25
northamerica;2020-02-29T00:00:00+01:00;+;Mexico;15;Mexico City;21;City;1;Preowend;2;Cat. A;1;15;16;12;15;53;54;51;55;53;54;52;51;13;18;15;13
northamerica;2020-02-29T00:00:00+01:00;+;Mexico;15;Mexico City;21;Suburb;2;New;1;Cat. A;1;12;14;10;13;55;53;53;53;31;30;27;32;14;12;12;16
northamerica;2020-02-29T00:00:00+01:00;+;Mexico;15;Mexico City;21;Suburb;2;Preowend;2;Cat. B;2;42;43;42;40;36;35;36;36;26;26;29;26;40;42;40;40
northamerica;2020-02-29T00:00:00+01:00;+;Mexico;15;Mexico City;21;Suburb;2;Preowend;2;Cat. B;2;60;65;66;61;54;51;53;53;33;32;36;33;62;62;62;63
northamerica;2020-03-31T00:00:00+01:00;+;Mexico;15;Mexico City;21;City;1;New;1;Cat. A;1;26;29;26;27;37;35;36;38;55;56;51;56;27;22;27;27
northamerica;2020-03-31T00:00:00+01:00;+;Mexico;15;Mexico City;21;City;1;Preowend;2;Cat. A;1;11;10;13;12;53;55;55;55;52;54;52;52;14;12;14;14
northamerica;2020-03-31T00:00:00+01:00;+;Mexico;15;Mexico City;21;Suburb;2;New;1;Cat. A;1;14;16;12;15;54;57;52;55;30;31;35;32;12;12;11;13
northamerica;2020-03-31T00:00:00+01:00;+;Mexico;15;Mexico City;21;Suburb;2;Preowend;2;Cat. B;2;41;40;39;42;33;36;38;34;20;26;23;20;40;46;36;40
northamerica;2020-03-31T00:00:00+01:00;+;Mexico;15;Mexico City;21;Suburb;2;Preowend;2;Cat. B;2;60;62;63;61;54;51;50;54;33;38;35;33;61;64;60;62
northamerica;2020-04-30T00:00:00+01:00;+;Mexico;15;Mexico City;21;City;1;New;1;Cat. A;1;25;24;22;24;34;36;33;33;54;56;49;52;29;28;27;30
northamerica;2020-04-30T00:00:00+01:00;+;Mexico;15;Mexico City;21;City;1;Preowend;2;Cat. A;1;16;17;16;16;54;54;58;55;52;50;54;52;15;15;16;13
northamerica;2020-04-30T00:00:00+01:00;+;Mexico;15;Mexico City;21;Suburb;2;New;1;Cat. A;1;13;10;10;14;53;53;50;52;30;26;25;29;12;16;10;11
northamerica;2020-04-30T00:00:00+01:00;+;Mexico;15;Mexico City;21;Suburb;2;Preowend;2;Cat. B;2;36;32;32;34;35;32;35;35;23;20;18;22;40;45;40;40
northamerica;2020-04-30T00:00:00+01:00;+;Mexico;15;Mexico City;21;Suburb;2;Preowend;2;Cat. B;2;60;67;61;62;56;60;50;55;33;28;31;33;56;57;60;57
northamerica;2020-05-31T00:00:00+01:00;+;Mexico;15;Mexico City;21;City;1;New;1;Cat. A;1;25;23;21;26;38;35;40;36;52;50;53;53;27;26;26;26
northamerica;2020-05-31T00:00:00+01:00;+;Mexico;15;Mexico City;21;City;1;Preowend;2;Cat. A;1;10;10;10;11;52;49;47;51;57;60;56;57;13;12;13;14
northamerica;2020-05-31T00:00:00+01:00;+;Mexico;15;Mexico City;21;Suburb;2;New;1;Cat. A;1;14;18;17;14;48;53;52;48;34;31;35;34;14;11;18;13
northamerica;2020-05-31T00:00:00+01:00;+;Mexico;15;Mexico City;21;Suburb;2;Preowend;2;Cat. B;2;40;37;36;41;39;37;41;39;20;25;23;19;39;43;41;39
northamerica;2020-05-31T00:00:00+01:00;+;Mexico;15;Mexico City;21;Suburb;2;Preowend;2;Cat. B;2;58;62;64;59;55;60;61;55;29;26;34;28;63;60;62;63
northamerica;2020-06-30T00:00:00+01:00;+;Mexico;15;Mexico City;21;City;1;New;1;Cat. A;1;28;28;27;28;33;38;30;35;51;52;52;51;24;28;22;25
northamerica;2020-06-30T00:00:00+01:00;+;Mexico;15;Mexico City;21;City;1;Preowend;2;Cat. A;1;14;13;16;15;54;57;53;56;57;56;58;58;13;16;13;15
northamerica;2020-06-30T00:00:00+01:00;+;Mexico;15;Mexico City;21;Suburb;2;New;1;Cat. A;1;17;15;15;19;53;54;56;55;32;32;29;31;17;21;19;17
northamerica;2020-06-30T00:00:00+01:00;+;Mexico;15;Mexico City;21;Suburb;2;Preowend;2;Cat. B;2;40;46;44;41;37;33;43;37;20;22;18;21;42;36;44;41
northamerica;2020-06-30T00:00:00+01:00;+;Mexico;15;Mexico City;21;Suburb;2;Preowend;2;Cat. B;2;63;63;66;62;53;48;52;54;29;35;30;28;61;60;59;62
northamerica;2020-07-31T00:00:00+01:00;+;Mexico;15;Mexico City;21;City;1;New;1;Cat. A;1;24;20;24;22;38;38;35;37;53;53;53;52;28;24;25;29
northamerica;2020-07-31T00:00:00+01:00;+;Mexico;15;Mexico City;21;City;1;Preowend;2;Cat. A;1;15;15;17;15;53;54;51;52;56;52;54;55;10;10;12;10
northamerica;2020-07-31T00:00:00+01:00;+;Mexico;15;Mexico City;21;Suburb;2;New;1;Cat. A;1;18;20;14;16;50;46;47;49;28;28;28;30;16;18;19;17
northamerica;2020-07-31T00:00:00+01:00;+;Mexico;15;Mexico City;21;Suburb;2;Preowend;2;Cat. B;2;38;43;42;39;38;35;36;39;22;24;20;21;39;35;35;38
northamerica;2020-07-31T00:00:00+01:00;+;Mexico;15;Mexico City;21;Suburb;2;Preowend;2;Cat. B;2;61;63;61;63;54;55;55;54;33;37;35;33;63;60;67;62
northamerica;2020-08-31T00:00:00+01:00;+;Mexico;15;Mexico City;21;City;1;New;1;Cat. A;1;29;28;27;27;38;34;39;37;55;54;51;56;29;29;26;27
northamerica;2020-08-31T00:00:00+01:00;+;Mexico;15;Mexico City;21;City;1;Preowend;2;Cat. A;1;10;10;10;10;51;54;53;51;52;55;52;52;10;10;10;10
northamerica;2020-08-31T00:00:00+01:00;+;Mexico;15;Mexico City;21;Suburb;2;New;1;Cat. A;1;15;15;19;16;53;56;55;53;33;35;35;32;14;17;14;15
northamerica;2020-08-31T00:00:00+01:00;+;Mexico;15;Mexico City;21;Suburb;2;Preowend;2;Cat. B;2;37;37;32;36;37;35;37;37;25;22;26;23;34;39;36;35
northamerica;2020-08-31T00:00:00+01:00;+;Mexico;15;Mexico City;21;Suburb;2;Preowend;2;Cat. B;2;61;62;56;60;54;56;57;53;31;35;37;32;57;57;55;57
northamerica;2020-09-30T00:00:00+01:00;+;Mexico;15;Mexico City;21;City;1;New;1;Cat. A;1;29;24;26;28;34;31;32;35;54;58;57;56;25;28;26;25
northamerica;2020-09-30T00:00:00+01:00;+;Mexico;15;Mexico City;21;City;1;Preowend;2;Cat. A;1;10;13;13;10;56;58;57;56;54;56;53;54;13;13;13;14
northamerica;2020-09-30T00:00:00+01:00;+;Mexico;15;Mexico City;21;Suburb;2;New;1;Cat. A;1;12;13;10;13;52;50;50;52;34;34;37;34;13;14;16;14
northamerica;2020-09-30T00:00:00+01:00;+;Mexico;15;Mexico City;21;Suburb;2;Preowend;2;Cat. B;2;36;38;32;34;37;33;42;38;26;26;22;26;41;42;38;41
northamerica;2020-09-30T00:00:00+01:00;+;Mexico;15;Mexico City;21;Suburb;2;Preowend;2;Cat. B;2;63;65;60;61;55;52;51;55;33;33;28;31;63;58;57;62
northamerica;2020-10-31T00:00:00+01:00;+;Mexico;15;Mexico City;21;City;1;New;1;Cat. A;1;29;33;30;28;32;34;33;32;54;52;52;53;24;21;21;25
northamerica;2020-10-31T00:00:00+01:00;+;Mexico;15;Mexico City;21;City;1;Preowend;2;Cat. A;1;11;13;10;10;55;53;50;53;54;56;52;54;14;14;18;15
northamerica;2020-10-31T00:00:00+01:00;+;Mexico;15;Mexico City;21;Suburb;2;New;1;Cat. A;1;19;20;17;18;53;53;55;51;36;37;32;36;15;13;11;14
northamerica;2020-10-31T00:00:00+01:00;+;Mexico;15;Mexico City;21;Suburb;2;Preowend;2;Cat. B;2;39;39;40;40;36;34;32;35;22;26;26;23;36;35;36;36
northamerica;2020-10-31T00:00:00+01:00;+;Mexico;15;Mexico City;21;Suburb;2;Preowend;2;Cat. B;2;59;63;54;57;55;53;54;56;31;27;29;31;57;62;53;57
northamerica;2020-11-30T00:00:00+01:00;+;Mexico;15;Mexico City;21;City;1;New;1;Cat. A;1;26;27;29;26;34;35;37;32;55;60;57;57;27;24;26;26
northamerica;2020-11-30T00:00:00+01:00;+;Mexico;15;Mexico City;21;City;1;Preowend;2;Cat. A;1;16;12;18;15;54;51;57;54;51;48;52;51;10;10;10;10
northamerica;2020-11-30T00:00:00+01:00;+;Mexico;15;Mexico City;21;Suburb;2;New;1;Cat. A;1;16;12;14;15;56;55;57;55;35;33;38;35;19;16;17;17
northamerica;2020-11-30T00:00:00+01:00;+;Mexico;15;Mexico City;21;Suburb;2;Preowend;2;Cat. B;2;35;31;33;35;37;38;39;39;19;18;18;19;38;34;37;38
northamerica;2020-11-30T00:00:00+01:00;+;Mexico;15;Mexico City;21;Suburb;2;Preowend;2;Cat. B;2;58;64;64;58;54;53;59;53;31;25;32;31;59;66;61;61
northamerica;2020-12-31T00:00:00+01:00;+;Mexico;15;Mexico City;21;City;1;New;1;Cat. A;1;27;26;23;26;34;35;33;33;56;55;56;58;30;33;29;29
northamerica;2020-12-31T00:00:00+01:00;+;Mexico;15;Mexico City;21;City;1;Preowend;2;Cat. A;1;10;10;10;10;52;51;54;50;53;48;49;52;11;10;10;11
northamerica;2020-12-31T00:00:00+01:00;+;Mexico;15;Mexico City;21;Suburb;2;New;1;Cat. A;1;18;14;21;19;50;50;54;50;32;28;34;32;13;15;13;12
northamerica;2020-12-31T00:00:00+01:00;+;Mexico;15;Mexico City;21;Suburb;2;Preowend;2;Cat. B;2;39;35;37;37;34;34;39;35;22;26;25;22;42;43;46;40
northamerica;2020-12-31T00:00:00+01:00;+;Mexico;15;Mexico City;21;Suburb;2;Preowend;2;Cat. B;2;58;55;58;60;53;60;57;55;34;34;34;35;57;62;55;58
northamerica;2021-01-31T00:00:00+01:00;+;Mexico;15;Mexico City;21;City;1;New;1;Cat. A;1;28;27;27;28;38;34;35;36;51;49;49;51;23;28;27;25
northamerica;2021-01-31T00:00:00+01:00;+;Mexico;15;Mexico City;21;City;1;Preowend;2;Cat. A;1;10;13;11;10;52;47;48;51;56;60;57;58;10;10;10;11
northamerica;2021-01-31T00:00:00+01:00;+;Mexico;15;Mexico City;21;Suburb;2;New;1;Cat. A;1;12;13;10;13;53;50;56;52;32;31;31;33;16;16;15;15
northamerica;2021-01-31T00:00:00+01:00;+;Mexico;15;Mexico City;21;Suburb;2;Preowend;2;Cat. B;2;38;39;38;38;36;33;38;36;20;25;20;21;36;40;41;36
northamerica;2021-01-31T00:00:00+01:00;+;Mexico;15;Mexico City;21;Suburb;2;Preowend;2;Cat. B;2;64;57;68;64;50;48;49;51;29;30;23;29;63;64;63;63
northamerica;2021-02-28T00:00:00+01:00;+;Mexico;15;Mexico City;21;City;1;New;1;Cat. A;1;27;30;23;26;35;37;38;37;54;54;50;54;23;22;26;23
northamerica;2021-02-28T00:00:00+01:00;+;Mexico;15;Mexico City;21;City;1;Preowend;2;Cat. A;1;11;13;10;10;55;55;56;53;57;55;60;57;10;11;10;10
northamerica;2021-02-28T00:00:00+01:00;+;Mexico;15;Mexico City;21;Suburb;2;New;1;Cat. A;1;14;11;16;14;54;50;51;54;29;26;31;31;13;10;10;13
northamerica;2021-02-28T00:00:00+01:00;+;Mexico;15;Mexico City;21;Suburb;2;Preowend;2;Cat. B;2;37;35;32;36;35;34;34;35;20;23;20;18;37;35;39;38
northamerica;2021-02-28T00:00:00+01:00;+;Mexico;15;Mexico City;21;Suburb;2;Preowend;2;Cat. B;2;62;58;65;63;56;60;62;55;28;29;29;28;62;66;60;63
northamerica;2021-03-31T00:00:00+01:00;+;Mexico;15;Mexico City;21;City;1;New;1;Cat. A;1;28;28;24;26;31;29;31;33;57;52;52;56;29;32;27;29
northamerica;2021-03-31T00:00:00+01:00;+;Mexico;15;Mexico City;21;City;1;Preowend;2;Cat. A;1;16;12;13;14;50;49;48;51;53;52;56;53;14;16;19;14
northamerica;2021-03-31T00:00:00+01:00;+;Mexico;15;Mexico City;21;Suburb;2;New;1;Cat. A;1;19;21;20;18;51;49;49;53;33;33;37;34;14;17;15;15
northamerica;2021-03-31T00:00:00+01:00;+;Mexico;15;Mexico City;21;Suburb;2;Preowend;2;Cat. B;2;42;36;36;41;34;39;38;35;25;30;28;25;40;41;44;41
northamerica;2021-03-31T00:00:00+01:00;+;Mexico;15;Mexico City;21;Suburb;2;Preowend;2;Cat. B;2;63;61;63;64;55;61;60;54;32;31;36;30;61;60;66;61
northamerica;2021-04-30T00:00:00+01:00;+;Mexico;15;Mexico City;21;City;1;New;1;Cat. A;1;23;21;21;22;35;34;32;36;53;49;48;52;27;28;32;27
northamerica;2021-04-30T00:00:00+01:00;+;Mexico;15;Mexico City;21;City;1;Preowend;2;Cat. A;1;15;19;12;14;50;53;48;50;55;54;58;53;15;12;18;15
northamerica;2021-04-30T00:00:00+01:00;+;Mexico;15;Mexico City;21;Suburb;2;New;1;Cat. A;1;12;10;12;13;49;51;45;50;35;32;30;33;15;17;15;17
northamerica;2021-04-30T00:00:00+01:00;+;Mexico;15;Mexico City;21;Suburb;2;Preowend;2;Cat. B;2;37;37;34;35;37;38;43;37;21;18;20;20;37;34;39;37
northamerica;2021-04-30T00:00:00+01:00;+;Mexico;15;Mexico City;21;Suburb;2;Preowend;2;Cat. B;2;56;57;63;58;51;56;58;53;33;26;26;32;62;64;67;62
northamerica;2021-05-31T00:00:00+01:00;+;Mexico;15;Mexico City;21;City;1;New;1;Cat. A;1;24;23;23;23;39;37;42;39;54;53;53;54;29;26;33;29
northamerica;2021-05-31T00:00:00+01:00;+;Mexico;15;Mexico City;21;City;1;Preowend;2;Cat. A;1;14;12;16;14;49;49;52;51;57;54;53;56;12;11;17;12
northamerica;2021-05-31T00:00:00+01:00;+;Mexico;15;Mexico City;21;Suburb;2;New;1;Cat. A;1;12;10;17;14;51;49;51;49;34;31;38;34;16;12;18;16
northamerica;2021-05-31T00:00:00+01:00;+;Mexico;15;Mexico City;21;Suburb;2;Preowend;2;Cat. B;2;37;39;43;39;37;41;34;36;20;22;22;18;41;39;38;39
northamerica;2021-05-31T00:00:00+01:00;+;Mexico;15;Mexico City;21;Suburb;2;Preowend;2;Cat. B;2;61;61;56;61;52;56;46;51;32;31;34;32;62;58;63;62
northamerica;2021-06-30T00:00:00+01:00;+;Mexico;15;Mexico City;21;City;1;New;1;Cat. A;1;24;21;23;26;34;36;35;35;56;60;58;55;27;27;23;25
northamerica;2021-06-30T00:00:00+01:00;+;Mexico;15;Mexico City;21;City;1;Preowend;2;Cat. A;1;12;15;10;11;53;52;53;54;53;49;56;54;11;10;10;11
northamerica;2021-06-30T00:00:00+01:00;+;Mexico;15;Mexico City;21;Suburb;2;New;1;Cat. A;1;15;16;16;15;54;51;57;55;33;34;35;31;14;10;17;14
northamerica;2021-06-30T00:00:00+01:00;+;Mexico;15;Mexico City;21;Suburb;2;Preowend;2;Cat. B;2;38;37;41;38;37;40;40;36;24;23;20;25;39;44;43;40
northamerica;2021-06-30T00:00:00+01:00;+;Mexico;15;Mexico City;21;Suburb;2;Preowend;2;Cat. B;2;57;58;59;58;53;50;53;54;32;33;37;32;57;58;56;59
northamerica;2021-07-31T00:00:00+01:00;+;Mexico;15;Mexico City;21;City;1;New;1;Cat. A;1;27;23;25;28;33;36;34;31;53;51;50;52;24;27;23;25
northamerica;2021-07-31T00:00:00+01:00;+;Mexico;15;Mexico City;21;City;1;Preowend;2;Cat. A;1;10;10;10;10;52;53;57;53;55;59;52;54;10;15;15;12
northamerica;2021-07-31T00:00:00+01:00;+;Mexico;15;Mexico City;21;Suburb;2;New;1;Cat. A;1;15;17;19;16;51;54;54;49;36;38;35;36;16;21;18;17
northamerica;2021-07-31T00:00:00+01:00;+;Mexico;15;Mexico City;21;Suburb;2;Preowend;2;Cat. B;2;41;41;36;40;34;33;30;36;19;20;24;19;35;40;40;36
northamerica;2021-07-31T00:00:00+01:00;+;Mexico;15;Mexico City;21;Suburb;2;Preowend;2;Cat. B;2;62;60;57;63;51;57;54;50;28;30;32;28;59;60;62;58
northamerica;2021-08-31T00:00:00+01:00;+;Mexico;15;Mexico City;21;City;1;New;1;Cat. A;1;26;24;31;27;37;40;34;37;53;53;56;54;29;25;24;27
northamerica;2021-08-31T00:00:00+01:00;+;Mexico;15;Mexico City;21;City;1;Preowend;2;Cat. A;1;10;10;13;11;52;53;54;53;54;55;52;54;10;13;10;10
northamerica;2021-08-31T00:00:00+01:00;+;Mexico;15;Mexico City;21;Suburb;2;New;1;Cat. A;1;13;14;15;11;51;53;49;50;30;28;27;31;15;15;16;16
northamerica;2021-08-31T00:00:00+01:00;+;Mexico;15;Mexico City;21;Suburb;2;Preowend;2;Cat. B;2;41;43;42;41;35;33;39;34;21;25;19;22;38;38;35;37
northamerica;2021-08-31T00:00:00+01:00;+;Mexico;15;Mexico City;21;Suburb;2;Preowend;2;Cat. B;2;64;60;62;62;56;51;52;56;34;39;33;33;57;54;63;59
northamerica;2021-09-30T00:00:00+01:00;+;Mexico;15;Mexico City;21;City;1;New;1;Cat. A;1;23;21;21;22;31;35;31;33;55;59;59;55;24;24;28;25
northamerica;2021-09-30T00:00:00+01:00;+;Mexico;15;Mexico City;21;City;1;Preowend;2;Cat. A;1;13;17;14;14;56;56;59;55;52;51;53;52;14;14;11;14
northamerica;2021-09-30T00:00:00+01:00;+;Mexico;15;Mexico City;21;Suburb;2;New;1;Cat. A;1;17;22;19;18;51;48;54;50;28;30;25;30;16;11;16;15
northamerica;2021-09-30T00:00:00+01:00;+;Mexico;15;Mexico City;21;Suburb;2;Preowend;2;Cat. B;2;39;38;38;39;33;34;39;33;21;18;20;21;39;37;34;38
northamerica;2021-09-30T00:00:00+01:00;+;Mexico;15;Mexico City;21;Suburb;2;Preowend;2;Cat. B;2;58;63;60;57;51;50;50;53;31;26;31;31;59;61;61;58
northamerica;2021-10-31T00:00:00+01:00;+;Mexico;15;Mexico City;21;City;1;New;1;Cat. A;1;23;26;21;23;34;32;32;34;52;49;53;50;28;30;31;28
northamerica;2021-10-31T00:00:00+01:00;+;Mexico;15;Mexico City;21;City;1;Preowend;2;Cat. A;1;10;10;13;11;56;55;52;56;57;58;54;56;10;10;10;10
northamerica;2021-10-31T00:00:00+01:00;+;Mexico;15;Mexico City;21;Suburb;2;New;1;Cat. A;1;12;13;11;12;53;51;55;53;33;31;38;35;13;15;16;15
northamerica;2021-10-31T00:00:00+01:00;+;Mexico;15;Mexico City;21;Suburb;2;Preowend;2;Cat. B;2;38;40;34;39;35;37;36;34;22;22;25;20;37;35;35;37
northamerica;2021-10-31T00:00:00+01:00;+;Mexico;15;Mexico City;21;Suburb;2;Preowend;2;Cat. B;2;58;58;62;58;54;53;48;55;33;35;35;31;62;55;56;60
northamerica;2021-11-30T00:00:00+01:00;+;Mexico;15;Mexico City;21;City;1;New;1;Cat. A;1;27;26;23;28;35;37;34;35;56;52;59;56;25;29;25;25
northamerica;2021-11-30T00:00:00+01:00;+;Mexico;15;Mexico City;21;City;1;Preowend;2;Cat. A;1;10;14;14;10;56;58;56;55;53;58;55;54;12;13;16;11
northamerica;2021-11-30T00:00:00+01:00;+;Mexico;15;Mexico City;21;Suburb;2;New;1;Cat. A;1;17;12;14;15;53;57;57;55;30;26;27;29;19;22;17;19
northamerica;2021-11-30T00:00:00+01:00;+;Mexico;15;Mexico City;21;Suburb;2;Preowend;2;Cat. B;2;39;34;39;40;41;39;39;40;21;21;20;22;35;32;38;35
northamerica;2021-11-30T00:00:00+01:00;+;Mexico;15;Mexico City;21;Suburb;2;Preowend;2;Cat. B;2;62;58;65;60;49;52;52;50;28;30;23;27;59;55;61;58
northamerica;2021-12-31T00:00:00+01:00;+;Mexico;15;Mexico City;21;City;1;New;1;Cat. A;1;29;25;25;30;37;34;33;36;51;47;52;51;24;29;27;25
northamerica;2021-12-31T00:00:00+01:00;+;Mexico;15;Mexico City;21;City;1;Preowend;2;Cat. A;1;13;10;14;14;52;55;47;52;53;49;54;52;14;17;11;16
northamerica;2021-12-31T00:00:00+01:00;+;Mexico;15;Mexico City;21;Suburb;2;New;1;Cat. A;1;16;14;13;16;50;47;52;49;28;30;30;28;15;18;12;17
northamerica;2021-12-31T00:00:00+01:00;+;Mexico;15;Mexico City;21;Suburb;2;Preowend;2;Cat. B;2;36;31;38;36;38;34;38;39;22;20;22;22;38;39;35;37
northamerica;2021-12-31T00:00:00+01:00;+;Mexico;15;Mexico City;21;Suburb;2;Preowend;2;Cat. B;2;58;58;54;57;52;48;53;51;32;38;32;34;64;66;63;64
northamerica;2022-01-31T00:00:00+01:00;+;Mexico;15;Mexico City;21;City;1;New;1;Cat. A;1;25;20;20;25;33;37;34;33;52;54;53;53;25;23;21;25
northamerica;2022-01-31T00:00:00+01:00;+;Mexico;15;Mexico City;21;City;1;Preowend;2;Cat. A;1;11;10;14;12;55;57;57;55;54;57;55;54;15;11;13;16
northamerica;2022-01-31T00:00:00+01:00;+;Mexico;15;Mexico City;21;Suburb;2;New;1;Cat. A;1;13;10;11;14;53;54;54;52;31;33;31;32;12;17;10;13
northamerica;2022-01-31T00:00:00+01:00;+;Mexico;15;Mexico City;21;Suburb;2;Preowend;2;Cat. B;2;42;46;42;40;35;32;40;37;21;21;26;20;35;38;40;35
northamerica;2022-01-31T00:00:00+01:00;+;Mexico;15;Mexico City;21;Suburb;2;Preowend;2;Cat. B;2;60;55;54;59;57;58;58;55;29;31;27;29;57;53;58;57
northamerica;2022-02-28T00:00:00+01:00;+;Mexico;15;Mexico City;21;City;1;New;1;Cat. A;1;25;21;24;25;35;35;38;34;53;51;53;51;28;31;25;29
northamerica;2022-02-28T00:00:00+01:00;+;Mexico;15;Mexico City;21;City;1;Preowend;2;Cat. A;1;13;10;10;11;54;57;53;54;55;57;54;54;14;11;13;14
northamerica;2022-02-28T00:00:00+01:00;+;Mexico;15;Mexico City;21;Suburb;2;New;1;Cat. A;1;16;13;19;16;53;50;56;55;33;29;29;32;13;10;12;13
northamerica;2022-02-28T00:00:00+01:00;+;Mexico;15;Mexico City;21;Suburb;2;Preowend;2;Cat. B;2;37;32;39;36;37;41;40;38;24;23;26;22;42;39;39;41
northamerica;2022-02-28T00:00:00+01:00;+;Mexico;15;Mexico City;21;Suburb;2;Preowend;2;Cat. B;2;58;57;54;58;57;50;59;55;32;26;30;30;61;64;60;59
northamerica;2022-03-31T00:00:00+01:00;+;Mexico;15;Mexico City;21;City;1;New;1;Cat. A;1;23;25;24;23;35;36;33;37;51;51;49;53;25;27;29;26
northamerica;2022-03-31T00:00:00+01:00;+;Mexico;15;Mexico City;21;City;1;Preowend;2;Cat. A;1;10;10;10;10;51;53;50;49;55;53;52;54;15;14;19;16
northamerica;2022-03-31T00:00:00+01:00;+;Mexico;15;Mexico City;21;Suburb;2;New;1;Cat. A;1;13;12;10;13;48;47;49;50;33;29;37;33;14;17;15;16
northamerica;2022-03-31T00:00:00+01:00;+;Mexico;15;Mexico City;21;Suburb;2;Preowend;2;Cat. B;2;38;34;40;38;34;32;34;34;20;25;25;19;35;37;32;35
northamerica;2022-03-31T00:00:00+01:00;+;Mexico;15;Mexico City;21;Suburb;2;Preowend;2;Cat. B;2;60;58;59;61;57;56;51;57;32;29;26;32;56;53;59;57
northamerica;2022-04-30T00:00:00+01:00;+;Mexico;15;Mexico City;21;City;1;New;1;Cat. A;1;25;24;22;25;38;38;36;37;56;54;53;57;24;23;26;25
northamerica;2022-04-30T00:00:00+01:00;+;Mexico;15;Mexico City;21;City;1;Preowend;2;Cat. A;1;13;16;14;12;49;47;53;49;51;53;48;51;11;10;14;10
northamerica;2022-04-30T00:00:00+01:00;+;Mexico;15;Mexico City;21;Suburb;2;New;1;Cat. A;1;14;16;11;12;54;52;54;56;35;31;39;35;11;14;15;11
northamerica;2022-04-30T00:00:00+01:00;+;Mexico;15;Mexico City;21;Suburb;2;Preowend;2;Cat. B;2;36;36;35;37;34;30;36;33;20;16;22;18;41;36;43;41
northamerica;2022-04-30T00:00:00+01:00;+;Mexico;15;Mexico City;21;Suburb;2;Preowend;2;Cat. B;2;58;56;65;59;51;57;47;50;31;27;26;32;57;51;53;57
northamerica;2022-05-31T00:00:00+01:00;+;Mexico;15;Mexico City;21;City;1;New;1;Cat. A;1;23;22;20;25;33;33;36;33;54;57;51;54;26;23;27;26
northamerica;2022-05-31T00:00:00+01:00;+;Mexico;15;Mexico City;21;City;1;Preowend;2;Cat. A;1;13;12;17;14;51;55;52;53;55;50;52;54;10;10;13;10
northamerica;2022-05-31T00:00:00+01:00;+;Mexico;15;Mexico City;21;Suburb;2;New;1;Cat. A;1;11;10;10;12;53;49;50;52;30;31;29;30;14;17;15;13
northamerica;2022-05-31T00:00:00+01:00;+;Mexico;15;Mexico City;21;Suburb;2;Preowend;2;Cat. B;2;39;43;39;37;37;40;39;37;21;25;25;22;41;43;40;40
northamerica;2022-05-31T00:00:00+01:00;+;Mexico;15;Mexico City;21;Suburb;2;Preowend;2;Cat. B;2;62;63;56;62;54;58;49;55;29;32;32;28;59;60;58;59
northamerica;2022-06-30T00:00:00+01:00;+;Mexico;15;Mexico City;21;City;1;New;1;Cat. A;1;24;27;22;23;36;33;34;35;54;55;59;55;29;30;28;28
northamerica;2022-06-30T00:00:00+01:00;+;Mexico;15;Mexico City;21;City;1;Preowend;2;Cat. A;1;10;13;11;10;54;56;52;53;54;49;51;52;10;10;12;10
northamerica;2022-06-30T00:00:00+01:00;+;Mexico;15;Mexico City;21;Suburb;2;New;1;Cat. A;1;17;18;13;16;49;46;46;49;34;39;39;35;11;12;14;12
northamerica;2022-06-30T00:00:00+01:00;+;Mexico;15;Mexico City;21;Suburb;2;Preowend;2;Cat. B;2;35;31;39;37;39;42;34;37;19;15;20;18;38;43;35;39
northamerica;2022-06-30T00:00:00+01:00;+;Mexico;15;Mexico City;21;Suburb;2;Preowend;2;Cat. B;2;60;58;57;62;56;53;57;57;34;37;35;34;63;63;67;63
northamerica;2022-07-31T00:00:00+01:00;+;Mexico;15;Mexico City;21;City;1;New;1;Cat. A;1;28;28;27;28;31;36;34;32;54;56;53;53;22;19;27;23
northamerica;2022-07-31T00:00:00+01:00;+;Mexico;15;Mexico City;21;City;1;Preowend;2;Cat. A;1;13;11;13;14;50;48;55;50;53;50;57;54;12;12;13;13
northamerica;2022-07-31T00:00:00+01:00;+;Mexico;15;Mexico City;21;Suburb;2;New;1;Cat. A;1;13;11;10;12;56;55;51;54;33;32;34;32;18;20;20;17
northamerica;2022-07-31T00:00:00+01:00;+;Mexico;15;Mexico City;21;Suburb;2;Preowend;2;Cat. B;2;39;42;37;38;37;35;37;36;22;19;17;21;38;42;36;39
northamerica;2022-07-31T00:00:00+01:00;+;Mexico;15;Mexico City;21;Suburb;2;Preowend;2;Cat. B;2;61;67;68;63;54;60;57;54;27;32;25;29;63;66;69;63
northamerica;2022-08-31T00:00:00+01:00;+;Mexico;15;Mexico City;21;City;1;New;1;Cat. A;1;22;27;24;24;32;36;33;34;54;52;57;53;24;23;26;24
northamerica;2022-08-31T00:00:00+01:00;+;Mexico;15;Mexico City;21;City;1;Preowend;2;Cat. A;1;10;10;10;10;50;48;55;50;55;55;51;55;11;14;10;13
northamerica;2022-08-31T00:00:00+01:00;+;Mexico;15;Mexico City;21;Suburb;2;New;1;Cat. A;1;13;10;13;14;55;52;51;54;34;32;33;33;14;16;16;13
northamerica;2022-08-31T00:00:00+01:00;+;Mexico;15;Mexico City;21;Suburb;2;Preowend;2;Cat. B;2;34;38;32;35;33;29;30;35;21;17;18;19;40;44;40;38
northamerica;2022-08-31T00:00:00+01:00;+;Mexico;15;Mexico City;21;Suburb;2;Preowend;2;Cat. B;2;60;57;61;60;50;44;51;51;29;29;35;29;56;63;62;57
northamerica;2022-09-30T00:00:00+01:00;+;Mexico;15;Mexico City;21;City;1;New;1;Cat. A;1;25;23;23;25;35;34;35;35;55;53;53;56;22;19;24;23
northamerica;2022-09-30T00:00:00+01:00;+;Mexico;15;Mexico City;21;City;1;Preowend;2;Cat. A;1;13;14;17;13;55;54;56;56;58;55;61;58;15;12;12;14
northamerica;2022-09-30T00:00:00+01:00;+;Mexico;15;Mexico City;21;Suburb;2;New;1;Cat. A;1;17;21;16;18;49;45;53;49;34;36;35;35;17;15;15;17
northamerica;2022-09-30T00:00:00+01:00;+;Mexico;15;Mexico City;21;Suburb;2;Preowend;2;Cat. B;2;36;37;38;35;39;37;40;38;21;27;19;23;37;43;36;38
northamerica;2022-09-30T00:00:00+01:00;+;Mexico;15;Mexico City;21;Suburb;2;Preowend;2;Cat. B;2;58;55;59;58;50;48;46;49;30;30;29;30;57;51;55;58
northamerica;2022-10-31T00:00:00+01:00;+;Mexico;15;Mexico City;21;City;1;New;1;Cat. A;1;27;24;23;25;36;38;39;37;58;58;55;57;26;24;22;26
northamerica;2022-10-31T00:00:00+01:00;+;Mexico;15;Mexico City;21;City;1;Preowend;2;Cat. A;1;14;11;11;13;56;58;54;56;55;51;58;53;15;14;11;16
northamerica;2022-10-31T00:00:00+01:00;+;Mexico;15;Mexico City;21;Suburb;2;New;1;Cat. A;1;15;15;19;16;49;47;54;51;31;33;35;30;13;15;13;12
northamerica;2022-10-31T00:00:00+01:00;+;Mexico;15;Mexico City;21;Suburb;2;Preowend;2;Cat. B;2;36;32;34;36;39;40;39;39;20;18;15;20;40;39;36;40
northamerica;2022-10-31T00:00:00+01:00;+;Mexico;15;Mexico City;21;Suburb;2;Preowend;2;Cat. B;2;63;67;64;62;52;50;54;52;27;33;33;29;60;59;53;58
northamerica;2022-11-30T00:00:00+01:00;+;Mexico;15;Mexico City;21;City;1;New;1;Cat. A;1;23;21;27;25;34;29;30;32;51;47;47;50;28;31;25;27
northamerica;2022-11-30T00:00:00+01:00;+;Mexico;15;Mexico City;21;City;1;Preowend;2;Cat. A;1;10;10;12;10;57;58;52;57;56;59;55;57;13;10;16;12
northamerica;2022-11-30T00:00:00+01:00;+;Mexico;15;Mexico City;21;Suburb;2;New;1;Cat. A;1;13;15;16;12;53;49;50;52;33;37;35;33;14;18;12;15
northamerica;2022-11-30T00:00:00+01:00;+;Mexico;15;Mexico City;21;Suburb;2;Preowend;2;Cat. B;2;36;38;40;35;35;29;36;33;22;26;17;23;35;38;32;36
northamerica;2022-11-30T00:00:00+01:00;+;Mexico;15;Mexico City;21;Suburb;2;Preowend;2;Cat. B;2;58;59;52;58;53;49;49;52;29;31;34;29;62;61;59;61
northamerica;2022-12-31T00:00:00+01:00;+;Mexico;15;Mexico City;21;City;1;New;1;Cat. A;1;25;29;27;25;37;41;40;39;50;47;49;51;28;23;31;27
northamerica;2022-12-31T00:00:00+01:00;+;Mexico;15;Mexico City;21;City;1;Preowend;2;Cat. A;1;16;11;11;14;53;52;52;51;54;54;57;54;14;12;17;16
northamerica;2022-12-31T00:00:00+01:00;+;Mexico;15;Mexico City;21;Suburb;2;New;1;Cat. A;1;13;14;16;12;55;55;57;56;32;28;34;32;17;17;13;16
northamerica;2022-12-31T00:00:00+01:00;+;Mexico;15;Mexico City;21;Suburb;2;Preowend;2;Cat. B;2;40;39;36;38;39;34;35;39;19;16;20;18;35;38;31;35
northamerica;2022-12-31T00:00:00+01:00;+;Mexico;15;Mexico City;21;Suburb;2;Preowend;2;Cat. B;2;59;60;64;58;51;50;49;53;29;33;23;29;64;60;66;62
northamerica;2023-01-31T00:00:00+01:00;+;Mexico;15;Mexico City;21;City;1;New;1;Cat. A;1;26;22;24;24;35;36;33;37;57;54;53;57;24;21;23;24
northamerica;2023-01-31T00:00:00+01:00;+;Mexico;15;Mexico City;21;City;1;Preowend;2;Cat. A;1;12;12;15;11;51;50;52;51;54;54;56;54;12;16;10;11
northamerica;2023-01-31T00:00:00+01:00;+;Mexico;15;Mexico City;21;Suburb;2;New;1;Cat. A;1;11;12;15;12;51;49;54;52;30;31;26;29;18;17;22;18
northamerica;2023-01-31T00:00:00+01:00;+;Mexico;15;Mexico City;21;Suburb;2;Preowend;2;Cat. B;2;36;34;40;36;39;41;39;38;24;23;29;25;42;43;44;40
northamerica;2023-01-31T00:00:00+01:00;+;Mexico;15;Mexico City;21;Suburb;2;Preowend;2;Cat. B;2;59;63;53;60;53;53;48;51;31;30;24;29;58;64;56;58
northamerica;2023-02-28T00:00:00+01:00;+;Mexico;15;Mexico City;21;City;1;New;1;Cat. A;1;29;31;32;29;36;33;38;36;57;54;53;57;24;21;29;25
northamerica;2023-02-28T00:00:00+01:00;+;Mexico;15;Mexico City;21;City;1;Preowend;2;Cat. A;1;10;12;13;10;51;55;48;51;54;58;56;55;14;19;11;14
northamerica;2023-02-28T00:00:00+01:00;+;Mexico;15;Mexico City;21;Suburb;2;New;1;Cat. A;1;15;19;16;16;51;49;53;50;34;33;36;35;12;16;14;11
northamerica;2023-02-28T00:00:00+01:00;+;Mexico;15;Mexico City;21;Suburb;2;Preowend;2;Cat. B;2;38;33;40;38;35;34;32;34;23;28;24;24;38;36;41;38
northamerica;2023-02-28T00:00:00+01:00;+;Mexico;15;Mexico City;21;Suburb;2;Preowend;2;Cat. B;2;63;60;68;64;56;57;56;57;32;32;36;32;57;60;58;59
northamerica;2023-03-31T00:00:00+01:00;+;Mexico;15;Mexico City;21;City;1;New;1;Cat. A;1;26;29;23;27;39;42;40;39;55;53;52;53;28;28;28;26
northamerica;2023-03-31T00:00:00+01:00;+;Mexico;15;Mexico City;21;City;1;Preowend;2;Cat. A;1;10;15;10;11;49;52;47;50;55;57;56;54;14;16;14;16
northamerica;2023-03-31T00:00:00+01:00;+;Mexico;15;Mexico City;21;Suburb;2;New;1;Cat. A;1;17;13;20;18;55;57;57;55;31;32;31;30;15;12;11;14
northamerica;2023-03-31T00:00:00+01:00;+;Mexico;15;Mexico City;21;Suburb;2;Preowend;2;Cat. B;2;40;38;43;40;40;37;42;41;22;20;18;24;36;34;42;36
northamerica;2023-03-31T00:00:00+01:00;+;Mexico;15;Mexico City;21;Suburb;2;Preowend;2;Cat. B;2;59;61;59;61;50;50;53;49;28;23;28;27;62;69;61;62
northamerica;2023-04-30T00:00:00+01:00;+;Mexico;15;Mexico City;21;City;1;New;1;Cat. A;1;27;27;31;27;37;40;35;35;53;51;50;53;24;19;22;24
northamerica;2023-04-30T00:00:00+01:00;+;Mexico;15;Mexico City;21;City;1;Preowend;2;Cat. A;1;14;13;17;16;57;52;53;56;52;55;53;53;10;10;12;11
northamerica;2023-04-30T00:00:00+01:00;+;Mexico;15;Mexico City;21;Suburb;2;New;1;Cat. A;1;12;10;11;11;55;54;58;54;29;25;25;29;16;14;14;14
northamerica;2023-04-30T00:00:00+01:00;+;Mexico;15;Mexico City;21;Suburb;2;Preowend;2;Cat. B;2;38;37;39;39;39;36;42;39;23;21;24;22;35;39;31;37
northamerica;2023-04-30T00:00:00+01:00;+;Mexico;15;Mexico City;21;Suburb;2;Preowend;2;Cat. B;2;58;64;57;58;53;50;53;55;29;31;30;28;61;67;65;61
northamerica;2023-05-31T00:00:00+01:00;+;Mexico;15;Mexico City;21;City;1;New;1;Cat. A;1;28;26;31;27;37;33;34;37;51;54;51;52;25;20;24;25
northamerica;2023-05-31T00:00:00+01:00;+;Mexico;15;Mexico City;21;City;1;Preowend;2;Cat. A;1;15;17;18;15;54;54;51;53;51;56;52;52;10;13;10;11
northamerica;2023-05-31T00:00:00+01:00;+;Mexico;15;Mexico City;21;Suburb;2;New;1;Cat. A;1;16;20;13;18;55;56;54;53;33;36;34;33;13;12;10;15
northamerica;2023-05-31T00:00:00+01:00;+;Mexico;15;Mexico City;21;Suburb;2;Preowend;2;Cat. B;2;36;32;39;34;38;36;35;39;24;22;28;23;35;34;38;36
northamerica;2023-05-31T00:00:00+01:00;+;Mexico;15;Mexico City;21;Suburb;2;Preowend;2;Cat. B;2;56;56;54;56;53;50;48;53;28;28;24;28;57;64;57;59
northamerica;2023-06-30T00:00:00+01:00;+;Mexico;15;Mexico City;21;City;1;New;1;Cat. A;1;28;26;28;29;34;35;30;33;53;57;57;54;29;28;28;28
northamerica;2023-06-30T00:00:00+01:00;+;Mexico;15;Mexico City;21;City;1;Preowend;2;Cat. A;1;10;12;10;11;51;49;47;52;53;55;58;55;14;12;13;15
northamerica;2023-06-30T00:00:00+01:00;+;Mexico;15;Mexico City;21;Suburb;2;New;1;Cat. A;1;19;14;21;18;52;53;52;52;30;27;25;28;12;12;16;13
northamerica;2023-06-30T00:00:00+01:00;+;Mexico;15;Mexico City;21;Suburb;2;Preowend;2;Cat. B;2;36;40;36;36;33;30;29;34;21;26;21;23;37;42;36;38
northamerica;2023-06-30T00:00:00+01:00;+;Mexico;15;Mexico City;21;Suburb;2;Preowend;2;Cat. B;2;60;55;55;59;54;49;59;53;33;35;33;33;58;57;53;57
northamerica;2023-07-31T00:00:00+01:00;+;Mexico;15;Mexico City;21;City;1;New;1;Cat. A;1;28;33;31;29;34;31;32;35;53;56;51;54;24;21;21;26
northamerica;2023-07-31T00:00:00+01:00;+;Mexico;15;Mexico City;21;City;1;Preowend;2;Cat. A;1;14;13;14;12;51;47;50;50;58;54;54;57;15;13;15;14
northamerica;2023-07-31T00:00:00+01:00;+;Mexico;15;Mexico City;21;Suburb;2;New;1;Cat. A;1;11;10;10;13;52;48;51;50;30;25;33;29;14;17;12;14
northamerica;2023-07-31T00:00:00+01:00;+;Mexico;15;Mexico City;21;Suburb;2;Preowend;2;Cat. B;2;39;37;35;37;37;41;41;37;21;19;25;21;37;40;33;38
northamerica;2023-07-31T00:00:00+01:00;+;Mexico;15;Mexico City;21;Suburb;2;Preowend;2;Cat. B;2;59;59;59;57;55;56;59;55;29;25;25;27;58;62;62;60
northamerica;2023-08-31T00:00:00+01:00;+;Mexico;15;Mexico City;21;City;1;New;1;Cat. A;1;27;22;24;26;34;38;34;34;51;47;55;51;26;29;26;26
northamerica;2023-08-31T00:00:00+01:00;+;Mexico;15;Mexico City;21;City;1;Preowend;2;Cat. A;1;14;17;11;13;55;56;57;53;53;51;49;54;16;15;17;15
northamerica;2023-08-31T00:00:00+01:00;+;Mexico;15;Mexico City;21;Suburb;2;New;1;Cat. A;1;12;14;13;12;55;55;55;53;34;35;31;34;17;16;16;18
northamerica;2023-08-31T00:00:00+01:00;+;Mexico;15;Mexico City;21;Suburb;2;Preowend;2;Cat. B;2;34;35;40;36;40;37;39;40;18;22;20;18;40;38;36;40
northamerica;2023-08-31T00:00:00+01:00;+;Mexico;15;Mexico City;21;Suburb;2;Preowend;2;Cat. B;2;56;54;55;56;50;53;53;49;35;28;40;33;59;63;62;58
northamerica;2023-09-30T00:00:00+01:00;+;Mexico;15;Mexico City;21;City;1;New;1;Cat. A;1;26;22;24;26;33;29;33;33;56;58;59;56;27;25;31;28
northamerica;2023-09-30T00:00:00+01:00;+;Mexico;15;Mexico City;21;City;1;Preowend;2;Cat. A;1;13;11;10;15;49;49;49;50;51;56;50;51;13;14;17;13
northamerica;2023-09-30T00:00:00+01:00;+;Mexico;15;Mexico City;21;Suburb;2;New;1;Cat. A;1;11;10;14;11;54;51;56;53;31;26;31;30;15;17;12;16
northamerica;2023-09-30T00:00:00+01:00;+;Mexico;15;Mexico City;21;Suburb;2;Preowend;2;Cat. B;2;39;42;41;39;37;36;35;38;26;25;20;24;42;41;39;41
northamerica;2023-09-30T00:00:00+01:00;+;Mexico;15;Mexico City;21;Suburb;2;Preowend;2;Cat. B;2;57;59;58;59;50;48;55;50;29;27;36;30;59;54;64;61
northamerica;2023-10-31T00:00:00+01:00;+;Mexico;15;Mexico City;21;City;1;New;1;Cat. A;1;25;25;23;24;35;31;36;34;56;56;53;57;22;26;21;23
northamerica;2023-10-31T00:00:00+01:00;+;Mexico;15;Mexico City;21;City;1;Preowend;2;Cat. A;1;12;15;14;11;55;54;55;56;55;53;51;55;13;10;16;13
northamerica;2023-10-31T00:00:00+01:00;+;Mexico;15;Mexico City;21;Suburb;2;New;1;Cat. A;1;19;21;14;17;51;50;49;51;30;27;25;28;16;20;15;16
northamerica;2023-10-31T00:00:00+01:00;+;Mexico;15;Mexico City;21;Suburb;2;Preowend;2;Cat. B;2;36;39;34;36;36;36;37;36;24;28;26;26;37;39;41;36
northamerica;2023-10-31T00:00:00+01:00;+;Mexico;15;Mexico City;21;Suburb;2;Preowend;2;Cat. B;2;59;57;63;57;52;58;48;52;35;37;28;34;60;60;55;58
northamerica;2023-11-30T00:00:00+01:00;+;Mexico;15;Mexico City;21;City;1;New;1;Cat. A;1;27;24;23;26;36;36;34;36;56;57;59;57;28;26;25;28
northamerica;2023-11-30T00:00:00+01:00;+;Mexico;15;Mexico City;21;City;1;Preowend;2;Cat. A;1;15;10;10;15;51;55;56;51;53;55;49;53;11;13;10;11
northamerica;2023-11-30T00:00:00+01:00;+;Mexico;15;Mexico City;21;Suburb;2;New;1;Cat. A;1;13;13;12;13;51;54;54;51;34;36;34;33;16;18;19;15
northamerica;2023-11-30T00:00:00+01:00;+;Mexico;15;Mexico City;21;Suburb;2;Preowend;2;Cat. B;2;40;43;36;40;38;36;33;38;25;28;29;26;35;31;33;36
northamerica;2023-11-30T00:00:00+01:00;+;Mexico;15;Mexico City;21;Suburb;2;Preowend;2;Cat. B;2;59;54;66;61;55;54;49;56;29;33;31;29;60;59;58;61
northamerica;2023-12-31T00:00:00+01:00;+;Mexico;15;Mexico City;21;City;1;New;1;Cat. A;1;26;22;25;27;37;41;38;38;55;58;53;53;22;25;26;24
northamerica;2023-12-31T00:00:00+01:00;+;Mexico;15;Mexico City;21;City;1;Preowend;2;Cat. A;1;12;15;10;13;54;53;53;55;53;56;53;52;10;10;13;10
northamerica;2023-12-31T00:00:00+01:00;+;Mexico;15;Mexico City;21;Suburb;2;New;1;Cat. A;1;16;15;20;16;55;50;56;54;32;35;32;33;16;13;19;16
northamerica;2023-12-31T00:00:00+01:00;+;Mexico;15;Mexico City;21;Suburb;2;Preowend;2;Cat. B;2;39;40;34;40;40;45;40;39;26;30;24;26;38;36;35;40
northamerica;2023-12-31T00:00:00+01:00;+;Mexico;15;Mexico City;21;Suburb;2;Preowend;2;Cat. B;2;61;60;66;61;49;52;50;51;31;31;24;30;62;59;58;61
northamerica;2024-01-31T00:00:00+01:00;+;Mexico;15;Mexico City;21;City;1;New;1;Cat. A;1;28;25;32;28;33;30;36;33;53;58;52;54;28;33;27;29
northamerica;2024-01-31T00:00:00+01:00;+;Mexico;15;Mexico City;21;City;1;Preowend;2;Cat. A;1;13;17;11;14;53;48;56;52;58;58;56;58;11;10;10;10
northamerica;2024-01-31T00:00:00+01:00;+;Mexico;15;Mexico City;21;Suburb;2;New;1;Cat. A;1;14;12;10;14;53;55;54;55;35;30;31;34;16;18;19;15
northamerica;2024-01-31T00:00:00+01:00;+;Mexico;15;Mexico City;21;Suburb;2;Preowend;2;Cat. B;2;39;38;41;38;37;33;38;38;21;23;17;20;34;38;38;36
northamerica;2024-01-31T00:00:00+01:00;+;Mexico;15;Mexico City;21;Suburb;2;Preowend;2;Cat. B;2;62;69;57;64;51;58;57;53;34;28;34;34;64;58;63;63
northamerica;2024-02-29T00:00:00+01:00;+;Mexico;15;Mexico City;21;City;1;New;1;Cat. A;1;28;29;27;28;37;35;39;39;52;47;48;51;27;26;24;27
northamerica;2024-02-29T00:00:00+01:00;+;Mexico;15;Mexico City;21;City;1;Preowend;2;Cat. A;1;12;16;10;12;50;46;48;50;55;54;50;54;10;10;10;10
northamerica;2024-02-29T00:00:00+01:00;+;Mexico;15;Mexico City;21;Suburb;2;New;1;Cat. A;1;18;14;20;16;53;51;57;52;30;31;33;28;17;16;16;17
northamerica;2024-02-29T00:00:00+01:00;+;Mexico;15;Mexico City;21;Suburb;2;Preowend;2;Cat. B;2;36;39;34;38;41;45;44;40;20;16;24;20;40;45;39;39
northamerica;2024-02-29T00:00:00+01:00;+;Mexico;15;Mexico City;21;Suburb;2;Preowend;2;Cat. B;2;57;60;61;56;54;56;53;52;31;38;33;32;57;53;51;58
northamerica;2024-03-31T00:00:00+01:00;+;Mexico;15;Mexico City;21;City;1;New;1;Cat. A;1;22;22;20;23;35;34;38;35;53;52;52;52;28;30;31;30
northamerica;2024-03-31T00:00:00+01:00;+;Mexico;15;Mexico City;21;City;1;Preowend;2;Cat. A;1;14;18;17;13;50;49;47;52;58;57;55;57;10;12;10;11
northamerica;2024-03-31T00:00:00+01:00;+;Mexico;15;Mexico City;21;Suburb;2;New;1;Cat. A;1;15;15;19;16;48;45;47;50;33;36;35;34;11;11;14;13
northamerica;2024-03-31T00:00:00+01:00;+;Mexico;15;Mexico City;21;Suburb;2;Preowend;2;Cat. B;2;41;39;42;41;36;36;32;37;19;17;20;19;37;32;39;36
northamerica;2024-03-31T00:00:00+01:00;+;Mexico;15;Mexico City;21;Suburb;2;Preowend;2;Cat. B;2;64;57;60;63;53;50;54;53;33;29;33;35;60;60;60;58
northamerica;2024-04-30T00:00:00+01:00;+;Mexico;15;Mexico City;21;City;1;New;1;Cat. A;1;27;29;25;26;33;33;36;33;53;55;56;54;29;32;30;28
northamerica;2024-04-30T00:00:00+01:00;+;Mexico;15;Mexico City;21;City;1;Preowend;2;Cat. A;1;14;13;16;14;49;48;46;50;52;57;55;52;10;13;10;10
northamerica;2024-04-30T00:00:00+01:00;+;Mexico;15;Mexico City;21;Suburb;2;New;1;Cat. A;1;15;17;13;14;52;54;50;53;33;36;31;31;12;16;15;12
northamerica;2024-04-30T00:00:00+01:00;+;Mexico;15;Mexico City;21;Suburb;2;Preowend;2;Cat. B;2;39;41;43;38;38;39;33;38;21;20;21;23;39;35;43;40
northamerica;2024-04-30T00:00:00+01:00;+;Mexico;15;Mexico City;21;Suburb;2;Preowend;2;Cat. B;2;61;58;64;62;57;53;62;57;28;25;25;29;56;51;51;56
northamerica;2024-05-31T00:00:00+01:00;+;Mexico;15;Mexico City;21;City;1;New;1;Cat. A;1;26;28;27;24;35;31;34;35;52;50;47;51;29;25;27;28
northamerica;2024-05-31T00:00:00+01:00;+;Mexico;15;Mexico City;21;City;1;Preowend;2;Cat. A;1;10;12;10;10;51;54;53;49;52;57;55;54;13;15;13;12
northamerica;2024-05-31T00:00:00+01:00;+;Mexico;15;Mexico City;21;Suburb;2;New;1;Cat. A;1;16;17;13;17;56;53;51;56;33;33;35;33;16;20;19;17
northamerica;2024-05-31T00:00:00+01:00;+;Mexico;15;Mexico City;21;Suburb;2;Preowend;2;Cat. B;2;39;42;43;39;39;44;43;39;20;19;20;20;38;34;35;39
northamerica;2024-05-31T00:00:00+01:00;+;Mexico;15;Mexico City;21;Suburb;2;Preowend;2;Cat. B;2;61;63;65;62;52;47;54;52;30;28;30;28;63;67;66;62
northamerica;2024-06-30T00:00:00+01:00;+;Mexico;15;Mexico City;21;City;1;New;1;Cat. A;1;28;29;32;29;37;36;39;37;50;50;54;52;26;26;27;24
northamerica;2024-06-30T00:00:00+01:00;+;Mexico;15;Mexico City;21;City;1;Preowend;2;Cat. A;1;10;10;10;10;50;51;46;49;55;52;53;54;11;13;10;13
northamerica;2024-06-30T00:00:00+01:00;+;Mexico;15;Mexico City;21;Suburb;2;New;1;Cat. A;1;12;16;10;12;53;51;53;53;32;35;32;33;14;10;13;13
northamerica;2024-06-30T00:00:00+01:00;+;Mexico;15;Mexico City;21;Suburb;2;Preowend;2;Cat. B;2;39;39;35;37;34;30;29;35;22;23;22;21;41;36;42;41
northamerica;2024-06-30T00:00:00+01:00;+;Mexico;15;Mexico City;21;Suburb;2;Preowend;2;Cat. B;2;57;52;58;58;54;59;51;56;33;31;27;32;63;63;60;63
northamerica;2024-07-31T00:00:00+01:00;+;Mexico;15;Mexico City;21;City;1;New;1;Cat. A;1;24;24;27;22;36;37;40;37;56;54;58;57;23;23;25;24
northamerica;2024-07-31T00:00:00+01:00;+;Mexico;15;Mexico City;21;City;1;Preowend;2;Cat. A;1;10;13;10;12;51;54;47;50;56;52;55;55;15;14;15;14
northamerica;2024-07-31T00:00:00+01:00;+;Mexico;15;Mexico City;21;Suburb;2;New;1;Cat. A;1;11;16;10;11;52;57;49;54;30;33;33;30;13;10;11;13
northamerica;2024-07-31T00:00:00+01:00;+;Mexico;15;Mexico City;21;Suburb;2;Preowend;2;Cat. B;2;37;42;36;38;41;35;45;40;24;26;18;22;39;39;36;40
northamerica;2024-07-31T00:00:00+01:00;+;Mexico;15;Mexico City;21;Suburb;2;Preowend;2;Cat. B;2;62;67;62;63;53;49;49;53;27;27;33;28;59;57;54;59
northamerica;2024-08-31T00:00:00+01:00;+;Mexico;15;Mexico City;21;City;1;New;1;Cat. A;1;26;31;31;26;35;38;31;36;54;57;56;52;26;23;21;26
northamerica;2024-08-31T00:00:00+01:00;+;Mexico;15;Mexico City;21;City;1;Preowend;2;Cat. A;1;15;11;18;15;51;50;49;49;55;55;54;56;14;11;11;14
northamerica;2024-08-31T00:00:00+01:00;+;Mexico;15;Mexico City;21;Suburb;2;New;1;Cat. A;1;17;12;17;15;51;50;49;52;32;30;35;32;14;17;12;13
northamerica;2024-08-31T00:00:00+01:00;+;Mexico;15;Mexico City;21;Suburb;2;Preowend;2;Cat. B;2;35;40;30;35;36;35;36;37;20;19;22;21;40;34;42;40
northamerica;2024-08-31T00:00:00+01:00;+;Mexico;15;Mexico City;21;Suburb;2;Preowend;2;Cat. B;2;61;57;63;61;56;56;61;55;30;32;28;30;61;65;60;62
northamerica;2024-09-30T00:00:00+01:00;+;Mexico;15;Mexico City;21;City;1;New;1;Cat. A;1;29;27;31;28;34;36;37;34;57;56;53;56;27;28;23;27
northamerica;2024-09-30T00:00:00+01:00;+;Mexico;15;Mexico City;21;City;1;Preowend;2;Cat. A;1;13;16;17;13;51;51;54;53;52;48;53;51;10;10;10;10
northamerica;2024-09-30T00:00:00+01:00;+;Mexico;15;Mexico City;21;Suburb;2;New;1;Cat. A;1;14;16;11;14;51;54;47;51;33;34;32;31;19;22;15;17
northamerica;2024-09-30T00:00:00+01:00;+;Mexico;15;Mexico City;21;Suburb;2;Preowend;2;Cat. B;2;42;37;38;40;36;33;40;34;22;23;20;22;36;34;35;34
northamerica;2024-09-30T00:00:00+01:00;+;Mexico;15;Mexico City;21;Suburb;2;Preowend;2;Cat. B;2;62;65;63;63;52;50;48;50;35;38;30;34;59;54;63;61
northamerica;2024-10-31T00:00:00+01:00;+;Mexico;15;Mexico City;21;City;1;New;1;Cat. A;1;27;28;30;27;36;36;35;35;52;49;47;51;24;28;24;25
northamerica;2024-10-31T00:00:00+01:00;+;Mexico;15;Mexico City;21;City;1;Preowend;2;Cat. A;1;10;10;15;10;53;56;49;53;54;55;54;54;13;17;12;13
northamerica;2024-10-31T00:00:00+01:00;+;Mexico;15;Mexico City;21;Suburb;2;New;1;Cat. A;1;18;20;20;17;54;56;53;54;31;34;27;31;19;20;20;17
northamerica;2024-10-31T00:00:00+01:00;+;Mexico;15;Mexico City;21;Suburb;2;Preowend;2;Cat. B;2;36;33;35;37;40;35;42;39;22;24;27;21;35;36;30;34
northamerica;2024-10-31T00:00:00+01:00;+;Mexico;15;Mexico City;21;Suburb;2;Preowend;2;Cat. B;2;58;60;57;57;51;51;49;53;33;29;35;33;58;62;61;56
northamerica;2024-11-30T00:00:00+01:00;+;Mexico;15;Mexico City;21;City;1;New;1;Cat. A;1;26;28;22;26;36;38;31;35;56;55;57;57;22;22;22;24
northamerica;2024-11-30T00:00:00+01:00;+;Mexico;15;Mexico City;21;City;1;Preowend;2;Cat. A;1;11;10;13;11;53;53;51;51;56;56;58;56;12;14;16;12
northamerica;2024-11-30T00:00:00+01:00;+;Mexico;15;Mexico City;21;Suburb;2;New;1;Cat. A;1;17;20;20;16;54;54;56;55;28;31;30;29;17;22;17;17
northamerica;2024-11-30T00:00:00+01:00;+;Mexico;15;Mexico City;21;Suburb;2;Preowend;2;Cat. B;2;37;42;42;38;39;40;42;38;23;28;25;22;37;36;40;38
northamerica;2024-11-30T00:00:00+01:00;+;Mexico;15;Mexico City;21;Suburb;2;Preowend;2;Cat. B;2;63;60;57;64;54;58;51;54;27;31;27;28;61;58;58;60
northamerica;2024-12-31T00:00:00+01:00;+;Mexico;15;Mexico City;21;City;1;New;1;Cat. A;1;30;32;28;30;37;37;40;38;52;48;50;53;27;29;27;27
northamerica;2024-12-31T00:00:00+01:00;+;Mexico;15;Mexico City;21;City;1;Preowend;2;Cat. A;1;15;13;15;14;53;56;52;54;59;56;57;59;13;13;10;11
northamerica;2024-12-31T00:00:00+01:00;+;Mexico;15;Mexico City;21;Suburb;2;New;1;Cat. A;1;12;10;13;14;49;47;52;51;33;33;32;35;13;13;11;12
northamerica;2024-12-31T00:00:00+01:00;+;Mexico;15;Mexico City;21;Suburb;2;Preowend;2;Cat. B;2;38;41;40;36;38;32;42;37;24;24;20;24;35;35;32;35
northamerica;2024-12-31T00:00:00+01:00;+;Mexico;15;Mexico City;21;Suburb;2;Preowend;2;Cat. B;2;58;62;60;58;52;50;55;52;29;24;24;31;60;66;58;59
northamerica;2025-01-31T00:00:00+01:00;+;Mexico;15;Mexico City;21;City;1;New;1;Cat. A;1;24;22;22;24;37;40;40;36;51;49;54;53;25;20;26;24
northamerica;2025-01-31T00:00:00+01:00;+;Mexico;15;Mexico City;21;City;1;Preowend;2;Cat. A;1;11;10;10;12;55;51;54;55;54;56;56;54;10;13;10;10
northamerica;2025-01-31T00:00:00+01:00;+;Mexico;15;Mexico City;21;Suburb;2;New;1;Cat. A;1;16;20;17;18;50;49;54;51;28;31;32;29;18;15;19;17
northamerica;2025-01-31T00:00:00+01:00;+;Mexico;15;Mexico City;21;Suburb;2;Preowend;2;Cat. B;2;37;39;35;37;34;33;36;34;22;26;21;22;39;38;40;40
northamerica;2025-01-31T00:00:00+01:00;+;Mexico;15;Mexico City;21;Suburb;2;Preowend;2;Cat. B;2;57;56;60;57;53;55;49;51;33;29;35;33;61;64;61;61
northamerica;2025-02-28T00:00:00+01:00;+;Mexico;15;Mexico City;21;City;1;New;1;Cat. A;1;27;24;27;28;39;42;40;37;56;56;56;54;28;27;26;28
northamerica;2025-02-28T00:00:00+01:00;+;Mexico;15;Mexico City;21;City;1;Preowend;2;Cat. A;1;14;13;13;16;55;56;58;55;54;52;53;56;12;15;10;12
northamerica;2025-02-28T00:00:00+01:00;+;Mexico;15;Mexico City;21;Suburb;2;New;1;Cat. A;1;18;22;19;17;49;45;45;50;30;29;34;31;17;14;14;15
northamerica;2025-02-28T00:00:00+01:00;+;Mexico;15;Mexico City;21;Suburb;2;Preowend;2;Cat. B;2;41;43;40;40;39;35;38;38;24;25;26;24;40;36;43;41
northamerica;2025-02-28T00:00:00+01:00;+;Mexico;15;Mexico City;21;Suburb;2;Preowend;2;Cat. B;2;61;63;65;62;52;52;45;51;30;31;27;28;58;60;52;58
northamerica;2025-03-31T00:00:00+01:00;+;Mexico;15;Mexico City;21;City;1;New;1;Cat. A;1;29;28;29;28;32;35;36;32;56;52;57;57;24;27;24;25
northamerica;2025-03-31T00:00:00+01:00;+;Mexico;15;Mexico City;21;City;1;Preowend;2;Cat. A;1;16;19;14;14;57;59;54;55;55;52;51;56;10;10;12;10
northamerica;2025-03-31T00:00:00+01:00;+;Mexico;15;Mexico City;21;Suburb;2;New;1;Cat. A;1;14;17;16;15;52;55;56;52;30;31;33;31;13;14;13;12
northamerica;2025-03-31T00:00:00+01:00;+;Mexico;15;Mexico City;21;Suburb;2;Preowend;2;Cat. B;2;41;37;38;41;40;41;39;39;20;16;22;22;38;38;41;38
northamerica;2025-03-31T00:00:00+01:00;+;Mexico;15;Mexico City;21;Suburb;2;Preowend;2;Cat. B;2;63;67;57;63;53;54;54;54;34;33;29;33;57;56;56;58
northamerica;2025-04-30T00:00:00+01:00;+;Mexico;15;Mexico City;21;City;1;New;1;Cat. A;1;24;26;23;22;37;37;37;39;55;59;57;54;28;26;28;27
northamerica;2025-04-30T00:00:00+01:00;+;Mexico;15;Mexico City;21;City;1;Preowend;2;Cat. A;1;15;11;14;15;49;46;50;50;56;56;61;58;10;10;10;10
northamerica;2025-04-30T00:00:00+01:00;+;Mexico;15;Mexico City;21;Suburb;2;New;1;Cat. A;1;17;22;22;17;53;54;51;53;31;27;33;32;16;20;20;18
northamerica;2025-04-30T00:00:00+01:00;+;Mexico;15;Mexico City;21;Suburb;2;Preowend;2;Cat. B;2;38;35;41;38;34;33;35;35;26;24;28;24;37;37;32;37
northamerica;2025-04-30T00:00:00+01:00;+;Mexico;15;Mexico City;21;Suburb;2;Preowend;2;Cat. B;2;58;64;63;58;52;54;46;53;34;35;38;35;62;66;61;64
northamerica;2025-05-31T00:00:00+01:00;+;Mexico;15;Mexico City;21;City;1;New;1;Cat. A;1;24;27;19;22;35;36;30;33;56;55;55;54;30;25;28;28
northamerica;2025-05-31T00:00:00+01:00;+;Mexico;15;Mexico City;21;City;1;Preowend;2;Cat. A;1;10;12;15;11;55;50;57;53;56;54;52;55;14;18;18;15
northamerica;2025-05-31T00:00:00+01:00;+;Mexico;15;Mexico City;21;Suburb;2;New;1;Cat. A;1;14;15;11;15;53;50;57;53;33;32;36;33;14;14;11;16
northamerica;2025-05-31T00:00:00+01:00;+;Mexico;15;Mexico City;21;Suburb;2;Preowend;2;Cat. B;2;40;39;44;40;40;43;39;39;25;25;21;23;37;34;33;36
northamerica;2025-05-31T00:00:00+01:00;+;Mexico;15;Mexico City;21;Suburb;2;Preowend;2;Cat. B;2;58;59;57;58;56;61;53;54;33;33;34;33;60;56;54;59
northamerica;2025-06-30T00:00:00+01:00;+;Mexico;15;Mexico City;21;City;1;New;1;Cat. A;1;24;22;23;25;38;34;38;36;52;48;54;52;27;24;26;25
northamerica;2025-06-30T00:00:00+01:00;+;Mexico;15;Mexico City;21;City;1;Preowend;2;Cat. A;1;12;12;14;13;57;52;58;55;53;52;57;55;14;14;18;14
northamerica;2025-06-30T00:00:00+01:00;+;Mexico;15;Mexico City;21;Suburb;2;New;1;Cat. A;1;14;13;13;14;53;49;49;54;33;34;33;34;17;19;12;17
northamerica;2025-06-30T00:00:00+01:00;+;Mexico;15;Mexico City;21;Suburb;2;Preowend;2;Cat. B;2;39;43;39;40;36;32;41;36;25;27;25;25;37;42;41;37
northamerica;2025-06-30T00:00:00+01:00;+;Mexico;15;Mexico City;21;Suburb;2;Preowend;2;Cat. B;2;64;67;57;63;57;53;57;57;31;31;35;31;61;62;64;60
northamerica;2025-07-31T00:00:00+01:00;+;Mexico;15;Mexico City;21;City;1;New;1;Cat. A;1;28;29;25;27;37;35;40;36;54;57;56;53;24;29;21;24
northamerica;2025-07-31T00:00:00+01:00;+;Mexico;15;Mexico City;21;City;1;Preowend;2;Cat. A;1;10;10;10;10;55;52;53;54;56;51;56;56;11;16;16;11
northamerica;2025-07-31T00:00:00+01:00;+;Mexico;15;Mexico City;21;Suburb;2;New;1;Cat. A;1;14;17;15;14;52;57;51;52;35;37;30;34;18;14;15;17
northamerica;2025-07-31T00:00:00+01:00;+;Mexico;15;Mexico City;21;Suburb;2;Preowend;2;Cat. B;2;38;35;42;39;37;39;41;39;19;18;19;21;37;41;37;37
northamerica;2025-07-31T00:00:00+01:00;+;Mexico;15;Mexico City;21;Suburb;2;Preowend;2;Cat. B;2;58;64;58;58;54;55;53;54;32;34;31;32;58;54;54;57
northamerica;2025-08-31T00:00:00+01:00;+;Mexico;15;Mexico City;21;City;1;New;1;Cat. A;1;25;28;24;26;36;35;36;36;54;55;55;55;22;24;26;24
northamerica;2025-08-31T00:00:00+01:00;+;Mexico;15;Mexico City;21;City;1;Preowend;2;Cat. A;1;10;13;12;10;53;51;56;52;54;53;53;52;14;15;18;15
northamerica;2025-08-31T00:00:00+01:00;+;Mexico;15;Mexico City;21;Suburb;2;New;1;Cat. A;1;12;13;16;12;50;46;47;48;30;30;25;28;14;18;17;13
northamerica;2025-08-31T00:00:00+01:00;+;Mexico;15;Mexico City;21;Suburb;2;Preowend;2;Cat. B;2;38;41;33;38;38;43;44;39;25;29;27;26;37;35;36;39
northamerica;2025-08-31T00:00:00+01:00;+;Mexico;15;Mexico City;21;Suburb;2;Preowend;2;Cat. B;2;59;58;59;60;56;54;56;56;35;40;32;33;61;68;62;63
northamerica;2025-09-30T00:00:00+01:00;+;Mexico;15;Mexico City;21;City;1;New;1;Cat. A;1;28;26;31;28;34;36;38;34;53;57;52;52;29;32;30;29
northamerica;2025-09-30T00:00:00+01:00;+;Mexico;15;Mexico City;21;City;1;Preowend;2;Cat. A;1;15;12;17;13;50;55;53;52;57;55;52;55;15;11;15;15
northamerica;2025-09-30T00:00:00+01:00;+;Mexico;15;Mexico City;21;Suburb;2;New;1;Cat. A;1;15;12;13;13;53;54;51;54;35;35;31;35;14;14;18;13
northamerica;2025-09-30T00:00:00+01:00;+;Mexico;15;Mexico City;21;Suburb;2;Preowend;2;Cat. B;2;38;41;37;39;37;38;39;38;25;26;22;26;37;38;43;39
northamerica;2025-09-30T00:00:00+01:00;+;Mexico;15;Mexico City;21;Suburb;2;Preowend;2;Cat. B;2;58;63;60;59;55;57;49;54;29;31;24;30;61;58;58;61
northamerica;2025-10-31T00:00:00+01:00;+;Mexico;15;Mexico City;21;City;1;New;1;Cat. A;1;28;31;24;28;37;34;36;37;51;54;53;52;25;26;30;25
northamerica;2025-10-31T00:00:00+01:00;+;Mexico;15;Mexico City;21;City;1;Preowend;2;Cat. A;1;14;10;12;15;54;51;57;53;58;57;57;57;11;14;13;13
northamerica;2025-10-31T00:00:00+01:00;+;Mexico;15;Mexico City;21;Suburb;2;New;1;Cat. A;1;13;14;10;11;54;52;55;53;34;37;31;35;18;19;19;17
northamerica;2025-10-31T00:00:00+01:00;+;Mexico;15;Mexico City;21;Suburb;2;Preowend;2;Cat. B;2;38;39;36;38;33;29;31;33;18;24;17;19;37;40;39;35
northamerica;2025-10-31T00:00:00+01:00;+;Mexico;15;Mexico City;21;Suburb;2;Preowend;2;Cat. B;2;57;59;54;57;51;50;54;52;32;28;34;33;61;55;59;59
northamerica;2025-11-30T00:00:00+01:00;+;Mexico;15;Mexico City;21;City;1;New;1;Cat. A;1;28;25;28;28;33;32;33;33;53;50;56;53;29;30;31;29
northamerica;2025-11-30T00:00:00+01:00;+;Mexico;15;Mexico City;21;City;1;Preowend;2;Cat. A;1;10;10;14;10;55;59;54;56;57;55;59;59;13;14;13;12
northamerica;2025-11-30T00:00:00+01:00;+;Mexico;15;Mexico City;21;Suburb;2;New;1;Cat. A;1;15;19;19;16;55;52;55;56;29;26;29;31;17;13;15;18
northamerica;2025-11-30T00:00:00+01:00;+;Mexico;15;Mexico City;21;Suburb;2;Preowend;2;Cat. B;2;42;39;40;41;37;35;39;36;21;18;18;22;36;33;39;34
northamerica;2025-11-30T00:00:00+01:00;+;Mexico;15;Mexico City;21;Suburb;2;Preowend;2;Cat. B;2;58;54;57;59;53;53;58;54;35;29;33;35;58;56;61;57
northamerica;2025-12-31T00:00:00+01:00;+;Mexico;15;Mexico City;21;City;1;New;1;Cat. A;1;24;27;28;25;34;35;33;33;50;47;51;50;24;24;23;22
northamerica;2025-12-31T00:00:00+01:00;+;Mexico;15;Mexico City;21;City;1;Preowend;2;Cat. A;1;12;10;16;11;52;57;54;54;56;53;54;58;13;16;15;11
northamerica;2025-12-31T00:00:00+01:00;+;Mexico;15;Mexico City;21;Suburb;2;New;1;Cat. A;1;11;13;10;11;51;50;53;51;31;32;28;31;15;12;19;17
northamerica;2025-12-31T00:00:00+01:00;+;Mexico;15;Mexico City;21;Suburb;2;Preowend;2;Cat. B;2;34;39;40;35;39;41;38;38;22;19;22;22;34;36;40;36
northamerica;2025-12-31T00:00:00+01:00;+;Mexico;15;Mexico City;21;Suburb;2;Preowend;2;Cat. B;2;62;65;66;61;55;62;61;55;28;26;24;29;59;55;52;58
northamerica;2026-01-31T00:00:00+01:00;+;Mexico;15;Mexico City;21;City;1;New;1;Cat. A;1;22;21;27;23;32;33;28;33;52;50;50;52;25;21;21;24
northamerica;2026-01-31T00:00:00+01:00;+;Mexico;15;Mexico City;21;City;1;Preowend;2;Cat. A;1;15;18;11;14;51;48;51;51;53;50;48;51;12;14;11;11
northamerica;2026-01-31T00:00:00+01:00;+;Mexico;15;Mexico City;21;Suburb;2;New;1;Cat. A;1;17;16;16;18;53;50;55;53;34;31;31;34;12;10;14;13
northamerica;2026-01-31T00:00:00+01:00;+;Mexico;15;Mexico City;21;Suburb;2;Preowend;2;Cat. B;2;37;40;31;35;38;37;38;40;19;17;17;20;34;33;33;36
northamerica;2026-01-31T00:00:00+01:00;+;Mexico;15;Mexico City;21;Suburb;2;Preowend;2;Cat. B;2;58;53;64;57;51;49;57;53;29;28;29;30;61;60;57;60
northamerica;2026-02-28T00:00:00+01:00;+;Mexico;15;Mexico City;21;City;1;New;1;Cat. A;1;25;25;28;25;32;31;33;34;56;57;57;54;26;24;22;27
northamerica;2026-02-28T00:00:00+01:00;+;Mexico;15;Mexico City;21;City;1;Preowend;2;Cat. A;1;15;18;18;16;53;54;58;55;55;55;52;55;10;10;11;10
northamerica;2026-02-28T00:00:00+01:00;+;Mexico;15;Mexico City;21;Suburb;2;New;1;Cat. A;1;19;16;20;18;55;56;52;55;29;31;27;29;13;18;10;15
northamerica;2026-02-28T00:00:00+01:00;+;Mexico;15;Mexico City;21;Suburb;2;Preowend;2;Cat. B;2;38;40;38;37;36;38;41;38;21;18;20;21;35;36;36;36
northamerica;2026-02-28T00:00:00+01:00;+;Mexico;15;Mexico City;21;Suburb;2;Preowend;2;Cat. B;2;58;61;62;60;56;60;55;54;30;35;32;30;59;64;56;58
northamerica;2026-03-31T00:00:00+01:00;+;Mexico;15;Mexico City;21;City;1;New;1;Cat. A;1;25;28;23;25;32;34;36;32;55;59;58;55;30;33;28;29
northamerica;2026-03-31T00:00:00+01:00;+;Mexico;15;Mexico City;21;City;1;Preowend;2;Cat. A;1;11;15;12;12;52;53;50;52;58;53;59;56;11;15;10;11
northamerica;2026-03-31T00:00:00+01:00;+;Mexico;15;Mexico City;21;Suburb;2;New;1;Cat. A;1;15;20;13;16;51;53;51;53;34;30;30;33;18;16;20;16
northamerica;2026-03-31T00:00:00+01:00;+;Mexico;15;Mexico City;21;Suburb;2;Preowend;2;Cat. B;2;34;37;32;35;34;37;32;34;18;18;22;20;38;40;41;39
northamerica;2026-03-31T00:00:00+01:00;+;Mexico;15;Mexico City;21;Suburb;2;Preowend;2;Cat. B;2;58;55;60;56;53;50;49;54;29;35;26;30;60;66;66;60
northamerica;2026-04-30T00:00:00+01:00;+;Mexico;15;Mexico City;21;City;1;New;1;Cat. A;1;26;24;24;26;34;33;34;33;52;52;50;53;27;28;24;27
northamerica;2026-04-30T00:00:00+01:00;+;Mexico;15;Mexico City;21;City;1;Preowend;2;Cat. A;1;13;10;10;11;57;58;58;57;56;59;53;57;11;14;10;11
northamerica;2026-04-30T00:00:00+01:00;+;Mexico;15;Mexico City;21;Suburb;2;New;1;Cat. A;1;17;16;14;16;52;55;50;52;30;26;27;30;14;12;13;14
northamerica;2026-04-30T00:00:00+01:00;+;Mexico;15;Mexico City;21;Suburb;2;Preowend;2;Cat. B;2;38;37;37;38;34;33;32;34;26;26;27;26;40;46;40;42
northamerica;2026-04-30T00:00:00+01:00;+;Mexico;15;Mexico City;21;Suburb;2;Preowend;2;Cat. B;2;64;65;69;64;50;45;55;49;29;30;31;31;56;51;52;57
northamerica;2026-05-31T00:00:00+01:00;+;Mexico;15;Mexico City;21;City;1;New;1;Cat. A;1;26;27;24;26;31;32;30;31;50;55;55;51;26;23;28;27
northamerica;2026-05-31T00:00:00+01:00;+;Mexico;15;Mexico City;21;City;1;Preowend;2;Cat. A;1;10;10;10;10;54;52;54;55;53;53;52;53;13;11;10;12
northamerica;2026-05-31T00:00:00+01:00;+;Mexico;15;Mexico City;21;Suburb;2;New;1;Cat. A;1;13;17;11;14;51;47;49;51;29;25;26;29;15;12;12;15
northamerica;2026-05-31T00:00:00+01:00;+;Mexico;15;Mexico City;21;Suburb;2;Preowend;2;Cat. B;2;36;31;39;36;35;30;32;35;20;25;15;19;42;44;46;40
northamerica;2026-05-31T00:00:00+01:00;+;Mexico;15;Mexico City;21;Suburb;2;Preowend;2;Cat. B;2;60;60;63;59;50;46;51;51;27;34;31;27;58;59;60;58
northamerica;2026-06-30T00:00:00+01:00;+;Mexico;15;Mexico City;21;City;1;New;1;Cat. A;1;26;25;23;25;36;32;31;36;53;53;50;54;29;26;29;28
northamerica;2026-06-30T00:00:00+01:00;+;Mexico;15;Mexico City;21;City;1;Preowend;2;Cat. A;1;10;10;10;10;56;54;52;55;52;54;49;53;10;11;10;10
northamerica;2026-06-30T00:00:00+01:00;+;Mexico;15;Mexico City;21;Suburb;2;New;1;Cat. A;1;12;13;10;12;51;55;52;51;32;31;34;33;14;11;17;15
northamerica;2026-06-30T00:00:00+01:00;+;Mexico;15;Mexico City;21;Suburb;2;Preowend;2;Cat. B;2;39;42;42;39;38;39;42;38;25;28;28;23;38;34;39;38
northamerica;2026-06-30T00:00:00+01:00;+;Mexico;15;Mexico City;21;Suburb;2;Preowend;2;Cat. B;2;61;61;62;61;56;55;52;55;33;39;35;33;61;58;63;63
northamerica;2026-07-31T00:00:00+01:00;+;Mexico;15;Mexico City;21;City;1;New;1;Cat. A;1;28;30;26;29;32;34;33;31;54;56;50;54;23;20;21;24
northamerica;2026-07-31T00:00:00+01:00;+;Mexico;15;Mexico City;21;City;1;Preowend;2;Cat. A;1;14;11;17;16;56;57;53;55;53;58;57;53;10;10;11;10
northamerica;2026-07-31T00:00:00+01:00;+;Mexico;15;Mexico City;21;Suburb;2;New;1;Cat. A;1;16;13;19;15;54;51;49;53;29;27;28;30;18;14;14;17
northamerica;2026-07-31T00:00:00+01:00;+;Mexico;15;Mexico City;21;Suburb;2;Preowend;2;Cat. B;2;40;39;38;42;39;37;37;41;23;23;19;25;36;38;36;35
northamerica;2026-07-31T00:00:00+01:00;+;Mexico;15;Mexico City;21;Suburb;2;Preowend;2;Cat. B;2;62;64;59;60;50;49;46;50;31;36;32;30;61;64;67;60
northamerica;2026-08-31T00:00:00+01:00;+;Mexico;15;Mexico City;21;City;1;New;1;Cat. A;1;25;21;23;24;35;30;35;33;57;60;55;56;24;27;21;22
northamerica;2026-08-31T00:00:00+01:00;+;Mexico;15;Mexico City;21;City;1;Preowend;2;Cat. A;1;16;16;18;16;52;56;57;52;53;52;58;53;10;10;10;10
northamerica;2026-08-31T00:00:00+01:00;+;Mexico;15;Mexico City;21;Suburb;2;New;1;Cat. A;1;16;15;16;15;52;52;49;52;34;35;35;35;18;19;20;17
northamerica;2026-08-31T00:00:00+01:00;+;Mexico;15;Mexico City;21;Suburb;2;Preowend;2;Cat. B;2;39;37;36;41;40;44;42;40;19;15;21;19;39;41;42;40
northamerica;2026-08-31T00:00:00+01:00;+;Mexico;15;Mexico City;21;Suburb;2;Preowend;2;Cat. B;2;62;64;65;61;51;46;45;49;34;36;38;34;58;56;55;59
northamerica;2026-09-30T00:00:00+01:00;+;Mexico;15;Mexico City;21;City;1;New;1;Cat. A;1;26;27;30;26;36;39;37;37;56;55;51;56;23;21;19;23
northamerica;2026-09-30T00:00:00+01:00;+;Mexico;15;Mexico City;21;City;1;Preowend;2;Cat. A;1;12;13;14;12;54;57;55;52;56;53;52;56;14;16;17;13
northamerica;2026-09-30T00:00:00+01:00;+;Mexico;15;Mexico City;21;Suburb;2;New;1;Cat. A;1;13;16;10;12;52;53;50;52;35;32;34;35;15;18;11;14
northamerica;2026-09-30T00:00:00+01:00;+;Mexico;15;Mexico City;21;Suburb;2;Preowend;2;Cat. B;2;39;37;44;38;39;37;36;38;20;20;23;20;35;41;40;36
northamerica;2026-09-30T00:00:00+01:00;+;Mexico;15;Mexico City;21;Suburb;2;Preowend;2;Cat. B;2;59;55;58;58;53;50;56;51;29;35;26;30;59;57;58;61
northamerica;2026-10-31T00:00:00+01:00;+;Mexico;15;Mexico City;21;City;1;New;1;Cat. A;1;22;26;21;23;37;39;39;37;51;48;52;52;25;26;28;25
northamerica;2026-10-31T00:00:00+01:00;+;Mexico;15;Mexico City;21;City;1;Preowend;2;Cat. A;1;14;18;17;14;53;54;52;54;52;48;51;51;11;10;13;13
northamerica;2026-10-31T00:00:00+01:00;+;Mexico;15;Mexico City;21;Suburb;2;New;1;Cat. A;1;15;13;17;17;52;49;55;51;30;27;31;30;12;15;15;12
northamerica;2026-10-31T00:00:00+01:00;+;Mexico;15;Mexico City;21;Suburb;2;Preowend;2;Cat. B;2;40;37;36;40;38;35;42;37;22;18;22;22;35;37;38;34
northamerica;2026-10-31T00:00:00+01:00;+;Mexico;15;Mexico City;21;Suburb;2;Preowend;2;Cat. B;2;58;53;57;57;53;49;53;51;33;30;29;33;57;55;53;57
asia;2020-01-31T00:00:00+01:00;+;UAE;16;Dubai;22;City;1;New;1;Cat. A;1;27;31;28;26;32;31;29;33;54;51;52;56;22;22;22;23
asia;2020-01-31T00:00:00+01:00;+;UAE;16;Dubai;22;City;1;Preowend;2;Cat. A;1;13;10;10;12;50;47;49;52;56;56;57;54;13;11;11;13
asia;2020-01-31T00:00:00+01:00;+;UAE;16;Dubai;22;Suburb;2;New;1;Cat. A;1;15;18;12;16;55;55;55;55;34;30;37;35;18;15;16;16
asia;2020-01-31T00:00:00+01:00;+;UAE;16;Dubai;22;Suburb;2;Preowend;2;Cat. B;2;38;35;34;38;39;36;41;41;26;27;27;26;36;36;37;37
asia;2020-01-31T00:00:00+01:00;+;UAE;16;Dubai;22;Suburb;2;Preowend;2;Cat. B;2;58;60;53;60;52;56;51;53;32;37;36;34;58;54;63;59
asia;2020-02-29T00:00:00+01:00;+;UAE;16;Dubai;22;City;1;New;1;Cat. A;1;26;27;22;26;34;38;37;34;53;50;52;55;27;29;31;29
asia;2020-02-29T00:00:00+01:00;+;UAE;16;Dubai;22;City;1;Preowend;2;Cat. A;1;10;10;10;10;52;50;50;53;57;61;60;56;10;12;11;10
asia;2020-02-29T00:00:00+01:00;+;UAE;16;Dubai;22;Suburb;2;New;1;Cat. A;1;13;17;11;15;50;48;47;49;30;34;30;31;14;14;15;12
asia;2020-02-29T00:00:00+01:00;+;UAE;16;Dubai;22;Suburb;2;Preowend;2;Cat. B;2;37;42;37;37;33;29;29;35;18;21;19;18;38;40;41;38
asia;2020-02-29T00:00:00+01:00;+;UAE;16;Dubai;22;Suburb;2;Preowend;2;Cat. B;2;59;53;55;57;56;56;55;57;30;33;31;29;62;65;59;61
asia;2020-03-31T00:00:00+01:00;+;UAE;16;Dubai;22;City;1;New;1;Cat. A;1;26;23;29;27;39;37;41;38;55;52;56;54;29;26;24;27
asia;2020-03-31T00:00:00+01:00;+;UAE;16;Dubai;22;City;1;Preowend;2;Cat. A;1;10;11;10;10;57;58;58;56;53;56;57;53;14;11;12;14
asia;2020-03-31T00:00:00+01:00;+;UAE;16;Dubai;22;Suburb;2;New;1;Cat. A;1;12;12;16;13;52;53;52;51;32;34;33;31;15;17;18;14
asia;2020-03-31T00:00:00+01:00;+;UAE;16;Dubai;22;Suburb;2;Preowend;2;Cat. B;2;39;43;38;40;37;33;32;37;20;25;17;20;35;37;40;35
asia;2020-03-31T00:00:00+01:00;+;UAE;16;Dubai;22;Suburb;2;Preowend;2;Cat. B;2;62;60;56;60;54;47;53;52;30;30;35;30;59;63;57;61
asia;2020-04-30T00:00:00+01:00;+;UAE;16;Dubai;22;City;1;New;1;Cat. A;1;25;24;25;26;37;35;34;36;52;48;51;51;28;28;23;26
asia;2020-04-30T00:00:00+01:00;+;UAE;16;Dubai;22;City;1;Preowend;2;Cat. A;1;10;13;14;11;57;52;56;56;53;56;51;53;10;15;11;12
asia;2020-04-30T00:00:00+01:00;+;UAE;16;Dubai;22;Suburb;2;New;1;Cat. A;1;16;16;21;16;48;49;52;50;33;30;31;31;12;10;10;13
asia;2020-04-30T00:00:00+01:00;+;UAE;16;Dubai;22;Suburb;2;Preowend;2;Cat. B;2;39;41;42;40;40;41;34;39;20;22;26;20;38;34;40;37
asia;2020-04-30T00:00:00+01:00;+;UAE;16;Dubai;22;Suburb;2;Preowend;2;Cat. B;2;57;64;54;57;49;55;54;51;28;30;26;27;57;55;63;58
asia;2020-05-31T00:00:00+01:00;+;UAE;16;Dubai;22;City;1;New;1;Cat. A;1;24;27;26;23;34;31;37;34;57;60;54;58;23;26;20;24
asia;2020-05-31T00:00:00+01:00;+;UAE;16;Dubai;22;City;1;Preowend;2;Cat. A;1;14;16;12;13;56;56;57;55;55;50;51;53;12;13;14;12
asia;2020-05-31T00:00:00+01:00;+;UAE;16;Dubai;22;Suburb;2;New;1;Cat. A;1;17;12;13;15;50;50;52;49;31;32;35;32;13;10;16;11
asia;2020-05-31T00:00:00+01:00;+;UAE;16;Dubai;22;Suburb;2;Preowend;2;Cat. B;2;37;41;31;36;38;43;34;37;24;19;23;23;38;39;40;39
asia;2020-05-31T00:00:00+01:00;+;UAE;16;Dubai;22;Suburb;2;Preowend;2;Cat. B;2;60;60;58;62;53;56;47;52;29;32;25;28;62;63;61;62
asia;2020-06-30T00:00:00+01:00;+;UAE;16;Dubai;22;City;1;New;1;Cat. A;1;28;23;24;27;33;33;34;32;52;49;55;52;24;23;19;22
asia;2020-06-30T00:00:00+01:00;+;UAE;16;Dubai;22;City;1;Preowend;2;Cat. A;1;14;10;15;14;51;54;49;50;54;50;55;52;11;13;16;12
asia;2020-06-30T00:00:00+01:00;+;UAE;16;Dubai;22;Suburb;2;New;1;Cat. A;1;14;12;18;15;55;56;59;54;34;32;31;33;14;18;11;16
asia;2020-06-30T00:00:00+01:00;+;UAE;16;Dubai;22;Suburb;2;Preowend;2;Cat. B;2;38;35;37;36;40;40;45;41;18;23;19;19;37;39;34;38
asia;2020-06-30T00:00:00+01:00;+;UAE;16;Dubai;22;Suburb;2;Preowend;2;Cat. B;2;58;62;63;60;52;47;49;50;30;30;34;29;57;59;64;59
asia;2020-07-31T00:00:00+01:00;+;UAE;16;Dubai;22;City;1;New;1;Cat. A;1;25;27;30;26;34;36;38;34;56;54;51;54;22;21;27;23
asia;2020-07-31T00:00:00+01:00;+;UAE;16;Dubai;22;City;1;Preowend;2;Cat. A;1;10;13;12;10;52;55;50;51;58;55;59;59;13;10;10;12
asia;2020-07-31T00:00:00+01:00;+;UAE;16;Dubai;22;Suburb;2;New;1;Cat. A;1;13;15;10;12;54;59;58;54;32;37;36;32;15;10;17;13
asia;2020-07-31T00:00:00+01:00;+;UAE;16;Dubai;22;Suburb;2;Preowend;2;Cat. B;2;38;41;41;39;40;36;36;41;24;21;24;23;42;43;46;42
asia;2020-07-31T00:00:00+01:00;+;UAE;16;Dubai;22;Suburb;2;Preowend;2;Cat. B;2;61;54;54;60;50;47;46;50;27;33;26;27;62;61;67;63
asia;2020-08-31T00:00:00+01:00;+;UAE;16;Dubai;22;City;1;New;1;Cat. A;1;26;29;29;26;32;35;30;34;57;59;53;56;23;25;24;23
asia;2020-08-31T00:00:00+01:00;+;UAE;16;Dubai;22;City;1;Preowend;2;Cat. A;1;12;10;14;13;55;55;56;56;54;51;56;54;11;12;10;13
asia;2020-08-31T00:00:00+01:00;+;UAE;16;Dubai;22;Suburb;2;New;1;Cat. A;1;14;18;14;16;53;52;51;55;33;34;33;35;15;10;17;13
asia;2020-08-31T00:00:00+01:00;+;UAE;16;Dubai;22;Suburb;2;Preowend;2;Cat. B;2;38;35;38;36;38;39;41;40;22;17;17;21;37;34;33;37
asia;2020-08-31T00:00:00+01:00;+;UAE;16;Dubai;22;Suburb;2;Preowend;2;Cat. B;2;60;54;54;61;54;51;55;55;35;37;39;33;59;56;59;58
asia;2020-09-30T00:00:00+01:00;+;UAE;16;Dubai;22;City;1;New;1;Cat. A;1;26;26;28;27;36;39;34;35;57;54;55;56;27;29;30;28
asia;2020-09-30T00:00:00+01:00;+;UAE;16;Dubai;22;City;1;Preowend;2;Cat. A;1;10;13;11;10;56;56;55;55;53;53;51;54;13;10;14;12
asia;2020-09-30T00:00:00+01:00;+;UAE;16;Dubai;22;Suburb;2;New;1;Cat. A;1;13;14;16;15;50;50;48;51;35;33;35;34;15;12;14;15
asia;2020-09-30T00:00:00+01:00;+;UAE;16;Dubai;22;Suburb;2;Preowend;2;Cat. B;2;38;38;44;40;37;32;37;36;25;19;27;24;35;33;32;35
asia;2020-09-30T00:00:00+01:00;+;UAE;16;Dubai;22;Suburb;2;Preowend;2;Cat. B;2;58;51;61;58;54;50;50;53;33;37;30;33;59;63;64;57
asia;2020-10-31T00:00:00+01:00;+;UAE;16;Dubai;22;City;1;New;1;Cat. A;1;28;25;25;30;33;31;29;33;51;55;48;52;22;23;27;22
asia;2020-10-31T00:00:00+01:00;+;UAE;16;Dubai;22;City;1;Preowend;2;Cat. A;1;10;10;10;10;55;52;50;55;58;56;53;57;11;10;13;10
asia;2020-10-31T00:00:00+01:00;+;UAE;16;Dubai;22;Suburb;2;New;1;Cat. A;1;15;17;13;16;50;45;53;48;29;28;32;31;17;19;18;18
asia;2020-10-31T00:00:00+01:00;+;UAE;16;Dubai;22;Suburb;2;Preowend;2;Cat. B;2;39;40;38;39;35;31;36;37;26;23;30;26;37;33;42;38
asia;2020-10-31T00:00:00+01:00;+;UAE;16;Dubai;22;Suburb;2;Preowend;2;Cat. B;2;61;62;58;59;50;53;54;50;33;30;28;33;60;63;57;60
asia;2020-11-30T00:00:00+01:00;+;UAE;16;Dubai;22;City;1;New;1;Cat. A;1;27;22;23;26;37;39;40;38;56;61;60;57;25;23;29;26
asia;2020-11-30T00:00:00+01:00;+;UAE;16;Dubai;22;City;1;Preowend;2;Cat. A;1;15;19;19;16;52;52;47;50;56;57;53;55;10;10;10;10
asia;2020-11-30T00:00:00+01:00;+;UAE;16;Dubai;22;Suburb;2;New;1;Cat. A;1;16;19;11;16;53;51;55;53;32;29;34;32;14;13;19;16
asia;2020-11-30T00:00:00+01:00;+;UAE;16;Dubai;22;Suburb;2;Preowend;2;Cat. B;2;40;34;41;39;40;43;37;39;25;27;20;23;39;39;43;39
asia;2020-11-30T00:00:00+01:00;+;UAE;16;Dubai;22;Suburb;2;Preowend;2;Cat. B;2;60;63;61;60;53;47;55;52;30;28;34;30;59;59;54;59
asia;2020-12-31T00:00:00+01:00;+;UAE;16;Dubai;22;City;1;New;1;Cat. A;1;28;25;30;28;34;38;33;35;50;49;52;51;29;26;33;30
asia;2020-12-31T00:00:00+01:00;+;UAE;16;Dubai;22;City;1;Preowend;2;Cat. A;1;12;16;14;11;49;51;46;49;58;55;57;57;10;10;13;10
asia;2020-12-31T00:00:00+01:00;+;UAE;16;Dubai;22;Suburb;2;New;1;Cat. A;1;17;19;12;17;54;51;53;56;31;28;29;31;15;12;15;15
asia;2020-12-31T00:00:00+01:00;+;UAE;16;Dubai;22;Suburb;2;Preowend;2;Cat. B;2;35;40;30;35;34;31;38;33;24;29;29;25;39;36;36;38
asia;2020-12-31T00:00:00+01:00;+;UAE;16;Dubai;22;Suburb;2;Preowend;2;Cat. B;2;59;55;53;59;57;50;56;55;28;23;35;29;61;57;54;59
asia;2021-01-31T00:00:00+01:00;+;UAE;16;Dubai;22;City;1;New;1;Cat. A;1;29;31;27;29;35;37;35;33;57;57;53;58;24;27;21;25
asia;2021-01-31T00:00:00+01:00;+;UAE;16;Dubai;22;City;1;Preowend;2;Cat. A;1;16;16;17;16;52;52;48;53;54;58;57;53;12;12;12;12
asia;2021-01-31T00:00:00+01:00;+;UAE;16;Dubai;22;Suburb;2;New;1;Cat. A;1;12;13;15;14;51;55;55;52;31;32;35;30;18;17;21;16
asia;2021-01-31T00:00:00+01:00;+;UAE;16;Dubai;22;Suburb;2;Preowend;2;Cat. B;2;40;46;41;42;37;37;41;35;23;25;21;23;40;39;43;40
asia;2021-01-31T00:00:00+01:00;+;UAE;16;Dubai;22;Suburb;2;Preowend;2;Cat. B;2;59;64;59;58;51;53;52;50;29;31;26;27;62;69;67;63
asia;2021-02-28T00:00:00+01:00;+;UAE;16;Dubai;22;City;1;New;1;Cat. A;1;28;29;29;28;39;40;39;39;54;56;51;56;27;28;23;27
asia;2021-02-28T00:00:00+01:00;+;UAE;16;Dubai;22;City;1;Preowend;2;Cat. A;1;15;14;16;14;49;46;46;50;55;56;54;57;10;10;13;10
asia;2021-02-28T00:00:00+01:00;+;UAE;16;Dubai;22;Suburb;2;New;1;Cat. A;1;14;14;13;14;54;50;53;55;31;29;34;31;13;17;14;12
asia;2021-02-28T00:00:00+01:00;+;UAE;16;Dubai;22;Suburb;2;Preowend;2;Cat. B;2;38;42;32;37;34;29;39;33;25;20;23;23;36;34;32;35
asia;2021-02-28T00:00:00+01:00;+;UAE;16;Dubai;22;Suburb;2;Preowend;2;Cat. B;2;61;64;64;61;53;51;60;54;31;36;29;29;62;69;68;64
asia;2021-03-31T00:00:00+01:00;+;UAE;16;Dubai;22;City;1;New;1;Cat. A;1;24;24;19;23;31;34;33;31;52;52;50;53;24;26;22;25
asia;2021-03-31T00:00:00+01:00;+;UAE;16;Dubai;22;City;1;Preowend;2;Cat. A;1;12;12;14;10;51;49;54;51;58;58;58;57;10;10;10;10
asia;2021-03-31T00:00:00+01:00;+;UAE;16;Dubai;22;Suburb;2;New;1;Cat. A;1;19;15;17;18;51;49;55;53;29;30;30;29;19;17;21;19
asia;2021-03-31T00:00:00+01:00;+;UAE;16;Dubai;22;Suburb;2;Preowend;2;Cat. B;2;35;32;38;34;40;42;38;39;22;21;23;21;35;32;41;36
asia;2021-03-31T00:00:00+01:00;+;UAE;16;Dubai;22;Suburb;2;Preowend;2;Cat. B;2;64;68;69;64;52;59;53;53;29;26;36;30;59;62;58;61
asia;2021-04-30T00:00:00+01:00;+;UAE;16;Dubai;22;City;1;New;1;Cat. A;1;23;25;21;22;37;32;38;37;56;54;59;56;27;27;29;27
asia;2021-04-30T00:00:00+01:00;+;UAE;16;Dubai;22;City;1;Preowend;2;Cat. A;1;12;13;10;13;55;59;53;54;56;57;58;54;10;10;10;10
asia;2021-04-30T00:00:00+01:00;+;UAE;16;Dubai;22;Suburb;2;New;1;Cat. A;1;15;18;18;13;55;59;56;54;31;30;28;29;17;19;17;18
asia;2021-04-30T00:00:00+01:00;+;UAE;16;Dubai;22;Suburb;2;Preowend;2;Cat. B;2;38;34;40;36;37;34;32;35;19;16;21;19;41;43;42;41
asia;2021-04-30T00:00:00+01:00;+;UAE;16;Dubai;22;Suburb;2;Preowend;2;Cat. B;2;57;63;57;58;55;48;59;54;33;30;29;31;58;62;54;58
asia;2021-05-31T00:00:00+01:00;+;UAE;16;Dubai;22;City;1;New;1;Cat. A;1;25;24;22;24;34;31;36;33;53;51;55;53;27;25;24;28
asia;2021-05-31T00:00:00+01:00;+;UAE;16;Dubai;22;City;1;Preowend;2;Cat. A;1;12;10;15;11;53;58;51;54;52;50;49;54;13;15;11;13
asia;2021-05-31T00:00:00+01:00;+;UAE;16;Dubai;22;Suburb;2;New;1;Cat. A;1;14;12;15;14;49;51;53;49;30;32;31;29;15;12;17;15
asia;2021-05-31T00:00:00+01:00;+;UAE;16;Dubai;22;Suburb;2;Preowend;2;Cat. B;2;39;34;41;40;38;38;42;39;25;20;24;23;37;37;37;38
asia;2021-05-31T00:00:00+01:00;+;UAE;16;Dubai;22;Suburb;2;Preowend;2;Cat. B;2;56;53;63;58;50;55;56;51;33;36;35;35;59;52;55;59
asia;2021-06-30T00:00:00+01:00;+;UAE;16;Dubai;22;City;1;New;1;Cat. A;1;24;26;29;25;37;39;33;36;54;49;53;52;24;22;23;23
asia;2021-06-30T00:00:00+01:00;+;UAE;16;Dubai;22;City;1;Preowend;2;Cat. A;1;14;14;11;15;56;53;54;55;56;59;52;54;13;13;18;15
asia;2021-06-30T00:00:00+01:00;+;UAE;16;Dubai;22;Suburb;2;New;1;Cat. A;1;12;14;10;12;51;52;54;51;29;34;30;29;11;10;10;11
asia;2021-06-30T00:00:00+01:00;+;UAE;16;Dubai;22;Suburb;2;Preowend;2;Cat. B;2;39;37;36;38;40;37;44;40;22;28;24;24;35;41;37;35
asia;2021-06-30T00:00:00+01:00;+;UAE;16;Dubai;22;Suburb;2;Preowend;2;Cat. B;2;61;63;64;61;57;51;60;57;28;25;33;28;59;52;59;59
asia;2021-07-31T00:00:00+01:00;+;UAE;16;Dubai;22;City;1;New;1;Cat. A;1;28;30;29;27;35;32;32;35;56;54;53;56;26;22;21;25
asia;2021-07-31T00:00:00+01:00;+;UAE;16;Dubai;22;City;1;Preowend;2;Cat. A;1;10;10;13;10;52;57;54;52;51;51;55;51;13;13;10;11
asia;2021-07-31T00:00:00+01:00;+;UAE;16;Dubai;22;Suburb;2;New;1;Cat. A;1;19;18;18;18;53;54;55;54;35;33;37;35;12;14;10;13
asia;2021-07-31T00:00:00+01:00;+;UAE;16;Dubai;22;Suburb;2;Preowend;2;Cat. B;2;35;34;38;36;38;42;33;38;23;25;25;22;37;39;36;39
asia;2021-07-31T00:00:00+01:00;+;UAE;16;Dubai;22;Suburb;2;Preowend;2;Cat. B;2;60;59;65;59;53;55;50;52;28;27;29;27;58;53;55;59
asia;2021-08-31T00:00:00+01:00;+;UAE;16;Dubai;22;City;1;New;1;Cat. A;1;30;29;25;28;39;36;37;39;56;55;57;54;26;26;28;26
asia;2021-08-31T00:00:00+01:00;+;UAE;16;Dubai;22;City;1;Preowend;2;Cat. A;1;11;10;10;10;54;50;50;53;55;52;55;54;11;10;11;10
asia;2021-08-31T00:00:00+01:00;+;UAE;16;Dubai;22;Suburb;2;New;1;Cat. A;1;15;16;18;15;53;52;55;53;30;26;30;30;12;14;16;13
asia;2021-08-31T00:00:00+01:00;+;UAE;16;Dubai;22;Suburb;2;Preowend;2;Cat. B;2;37;36;39;39;39;36;33;37;23;26;21;23;39;42;43;37
asia;2021-08-31T00:00:00+01:00;+;UAE;16;Dubai;22;Suburb;2;Preowend;2;Cat. B;2;59;66;59;61;54;60;51;56;30;24;33;30;61;63;56;62
asia;2021-09-30T00:00:00+01:00;+;UAE;16;Dubai;22;City;1;New;1;Cat. A;1;24;21;25;24;36;34;33;35;53;55;50;51;26;23;25;25
asia;2021-09-30T00:00:00+01:00;+;UAE;16;Dubai;22;City;1;Preowend;2;Cat. A;1;10;13;10;10;55;56;50;54;53;56;57;54;10;13;10;10
asia;2021-09-30T00:00:00+01:00;+;UAE;16;Dubai;22;Suburb;2;New;1;Cat. A;1;15;11;16;14;50;48;54;50;32;33;37;33;16;18;17;17
asia;2021-09-30T00:00:00+01:00;+;UAE;16;Dubai;22;Suburb;2;Preowend;2;Cat. B;2;41;45;36;39;34;30;36;33;24;28;23;23;38;35;40;38
asia;2021-09-30T00:00:00+01:00;+;UAE;16;Dubai;22;Suburb;2;Preowend;2;Cat. B;2;63;62;62;63;49;55;56;50;28;29;32;29;62;61;58;61
asia;2021-10-31T00:00:00+01:00;+;UAE;16;Dubai;22;City;1;New;1;Cat. A;1;28;26;31;28;37;32;38;37;50;47;48;50;24;19;26;22
asia;2021-10-31T00:00:00+01:00;+;UAE;16;Dubai;22;City;1;Preowend;2;Cat. A;1;13;10;10;12;52;52;55;52;53;51;57;55;11;11;10;11
asia;2021-10-31T00:00:00+01:00;+;UAE;16;Dubai;22;Suburb;2;New;1;Cat. A;1;12;10;11;12;56;53;56;56;35;36;39;35;13;11;13;13
asia;2021-10-31T00:00:00+01:00;+;UAE;16;Dubai;22;Suburb;2;Preowend;2;Cat. B;2;39;42;42;39;39;37;42;40;26;23;29;26;35;33;36;36
asia;2021-10-31T00:00:00+01:00;+;UAE;16;Dubai;22;Suburb;2;Preowend;2;Cat. B;2;56;60;62;58;52;52;55;52;35;39;32;34;59;55;54;60
asia;2021-11-30T00:00:00+01:00;+;UAE;16;Dubai;22;City;1;New;1;Cat. A;1;23;21;28;24;36;37;38;37;51;51;56;52;26;25;23;26
asia;2021-11-30T00:00:00+01:00;+;UAE;16;Dubai;22;City;1;Preowend;2;Cat. A;1;13;11;10;12;52;53;55;52;59;59;54;59;10;11;10;10
asia;2021-11-30T00:00:00+01:00;+;UAE;16;Dubai;22;Suburb;2;New;1;Cat. A;1;17;18;14;19;54;51;50;53;33;32;34;34;14;17;17;16
asia;2021-11-30T00:00:00+01:00;+;UAE;16;Dubai;22;Suburb;2;Preowend;2;Cat. B;2;36;37;33;35;34;29;36;35;19;16;22;21;35;35;31;37
asia;2021-11-30T00:00:00+01:00;+;UAE;16;Dubai;22;Suburb;2;Preowend;2;Cat. B;2;57;62;54;59;52;47;57;53;30;35;34;28;61;62;66;61
asia;2021-12-31T00:00:00+01:00;+;UAE;16;Dubai;22;City;1;New;1;Cat. A;1;24;24;20;23;38;34;37;37;52;50;52;53;26;24;22;25
asia;2021-12-31T00:00:00+01:00;+;UAE;16;Dubai;22;City;1;Preowend;2;Cat. A;1;14;10;14;14;52;53;49;51;54;57;55;54;14;16;17;15
asia;2021-12-31T00:00:00+01:00;+;UAE;16;Dubai;22;Suburb;2;New;1;Cat. A;1;12;10;12;12;53;52;57;54;36;32;34;35;15;17;16;17
asia;2021-12-31T00:00:00+01:00;+;UAE;16;Dubai;22;Suburb;2;Preowend;2;Cat. B;2;35;41;41;37;35;39;33;36;24;30;21;24;38;35;37;37
asia;2021-12-31T00:00:00+01:00;+;UAE;16;Dubai;22;Suburb;2;Preowend;2;Cat. B;2;60;62;62;58;53;58;50;53;30;30;35;30;58;61;62;58
asia;2022-01-31T00:00:00+01:00;+;UAE;16;Dubai;22;City;1;New;1;Cat. A;1;28;28;26;26;34;35;30;34;57;54;54;58;25;23;20;25
asia;2022-01-31T00:00:00+01:00;+;UAE;16;Dubai;22;City;1;Preowend;2;Cat. A;1;15;13;15;16;52;49;51;50;58;60;56;59;16;14;15;15
asia;2022-01-31T00:00:00+01:00;+;UAE;16;Dubai;22;Suburb;2;New;1;Cat. A;1;14;17;17;14;49;49;50;49;35;36;32;36;15;16;16;15
asia;2022-01-31T00:00:00+01:00;+;UAE;16;Dubai;22;Suburb;2;Preowend;2;Cat. B;2;37;37;36;36;39;37;42;38;19;23;16;20;39;39;34;39
asia;2022-01-31T00:00:00+01:00;+;UAE;16;Dubai;22;Suburb;2;Preowend;2;Cat. B;2;58;62;58;58;52;55;53;52;30;33;28;30;64;57;60;64
asia;2022-02-28T00:00:00+01:00;+;UAE;16;Dubai;22;City;1;New;1;Cat. A;1;26;26;27;25;38;35;41;38;55;51;55;55;28;33;33;28
asia;2022-02-28T00:00:00+01:00;+;UAE;16;Dubai;22;City;1;Preowend;2;Cat. A;1;10;10;10;10;51;54;53;49;58;58;60;59;13;17;15;13
asia;2022-02-28T00:00:00+01:00;+;UAE;16;Dubai;22;Suburb;2;New;1;Cat. A;1;16;15;18;14;53;50;56;54;34;29;35;34;15;13;16;17
asia;2022-02-28T00:00:00+01:00;+;UAE;16;Dubai;22;Suburb;2;Preowend;2;Cat. B;2;37;41;37;39;34;30;34;34;19;19;20;19;36;35;30;36
asia;2022-02-28T00:00:00+01:00;+;UAE;16;Dubai;22;Suburb;2;Preowend;2;Cat. B;2;60;59;53;60;49;50;51;51;32;30;35;33;63;58;59;62
asia;2022-03-31T00:00:00+01:00;+;UAE;16;Dubai;22;City;1;New;1;Cat. A;1;29;30;32;28;32;33;34;32;54;54;55;53;28;26;30;27
asia;2022-03-31T00:00:00+01:00;+;UAE;16;Dubai;22;City;1;Preowend;2;Cat. A;1;12;11;10;12;50;47;53;51;54;51;54;53;14;15;11;14
asia;2022-03-31T00:00:00+01:00;+;UAE;16;Dubai;22;Suburb;2;New;1;Cat. A;1;13;18;15;15;49;51;47;49;35;39;32;36;17;16;21;18
asia;2022-03-31T00:00:00+01:00;+;UAE;16;Dubai;22;Suburb;2;Preowend;2;Cat. B;2;38;38;40;36;39;39;36;38;21;20;18;19;42;37;36;40
asia;2022-03-31T00:00:00+01:00;+;UAE;16;Dubai;22;Suburb;2;Preowend;2;Cat. B;2;64;66;63;64;56;51;62;57;30;26;23;29;61;62;59;59
asia;2022-04-30T00:00:00+01:00;+;UAE;16;Dubai;22;City;1;New;1;Cat. A;1;29;33;31;29;36;36;39;37;54;52;50;53;27;28;25;26
asia;2022-04-30T00:00:00+01:00;+;UAE;16;Dubai;22;City;1;Preowend;2;Cat. A;1;12;11;13;12;56;57;54;54;53;58;51;55;10;10;10;10
asia;2022-04-30T00:00:00+01:00;+;UAE;16;Dubai;22;Suburb;2;New;1;Cat. A;1;15;11;18;14;53;57;54;54;32;35;35;32;11;14;10;12
asia;2022-04-30T00:00:00+01:00;+;UAE;16;Dubai;22;Suburb;2;Preowend;2;Cat. B;2;36;31;39;37;38;41;39;37;22;24;22;23;39;44;38;40
asia;2022-04-30T00:00:00+01:00;+;UAE;16;Dubai;22;Suburb;2;Preowend;2;Cat. B;2;59;57;54;59;52;49;53;53;34;40;32;33;60;62;61;61
asia;2022-05-31T00:00:00+01:00;+;UAE;16;Dubai;22;City;1;New;1;Cat. A;1;25;26;24;25;36;38;39;36;53;54;57;54;24;25;22;24
asia;2022-05-31T00:00:00+01:00;+;UAE;16;Dubai;22;City;1;Preowend;2;Cat. A;1;10;10;10;12;57;52;52;57;56;51;55;56;14;17;16;15
asia;2022-05-31T00:00:00+01:00;+;UAE;16;Dubai;22;Suburb;2;New;1;Cat. A;1;13;14;14;14;53;58;55;55;34;35;34;32;13;11;12;14
asia;2022-05-31T00:00:00+01:00;+;UAE;16;Dubai;22;Suburb;2;Preowend;2;Cat. B;2;37;41;41;35;36;36;39;36;23;18;18;21;36;33;34;36
asia;2022-05-31T00:00:00+01:00;+;UAE;16;Dubai;22;Suburb;2;Preowend;2;Cat. B;2;63;58;58;64;56;61;58;56;31;33;35;30;63;58;58;64
asia;2022-06-30T00:00:00+01:00;+;UAE;16;Dubai;22;City;1;New;1;Cat. A;1;22;26;23;23;37;34;37;38;53;56;56;53;26;31;29;28
asia;2022-06-30T00:00:00+01:00;+;UAE;16;Dubai;22;City;1;Preowend;2;Cat. A;1;13;15;14;12;56;57;59;54;53;48;53;53;10;12;13;11
asia;2022-06-30T00:00:00+01:00;+;UAE;16;Dubai;22;Suburb;2;New;1;Cat. A;1;17;13;16;17;52;52;52;52;32;29;29;31;12;12;10;12
asia;2022-06-30T00:00:00+01:00;+;UAE;16;Dubai;22;Suburb;2;Preowend;2;Cat. B;2;36;41;40;37;39;37;36;40;21;22;18;21;39;43;41;40
asia;2022-06-30T00:00:00+01:00;+;UAE;16;Dubai;22;Suburb;2;Preowend;2;Cat. B;2;57;54;54;58;53;47;50;52;32;36;33;31;58;57;60;59
asia;2022-07-31T00:00:00+01:00;+;UAE;16;Dubai;22;City;1;New;1;Cat. A;1;28;28;30;30;34;34;31;33;58;55;56;58;24;23;25;23
asia;2022-07-31T00:00:00+01:00;+;UAE;16;Dubai;22;City;1;Preowend;2;Cat. A;1;13;15;13;13;55;55;52;54;56;56;58;56;15;13;10;13
asia;2022-07-31T00:00:00+01:00;+;UAE;16;Dubai;22;Suburb;2;New;1;Cat. A;1;14;16;15;15;52;54;52;54;32;35;32;32;12;10;16;14
asia;2022-07-31T00:00:00+01:00;+;UAE;16;Dubai;22;Suburb;2;Preowend;2;Cat. B;2;40;34;43;40;36;41;32;35;22;22;21;21;40;35;40;39
asia;2022-07-31T00:00:00+01:00;+;UAE;16;Dubai;22;Suburb;2;Preowend;2;Cat. B;2;58;61;56;58;57;53;54;57;33;27;34;33;57;63;52;57
asia;2022-08-31T00:00:00+01:00;+;UAE;16;Dubai;22;City;1;New;1;Cat. A;1;27;26;27;26;33;30;32;31;56;58;60;58;24;21;22;24
asia;2022-08-31T00:00:00+01:00;+;UAE;16;Dubai;22;City;1;Preowend;2;Cat. A;1;10;10;10;10;53;54;56;53;53;53;51;54;11;11;11;10
asia;2022-08-31T00:00:00+01:00;+;UAE;16;Dubai;22;Suburb;2;New;1;Cat. A;1;17;14;17;17;49;49;45;49;29;33;26;30;15;11;10;15
asia;2022-08-31T00:00:00+01:00;+;UAE;16;Dubai;22;Suburb;2;Preowend;2;Cat. B;2;41;39;45;40;37;39;38;38;22;22;19;22;39;39;38;38
asia;2022-08-31T00:00:00+01:00;+;UAE;16;Dubai;22;Suburb;2;Preowend;2;Cat. B;2;64;66;58;62;54;57;57;54;33;29;27;33;58;62;53;59
asia;2022-09-30T00:00:00+01:00;+;UAE;16;Dubai;22;City;1;New;1;Cat. A;1;28;25;30;29;38;35;34;37;52;55;49;50;24;23;21;24
asia;2022-09-30T00:00:00+01:00;+;UAE;16;Dubai;22;City;1;Preowend;2;Cat. A;1;10;13;10;10;54;50;56;53;57;58;54;57;10;12;10;10
asia;2022-09-30T00:00:00+01:00;+;UAE;16;Dubai;22;Suburb;2;New;1;Cat. A;1;16;13;12;15;50;49;48;51;35;35;37;33;13;18;17;13
asia;2022-09-30T00:00:00+01:00;+;UAE;16;Dubai;22;Suburb;2;Preowend;2;Cat. B;2;39;35;45;41;35;34;38;35;21;22;17;20;35;39;38;35
asia;2022-09-30T00:00:00+01:00;+;UAE;16;Dubai;22;Suburb;2;Preowend;2;Cat. B;2;58;57;54;59;53;53;58;55;31;24;35;29;58;59;57;56
asia;2022-10-31T00:00:00+01:00;+;UAE;16;Dubai;22;City;1;New;1;Cat. A;1;30;25;27;28;35;31;37;35;51;54;51;51;25;26;21;26
asia;2022-10-31T00:00:00+01:00;+;UAE;16;Dubai;22;City;1;Preowend;2;Cat. A;1;12;17;17;13;50;52;50;49;53;51;56;54;16;16;17;14
asia;2022-10-31T00:00:00+01:00;+;UAE;16;Dubai;22;Suburb;2;New;1;Cat. A;1;14;17;17;13;54;55;54;53;34;32;30;32;15;11;17;16
asia;2022-10-31T00:00:00+01:00;+;UAE;16;Dubai;22;Suburb;2;Preowend;2;Cat. B;2;35;32;32;37;34;38;36;34;25;27;29;25;40;41;35;40
asia;2022-10-31T00:00:00+01:00;+;UAE;16;Dubai;22;Suburb;2;Preowend;2;Cat. B;2;60;58;60;60;51;55;48;51;30;35;35;29;62;58;63;60
asia;2022-11-30T00:00:00+01:00;+;UAE;16;Dubai;22;City;1;New;1;Cat. A;1;27;25;28;28;37;32;37;35;53;56;51;54;24;26;22;26
asia;2022-11-30T00:00:00+01:00;+;UAE;16;Dubai;22;City;1;Preowend;2;Cat. A;1;11;13;11;11;54;55;56;52;54;53;57;54;14;18;16;14
asia;2022-11-30T00:00:00+01:00;+;UAE;16;Dubai;22;Suburb;2;New;1;Cat. A;1;16;13;16;16;55;58;52;53;35;32;38;33;12;17;12;12
asia;2022-11-30T00:00:00+01:00;+;UAE;16;Dubai;22;Suburb;2;Preowend;2;Cat. B;2;36;39;39;36;36;39;35;37;20;22;21;21;35;38;30;36
asia;2022-11-30T00:00:00+01:00;+;UAE;16;Dubai;22;Suburb;2;Preowend;2;Cat. B;2;61;57;61;60;53;50;55;52;31;31;29;29;62;60;62;64
asia;2022-12-31T00:00:00+01:00;+;UAE;16;Dubai;22;City;1;New;1;Cat. A;1;24;25;22;25;33;35;32;33;55;57;54;53;26;22;25;26
asia;2022-12-31T00:00:00+01:00;+;UAE;16;Dubai;22;City;1;Preowend;2;Cat. A;1;12;13;10;13;56;52;58;55;53;54;52;53;13;14;13;12
asia;2022-12-31T00:00:00+01:00;+;UAE;16;Dubai;22;Suburb;2;New;1;Cat. A;1;13;14;12;11;56;57;58;56;32;33;30;32;17;14;17;18
asia;2022-12-31T00:00:00+01:00;+;UAE;16;Dubai;22;Suburb;2;Preowend;2;Cat. B;2;39;36;41;39;37;34;38;39;25;30;30;24;35;35;33;35
asia;2022-12-31T00:00:00+01:00;+;UAE;16;Dubai;22;Suburb;2;Preowend;2;Cat. B;2;62;58;59;62;53;48;53;52;34;36;28;35;62;63;67;61
asia;2023-01-31T00:00:00+01:00;+;UAE;16;Dubai;22;City;1;New;1;Cat. A;1;25;30;22;26;36;36;36;37;57;52;53;56;22;26;22;23
asia;2023-01-31T00:00:00+01:00;+;UAE;16;Dubai;22;City;1;Preowend;2;Cat. A;1;16;18;12;15;54;54;54;54;54;56;54;56;11;14;10;13
asia;2023-01-31T00:00:00+01:00;+;UAE;16;Dubai;22;Suburb;2;New;1;Cat. A;1;16;17;13;15;51;48;53;53;34;37;35;36;15;11;11;15
asia;2023-01-31T00:00:00+01:00;+;UAE;16;Dubai;22;Suburb;2;Preowend;2;Cat. B;2;40;41;42;41;36;40;32;36;24;19;21;23;39;39;44;40
asia;2023-01-31T00:00:00+01:00;+;UAE;16;Dubai;22;Suburb;2;Preowend;2;Cat. B;2;57;62;59;58;54;53;56;53;28;25;29;28;63;61;60;64
asia;2023-02-28T00:00:00+01:00;+;UAE;16;Dubai;22;City;1;New;1;Cat. A;1;26;25;25;26;35;31;38;36;55;50;57;54;27;25;32;27
asia;2023-02-28T00:00:00+01:00;+;UAE;16;Dubai;22;City;1;Preowend;2;Cat. A;1;11;10;12;12;52;53;51;53;53;51;56;54;12;15;10;12
asia;2023-02-28T00:00:00+01:00;+;UAE;16;Dubai;22;Suburb;2;New;1;Cat. A;1;19;19;21;18;54;57;56;54;35;36;31;35;12;14;14;13
asia;2023-02-28T00:00:00+01:00;+;UAE;16;Dubai;22;Suburb;2;Preowend;2;Cat. B;2;41;38;45;40;37;39;41;38;22;23;17;21;40;44;37;39
asia;2023-02-28T00:00:00+01:00;+;UAE;16;Dubai;22;Suburb;2;Preowend;2;Cat. B;2;62;68;65;61;50;50;55;49;34;29;33;33;61;64;62;61
asia;2023-03-31T00:00:00+01:00;+;UAE;16;Dubai;22;City;1;New;1;Cat. A;1;22;20;24;24;32;35;35;31;56;56;55;57;22;23;27;23
asia;2023-03-31T00:00:00+01:00;+;UAE;16;Dubai;22;City;1;Preowend;2;Cat. A;1;10;14;11;10;51;48;50;51;54;57;54;53;11;15;12;12
asia;2023-03-31T00:00:00+01:00;+;UAE;16;Dubai;22;Suburb;2;New;1;Cat. A;1;15;15;12;13;51;56;53;52;30;34;26;31;17;17;19;17
asia;2023-03-31T00:00:00+01:00;+;UAE;16;Dubai;22;Suburb;2;Preowend;2;Cat. B;2;39;42;35;40;36;37;31;35;26;24;30;26;37;36;39;37
asia;2023-03-31T00:00:00+01:00;+;UAE;16;Dubai;22;Suburb;2;Preowend;2;Cat. B;2;59;64;62;58;51;45;49;50;33;28;31;33;63;63;66;63
asia;2023-04-30T00:00:00+01:00;+;UAE;16;Dubai;22;City;1;New;1;Cat. A;1;24;26;22;23;33;38;35;35;56;57;52;57;27;25;29;26
asia;2023-04-30T00:00:00+01:00;+;UAE;16;Dubai;22;City;1;Preowend;2;Cat. A;1;10;10;14;10;54;57;52;54;57;61;59;59;13;10;10;11
asia;2023-04-30T00:00:00+01:00;+;UAE;16;Dubai;22;Suburb;2;New;1;Cat. A;1;15;15;11;15;55;56;52;55;29;30;26;29;16;13;12;16
asia;2023-04-30T00:00:00+01:00;+;UAE;16;Dubai;22;Suburb;2;Preowend;2;Cat. B;2;40;46;44;42;36;38;37;37;22;23;21;23;41;39;41;42
asia;2023-04-30T00:00:00+01:00;+;UAE;16;Dubai;22;Suburb;2;Preowend;2;Cat. B;2;64;63;57;63;51;53;48;51;34;35;30;33;60;58;58;61
asia;2023-05-31T00:00:00+01:00;+;UAE;16;Dubai;22;City;1;New;1;Cat. A;1;30;25;26;29;31;28;35;32;56;60;57;58;23;26;26;25
asia;2023-05-31T00:00:00+01:00;+;UAE;16;Dubai;22;City;1;Preowend;2;Cat. A;1;11;12;13;10;53;52;56;51;54;51;51;55;15;13;15;15
asia;2023-05-31T00:00:00+01:00;+;UAE;16;Dubai;22;Suburb;2;New;1;Cat. A;1;14;17;11;16;54;56;53;56;31;30;34;32;16;13;14;17
asia;2023-05-31T00:00:00+01:00;+;UAE;16;Dubai;22;Suburb;2;Preowend;2;Cat. B;2;41;45;37;40;39;45;37;39;22;19;22;24;39;35;38;37
asia;2023-05-31T00:00:00+01:00;+;UAE;16;Dubai;22;Suburb;2;Preowend;2;Cat. B;2;64;64;69;64;54;56;59;52;28;34;31;28;57;63;63;57
asia;2023-06-30T00:00:00+01:00;+;UAE;16;Dubai;22;City;1;New;1;Cat. A;1;26;28;27;27;33;32;35;35;56;56;56;55;27;32;25;29
asia;2023-06-30T00:00:00+01:00;+;UAE;16;Dubai;22;City;1;Preowend;2;Cat. A;1;14;14;10;12;55;58;54;56;57;59;56;57;14;19;19;14
asia;2023-06-30T00:00:00+01:00;+;UAE;16;Dubai;22;Suburb;2;New;1;Cat. A;1;18;19;21;17;52;57;53;53;29;30;32;31;14;13;11;14
asia;2023-06-30T00:00:00+01:00;+;UAE;16;Dubai;22;Suburb;2;Preowend;2;Cat. B;2;36;35;37;37;38;35;35;38;23;20;26;22;36;31;34;35
asia;2023-06-30T00:00:00+01:00;+;UAE;16;Dubai;22;Suburb;2;Preowend;2;Cat. B;2;61;62;62;60;54;56;47;53;35;38;35;34;59;62;57;60
asia;2023-07-31T00:00:00+01:00;+;UAE;16;Dubai;22;City;1;New;1;Cat. A;1;26;22;29;26;34;36;30;34;56;54;53;56;26;23;27;28
asia;2023-07-31T00:00:00+01:00;+;UAE;16;Dubai;22;City;1;Preowend;2;Cat. A;1;14;10;13;12;57;58;55;55;55;54;58;56;13;13;14;12
asia;2023-07-31T00:00:00+01:00;+;UAE;16;Dubai;22;Suburb;2;New;1;Cat. A;1;15;13;18;15;52;51;48;52;32;28;35;33;13;13;14;13
asia;2023-07-31T00:00:00+01:00;+;UAE;16;Dubai;22;Suburb;2;Preowend;2;Cat. B;2;38;41;39;38;39;36;43;39;25;24;27;25;34;33;36;36
asia;2023-07-31T00:00:00+01:00;+;UAE;16;Dubai;22;Suburb;2;Preowend;2;Cat. B;2;57;59;56;57;53;53;51;53;32;28;35;31;61;56;66;60
asia;2023-08-31T00:00:00+01:00;+;UAE;16;Dubai;22;City;1;New;1;Cat. A;1;23;22;21;24;36;31;39;36;58;60;58;57;24;19;21;24
asia;2023-08-31T00:00:00+01:00;+;UAE;16;Dubai;22;City;1;Preowend;2;Cat. A;1;11;10;14;10;50;48;47;51;58;61;57;58;10;14;11;11
asia;2023-08-31T00:00:00+01:00;+;UAE;16;Dubai;22;Suburb;2;New;1;Cat. A;1;15;15;11;13;51;49;52;51;32;31;37;32;12;10;14;13
asia;2023-08-31T00:00:00+01:00;+;UAE;16;Dubai;22;Suburb;2;Preowend;2;Cat. B;2;39;43;43;38;38;39;43;39;22;25;25;22;40;35;38;39
asia;2023-08-31T00:00:00+01:00;+;UAE;16;Dubai;22;Suburb;2;Preowend;2;Cat. B;2;58;62;57;58;52;51;58;53;31;31;27;32;60;62;66;59
asia;2023-09-30T00:00:00+01:00;+;UAE;16;Dubai;22;City;1;New;1;Cat. A;1;30;30;28;28;37;39;41;37;55;60;59;56;27;30;29;26
asia;2023-09-30T00:00:00+01:00;+;UAE;16;Dubai;22;City;1;Preowend;2;Cat. A;1;10;10;12;10;54;52;50;54;54;53;50;53;10;10;10;11
asia;2023-09-30T00:00:00+01:00;+;UAE;16;Dubai;22;Suburb;2;New;1;Cat. A;1;19;21;19;18;52;53;49;51;34;38;34;35;17;18;21;19
asia;2023-09-30T00:00:00+01:00;+;UAE;16;Dubai;22;Suburb;2;Preowend;2;Cat. B;2;42;37;41;41;34;35;34;34;25;20;27;26;36;35;39;36
asia;2023-09-30T00:00:00+01:00;+;UAE;16;Dubai;22;Suburb;2;Preowend;2;Cat. B;2;58;54;54;58;56;59;57;56;31;32;30;31;61;65;59;60
asia;2023-10-31T00:00:00+01:00;+;UAE;16;Dubai;22;City;1;New;1;Cat. A;1;26;28;23;24;35;34;35;36;52;52;48;51;28;23;31;27
asia;2023-10-31T00:00:00+01:00;+;UAE;16;Dubai;22;City;1;Preowend;2;Cat. A;1;14;16;10;14;53;51;55;52;55;60;54;56;16;18;11;16
asia;2023-10-31T00:00:00+01:00;+;UAE;16;Dubai;22;Suburb;2;New;1;Cat. A;1;18;21;19;18;54;54;57;54;32;31;35;32;16;13;18;14
asia;2023-10-31T00:00:00+01:00;+;UAE;16;Dubai;22;Suburb;2;Preowend;2;Cat. B;2;40;38;40;39;39;43;44;40;18;16;24;18;35;38;40;34
asia;2023-10-31T00:00:00+01:00;+;UAE;16;Dubai;22;Suburb;2;Preowend;2;Cat. B;2;58;63;65;58;50;57;47;50;30;32;26;29;58;58;52;58
asia;2023-11-30T00:00:00+01:00;+;UAE;16;Dubai;22;City;1;New;1;Cat. A;1;29;29;28;30;36;39;38;38;50;50;52;51;30;31;30;28
asia;2023-11-30T00:00:00+01:00;+;UAE;16;Dubai;22;City;1;Preowend;2;Cat. A;1;14;14;12;13;53;48;48;52;52;52;56;53;10;10;14;10
asia;2023-11-30T00:00:00+01:00;+;UAE;16;Dubai;22;Suburb;2;New;1;Cat. A;1;17;22;14;18;50;52;52;51;29;34;26;30;11;15;14;12
asia;2023-11-30T00:00:00+01:00;+;UAE;16;Dubai;22;Suburb;2;Preowend;2;Cat. B;2;35;38;39;36;37;39;41;36;22;22;16;22;40;36;39;42
asia;2023-11-30T00:00:00+01:00;+;UAE;16;Dubai;22;Suburb;2;Preowend;2;Cat. B;2;60;56;62;60;50;54;56;51;30;29;29;28;58;63;60;58
asia;2023-12-31T00:00:00+01:00;+;UAE;16;Dubai;22;City;1;New;1;Cat. A;1;25;28;27;23;37;39;35;37;56;57;55;57;27;27;28;25
asia;2023-12-31T00:00:00+01:00;+;UAE;16;Dubai;22;City;1;Preowend;2;Cat. A;1;14;15;13;13;55;58;52;55;51;50;56;53;13;10;15;11
asia;2023-12-31T00:00:00+01:00;+;UAE;16;Dubai;22;Suburb;2;New;1;Cat. A;1;11;10;16;12;51;52;48;50;28;27;27;30;18;13;14;18
asia;2023-12-31T00:00:00+01:00;+;UAE;16;Dubai;22;Suburb;2;Preowend;2;Cat. B;2;38;34;39;38;37;38;40;35;22;17;16;21;37;38;34;37
asia;2023-12-31T00:00:00+01:00;+;UAE;16;Dubai;22;Suburb;2;Preowend;2;Cat. B;2;58;58;55;59;56;59;58;55;33;31;29;32;56;62;57;56
asia;2024-01-31T00:00:00+01:00;+;UAE;16;Dubai;22;City;1;New;1;Cat. A;1;26;30;25;25;35;37;40;36;56;56;61;56;25;29;21;25
asia;2024-01-31T00:00:00+01:00;+;UAE;16;Dubai;22;City;1;Preowend;2;Cat. A;1;10;10;12;10;55;55;54;56;52;49;52;53;16;19;16;16
asia;2024-01-31T00:00:00+01:00;+;UAE;16;Dubai;22;Suburb;2;New;1;Cat. A;1;17;13;14;17;48;46;51;49;34;36;31;32;18;15;18;16
asia;2024-01-31T00:00:00+01:00;+;UAE;16;Dubai;22;Suburb;2;Preowend;2;Cat. B;2;40;36;42;40;36;35;32;34;18;16;23;19;34;34;39;36
asia;2024-01-31T00:00:00+01:00;+;UAE;16;Dubai;22;Suburb;2;Preowend;2;Cat. B;2;64;62;65;62;52;46;50;52;35;33;33;33;59;60;57;61
asia;2024-02-29T00:00:00+01:00;+;UAE;16;Dubai;22;City;1;New;1;Cat. A;1;29;26;24;28;35;38;35;36;50;51;49;51;26;28;24;26
asia;2024-02-29T00:00:00+01:00;+;UAE;16;Dubai;22;City;1;Preowend;2;Cat. A;1;12;10;16;13;50;48;49;51;56;58;58;54;11;12;13;10
asia;2024-02-29T00:00:00+01:00;+;UAE;16;Dubai;22;Suburb;2;New;1;Cat. A;1;12;13;12;14;55;55;58;56;31;29;33;31;14;11;15;14
asia;2024-02-29T00:00:00+01:00;+;UAE;16;Dubai;22;Suburb;2;Preowend;2;Cat. B;2;40;44;46;42;38;36;43;40;24;23;24;26;38;32;42;37
asia;2024-02-29T00:00:00+01:00;+;UAE;16;Dubai;22;Suburb;2;Preowend;2;Cat. B;2;58;52;62;57;53;46;55;52;30;34;26;31;62;60;62;60
asia;2024-03-31T00:00:00+01:00;+;UAE;16;Dubai;22;City;1;New;1;Cat. A;1;25;28;28;27;36;33;33;35;52;50;48;51;25;24;21;26
asia;2024-03-31T00:00:00+01:00;+;UAE;16;Dubai;22;City;1;Preowend;2;Cat. A;1;16;11;12;16;50;48;53;49;56;54;60;56;10;13;11;10
asia;2024-03-31T00:00:00+01:00;+;UAE;16;Dubai;22;Suburb;2;New;1;Cat. A;1;14;10;10;15;51;56;52;51;36;34;34;35;15;18;14;14
asia;2024-03-31T00:00:00+01:00;+;UAE;16;Dubai;22;Suburb;2;Preowend;2;Cat. B;2;42;44;46;40;37;36;40;36;21;21;22;20;35;36;34;37
asia;2024-03-31T00:00:00+01:00;+;UAE;16;Dubai;22;Suburb;2;Preowend;2;Cat. B;2;57;63;53;58;56;57;61;55;29;28;23;28;59;55;54;59
asia;2024-04-30T00:00:00+01:00;+;UAE;16;Dubai;22;City;1;New;1;Cat. A;1;28;23;29;27;32;34;29;33;55;55;53;55;24;26;22;24
asia;2024-04-30T00:00:00+01:00;+;UAE;16;Dubai;22;City;1;Preowend;2;Cat. A;1;15;10;14;13;53;51;49;52;55;57;52;55;12;10;13;11
asia;2024-04-30T00:00:00+01:00;+;UAE;16;Dubai;22;Suburb;2;New;1;Cat. A;1;15;13;13;14;54;57;51;55;35;34;33;36;14;12;18;14
asia;2024-04-30T00:00:00+01:00;+;UAE;16;Dubai;22;Suburb;2;Preowend;2;Cat. B;2;39;37;37;40;38;37;37;38;20;18;19;20;36;42;42;36
asia;2024-04-30T00:00:00+01:00;+;UAE;16;Dubai;22;Suburb;2;Preowend;2;Cat. B;2;57;52;53;56;51;57;52;51;28;33;32;30;60;57;65;60
asia;2024-05-31T00:00:00+01:00;+;UAE;16;Dubai;22;City;1;New;1;Cat. A;1;24;20;25;23;32;28;30;31;51;53;49;51;24;21;25;24
asia;2024-05-31T00:00:00+01:00;+;UAE;16;Dubai;22;City;1;Preowend;2;Cat. A;1;10;11;10;11;53;52;54;54;58;58;55;57;13;10;13;12
asia;2024-05-31T00:00:00+01:00;+;UAE;16;Dubai;22;Suburb;2;New;1;Cat. A;1;17;22;14;18;50;46;46;48;31;31;26;30;15;13;14;15
asia;2024-05-31T00:00:00+01:00;+;UAE;16;Dubai;22;Suburb;2;Preowend;2;Cat. B;2;38;39;33;37;41;42;40;40;19;15;20;19;38;36;42;40
asia;2024-05-31T00:00:00+01:00;+;UAE;16;Dubai;22;Suburb;2;Preowend;2;Cat. B;2;61;56;68;62;50;56;51;50;29;34;34;31;61;59;65;60
asia;2024-06-30T00:00:00+01:00;+;UAE;16;Dubai;22;City;1;New;1;Cat. A;1;23;27;26;23;34;30;34;33;51;53;56;53;23;27;24;24
asia;2024-06-30T00:00:00+01:00;+;UAE;16;Dubai;22;City;1;Preowend;2;Cat. A;1;14;11;14;13;54;52;55;52;57;52;52;55;11;10;12;12
asia;2024-06-30T00:00:00+01:00;+;UAE;16;Dubai;22;Suburb;2;New;1;Cat. A;1;18;16;15;17;50;53;53;50;34;39;34;34;12;14;10;12
asia;2024-06-30T00:00:00+01:00;+;UAE;16;Dubai;22;Suburb;2;Preowend;2;Cat. B;2;36;39;38;37;39;38;34;39;24;23;24;24;34;35;40;34
asia;2024-06-30T00:00:00+01:00;+;UAE;16;Dubai;22;Suburb;2;Preowend;2;Cat. B;2;62;68;64;63;53;54;55;53;32;25;25;31;58;64;60;58
asia;2024-07-31T00:00:00+01:00;+;UAE;16;Dubai;22;City;1;New;1;Cat. A;1;30;26;29;29;31;31;35;31;56;58;56;55;28;32;27;29
asia;2024-07-31T00:00:00+01:00;+;UAE;16;Dubai;22;City;1;Preowend;2;Cat. A;1;15;13;10;14;56;58;59;56;59;59;55;59;10;10;10;10
asia;2024-07-31T00:00:00+01:00;+;UAE;16;Dubai;22;Suburb;2;New;1;Cat. A;1;15;16;18;16;50;46;52;50;33;36;34;32;15;12;19;15
asia;2024-07-31T00:00:00+01:00;+;UAE;16;Dubai;22;Suburb;2;Preowend;2;Cat. B;2;41;40;41;41;36;37;42;38;19;20;17;19;34;31;38;34
asia;2024-07-31T00:00:00+01:00;+;UAE;16;Dubai;22;Suburb;2;Preowend;2;Cat. B;2;63;58;56;63;54;51;54;56;31;31;30;30;57;64;59;59
asia;2024-08-31T00:00:00+01:00;+;UAE;16;Dubai;22;City;1;New;1;Cat. A;1;25;25;23;26;35;39;38;34;58;55;59;56;24;24;28;24
asia;2024-08-31T00:00:00+01:00;+;UAE;16;Dubai;22;City;1;Preowend;2;Cat. A;1;13;12;14;15;50;49;52;51;52;53;48;53;14;16;15;16
asia;2024-08-31T00:00:00+01:00;+;UAE;16;Dubai;22;Suburb;2;New;1;Cat. A;1;11;16;11;13;53;55;56;52;35;38;37;33;17;19;14;17
asia;2024-08-31T00:00:00+01:00;+;UAE;16;Dubai;22;Suburb;2;Preowend;2;Cat. B;2;36;34;39;35;35;29;29;33;21;16;19;19;41;38;45;41
asia;2024-08-31T00:00:00+01:00;+;UAE;16;Dubai;22;Suburb;2;Preowend;2;Cat. B;2;62;66;59;60;51;54;54;52;28;27;26;28;60;56;62;61
asia;2024-09-30T00:00:00+01:00;+;UAE;16;Dubai;22;City;1;New;1;Cat. A;1;25;30;28;25;36;38;35;37;52;54;48;51;24;23;24;24
asia;2024-09-30T00:00:00+01:00;+;UAE;16;Dubai;22;City;1;Preowend;2;Cat. A;1;10;12;13;10;50;49;52;50;55;55;58;55;10;10;10;10
asia;2024-09-30T00:00:00+01:00;+;UAE;16;Dubai;22;Suburb;2;New;1;Cat. A;1;17;12;17;15;55;57;57;54;35;38;31;33;12;11;16;14
asia;2024-09-30T00:00:00+01:00;+;UAE;16;Dubai;22;Suburb;2;Preowend;2;Cat. B;2;39;44;43;38;37;39;37;35;25;21;25;24;37;38;41;37
asia;2024-09-30T00:00:00+01:00;+;UAE;16;Dubai;22;Suburb;2;Preowend;2;Cat. B;2;63;61;61;62;53;50;50;54;35;36;30;34;64;65;63;62
asia;2024-10-31T00:00:00+01:00;+;UAE;16;Dubai;22;City;1;New;1;Cat. A;1;28;27;31;27;32;33;28;31;51;49;56;51;30;27;31;30
asia;2024-10-31T00:00:00+01:00;+;UAE;16;Dubai;22;City;1;Preowend;2;Cat. A;1;11;12;10;13;54;57;51;55;55;52;56;56;14;19;12;14
asia;2024-10-31T00:00:00+01:00;+;UAE;16;Dubai;22;Suburb;2;New;1;Cat. A;1;19;16;19;18;54;51;53;54;35;37;39;36;19;17;18;17
asia;2024-10-31T00:00:00+01:00;+;UAE;16;Dubai;22;Suburb;2;Preowend;2;Cat. B;2;35;31;33;34;36;31;31;36;22;17;20;20;35;31;33;34
asia;2024-10-31T00:00:00+01:00;+;UAE;16;Dubai;22;Suburb;2;Preowend;2;Cat. B;2;60;63;53;59;55;56;49;56;28;28;22;29;61;58;66;59
asia;2024-11-30T00:00:00+01:00;+;UAE;16;Dubai;22;City;1;New;1;Cat. A;1;29;33;32;30;34;32;31;34;53;54;55;54;23;24;26;22
asia;2024-11-30T00:00:00+01:00;+;UAE;16;Dubai;22;City;1;Preowend;2;Cat. A;1;16;18;15;14;51;51;47;50;54;58;55;55;12;15;14;10
asia;2024-11-30T00:00:00+01:00;+;UAE;16;Dubai;22;Suburb;2;New;1;Cat. A;1;15;15;18;17;51;50;47;49;31;32;30;29;15;18;12;15
asia;2024-11-30T00:00:00+01:00;+;UAE;16;Dubai;22;Suburb;2;Preowend;2;Cat. B;2;36;36;34;35;38;42;40;36;25;27;26;24;40;46;36;40
asia;2024-11-30T00:00:00+01:00;+;UAE;16;Dubai;22;Suburb;2;Preowend;2;Cat. B;2;58;56;55;57;53;50;53;53;32;26;32;32;59;54;58;60
asia;2024-12-31T00:00:00+01:00;+;UAE;16;Dubai;22;City;1;New;1;Cat. A;1;26;25;29;25;37;40;36;37;54;58;51;54;25;25;28;25
asia;2024-12-31T00:00:00+01:00;+;UAE;16;Dubai;22;City;1;Preowend;2;Cat. A;1;10;10;10;10;50;49;53;50;56;55;54;54;14;18;19;14
asia;2024-12-31T00:00:00+01:00;+;UAE;16;Dubai;22;Suburb;2;New;1;Cat. A;1;13;14;10;11;49;45;47;48;32;32;32;31;12;13;14;12
asia;2024-12-31T00:00:00+01:00;+;UAE;16;Dubai;22;Suburb;2;Preowend;2;Cat. B;2;38;42;40;37;36;39;36;36;20;20;17;19;37;32;38;37
asia;2024-12-31T00:00:00+01:00;+;UAE;16;Dubai;22;Suburb;2;Preowend;2;Cat. B;2;56;56;54;56;55;54;59;57;30;32;25;29;63;62;61;61
asia;2025-01-31T00:00:00+01:00;+;UAE;16;Dubai;22;City;1;New;1;Cat. A;1;29;31;31;27;34;38;34;36;56;58;54;56;24;26;21;22
asia;2025-01-31T00:00:00+01:00;+;UAE;16;Dubai;22;City;1;Preowend;2;Cat. A;1;15;19;17;15;56;54;53;55;59;60;62;58;14;10;13;14
asia;2025-01-31T00:00:00+01:00;+;UAE;16;Dubai;22;Suburb;2;New;1;Cat. A;1;11;10;15;13;50;53;46;50;30;32;32;32;17;13;19;15
asia;2025-01-31T00:00:00+01:00;+;UAE;16;Dubai;22;Suburb;2;Preowend;2;Cat. B;2;40;37;37;41;35;36;31;36;23;26;25;23;38;39;38;39
asia;2025-01-31T00:00:00+01:00;+;UAE;16;Dubai;22;Suburb;2;Preowend;2;Cat. B;2;60;61;64;60;53;47;48;53;30;33;33;29;63;64;57;62
asia;2025-02-28T00:00:00+01:00;+;UAE;16;Dubai;22;City;1;New;1;Cat. A;1;28;25;30;28;36;41;39;37;53;50;53;52;24;21;26;24
asia;2025-02-28T00:00:00+01:00;+;UAE;16;Dubai;22;City;1;Preowend;2;Cat. A;1;12;10;10;12;52;47;48;51;55;52;57;54;10;12;10;10
asia;2025-02-28T00:00:00+01:00;+;UAE;16;Dubai;22;Suburb;2;New;1;Cat. A;1;15;18;11;13;54;54;51;54;32;35;35;30;19;17;22;18
asia;2025-02-28T00:00:00+01:00;+;UAE;16;Dubai;22;Suburb;2;Preowend;2;Cat. B;2;41;35;45;41;38;40;38;37;24;23;30;24;38;34;38;40
asia;2025-02-28T00:00:00+01:00;+;UAE;16;Dubai;22;Suburb;2;Preowend;2;Cat. B;2;60;60;63;58;55;54;53;54;29;28;23;29;59;56;55;61
asia;2025-03-31T00:00:00+01:00;+;UAE;16;Dubai;22;City;1;New;1;Cat. A;1;27;26;24;28;34;35;33;32;52;54;49;53;24;22;19;22
asia;2025-03-31T00:00:00+01:00;+;UAE;16;Dubai;22;City;1;Preowend;2;Cat. A;1;10;12;10;10;54;52;54;54;55;51;56;54;15;15;11;14
asia;2025-03-31T00:00:00+01:00;+;UAE;16;Dubai;22;Suburb;2;New;1;Cat. A;1;14;10;12;14;49;51;48;51;34;37;38;34;15;18;15;16
asia;2025-03-31T00:00:00+01:00;+;UAE;16;Dubai;22;Suburb;2;Preowend;2;Cat. B;2;40;43;39;38;35;36;33;37;23;22;22;23;42;44;40;40
asia;2025-03-31T00:00:00+01:00;+;UAE;16;Dubai;22;Suburb;2;Preowend;2;Cat. B;2;64;68;65;63;56;50;50;54;33;39;30;32;59;60;58;59
asia;2025-04-30T00:00:00+01:00;+;UAE;16;Dubai;22;City;1;New;1;Cat. A;1;27;31;30;27;36;38;38;38;55;51;57;56;22;26;27;23
asia;2025-04-30T00:00:00+01:00;+;UAE;16;Dubai;22;City;1;Preowend;2;Cat. A;1;14;10;11;12;51;50;52;49;53;51;50;53;10;13;13;12
asia;2025-04-30T00:00:00+01:00;+;UAE;16;Dubai;22;Suburb;2;New;1;Cat. A;1;12;16;12;11;51;46;48;51;30;31;33;30;12;16;12;14
asia;2025-04-30T00:00:00+01:00;+;UAE;16;Dubai;22;Suburb;2;Preowend;2;Cat. B;2;42;41;41;40;37;41;33;36;23;24;21;23;40;37;37;41
asia;2025-04-30T00:00:00+01:00;+;UAE;16;Dubai;22;Suburb;2;Preowend;2;Cat. B;2;61;59;67;63;51;47;50;51;32;32;31;30;59;56;59;61
asia;2025-05-31T00:00:00+01:00;+;UAE;16;Dubai;22;City;1;New;1;Cat. A;1;24;24;21;24;38;33;38;37;56;53;61;58;23;22;24;25
asia;2025-05-31T00:00:00+01:00;+;UAE;16;Dubai;22;City;1;Preowend;2;Cat. A;1;12;11;10;12;51;55;55;50;55;54;59;55;13;14;13;12
asia;2025-05-31T00:00:00+01:00;+;UAE;16;Dubai;22;Suburb;2;New;1;Cat. A;1;15;19;14;15;50;54;47;52;30;28;34;30;13;10;15;14
asia;2025-05-31T00:00:00+01:00;+;UAE;16;Dubai;22;Suburb;2;Preowend;2;Cat. B;2;41;41;38;41;35;35;31;34;23;22;22;22;38;44;34;38
asia;2025-05-31T00:00:00+01:00;+;UAE;16;Dubai;22;Suburb;2;Preowend;2;Cat. B;2;58;62;57;60;51;56;48;51;27;24;28;27;60;66;55;60
asia;2025-06-30T00:00:00+01:00;+;UAE;16;Dubai;22;City;1;New;1;Cat. A;1;23;22;23;24;34;33;39;34;50;50;51;52;25;26;25;26
asia;2025-06-30T00:00:00+01:00;+;UAE;16;Dubai;22;City;1;Preowend;2;Cat. A;1;10;13;10;12;55;53;58;57;53;52;50;53;13;15;17;13
asia;2025-06-30T00:00:00+01:00;+;UAE;16;Dubai;22;Suburb;2;New;1;Cat. A;1;16;16;13;17;54;54;54;53;30;33;28;31;12;12;15;11
asia;2025-06-30T00:00:00+01:00;+;UAE;16;Dubai;22;Suburb;2;Preowend;2;Cat. B;2;35;35;38;34;38;39;44;38;23;24;22;22;38;38;34;38
asia;2025-06-30T00:00:00+01:00;+;UAE;16;Dubai;22;Suburb;2;Preowend;2;Cat. B;2;56;52;56;56;54;48;58;55;29;32;32;30;59;54;64;60
asia;2025-07-31T00:00:00+01:00;+;UAE;16;Dubai;22;City;1;New;1;Cat. A;1;28;30;30;28;34;32;31;32;52;55;47;51;26;29;24;25
asia;2025-07-31T00:00:00+01:00;+;UAE;16;Dubai;22;City;1;Preowend;2;Cat. A;1;13;15;14;15;52;53;56;53;56;58;56;58;11;10;10;10
asia;2025-07-31T00:00:00+01:00;+;UAE;16;Dubai;22;Suburb;2;New;1;Cat. A;1;12;13;16;13;51;49;54;51;36;39;39;36;12;15;10;12
asia;2025-07-31T00:00:00+01:00;+;UAE;16;Dubai;22;Suburb;2;Preowend;2;Cat. B;2;36;30;33;34;37;37;40;38;20;25;23;20;40;40;35;39
asia;2025-07-31T00:00:00+01:00;+;UAE;16;Dubai;22;Suburb;2;Preowend;2;Cat. B;2;62;62;68;63;52;57;49;52;30;28;32;28;60;60;66;61
asia;2025-08-31T00:00:00+01:00;+;UAE;16;Dubai;22;City;1;New;1;Cat. A;1;27;30;24;26;36;34;38;36;55;53;50;55;25;26;28;25
asia;2025-08-31T00:00:00+01:00;+;UAE;16;Dubai;22;City;1;Preowend;2;Cat. A;1;10;10;10;10;52;57;54;54;59;61;54;57;11;10;10;10
asia;2025-08-31T00:00:00+01:00;+;UAE;16;Dubai;22;Suburb;2;New;1;Cat. A;1;19;22;20;17;49;54;49;50;30;32;27;29;16;19;19;16
asia;2025-08-31T00:00:00+01:00;+;UAE;16;Dubai;22;Suburb;2;Preowend;2;Cat. B;2;40;41;38;39;38;35;37;40;21;24;25;20;36;39;32;35
asia;2025-08-31T00:00:00+01:00;+;UAE;16;Dubai;22;Suburb;2;Preowend;2;Cat. B;2;57;51;63;56;54;57;59;55;31;32;32;31;62;58;64;62
asia;2025-09-30T00:00:00+01:00;+;UAE;16;Dubai;22;City;1;New;1;Cat. A;1;29;32;30;29;38;34;41;37;54;58;57;56;28;25;25;30
asia;2025-09-30T00:00:00+01:00;+;UAE;16;Dubai;22;City;1;Preowend;2;Cat. A;1;10;10;10;10;53;56;53;53;53;50;49;53;12;10;14;11
asia;2025-09-30T00:00:00+01:00;+;UAE;16;Dubai;22;Suburb;2;New;1;Cat. A;1;15;14;15;15;54;51;56;53;36;35;34;35;15;18;13;15
asia;2025-09-30T00:00:00+01:00;+;UAE;16;Dubai;22;Suburb;2;Preowend;2;Cat. B;2;40;43;34;39;37;40;37;36;25;24;26;25;39;45;42;40
asia;2025-09-30T00:00:00+01:00;+;UAE;16;Dubai;22;Suburb;2;Preowend;2;Cat. B;2;59;60;61;61;55;52;53;56;33;35;39;33;60;62;65;62
asia;2025-10-31T00:00:00+01:00;+;UAE;16;Dubai;22;City;1;New;1;Cat. A;1;23;26;25;22;39;37;39;39;55;52;59;57;30;28;31;30
asia;2025-10-31T00:00:00+01:00;+;UAE;16;Dubai;22;City;1;Preowend;2;Cat. A;1;11;14;11;10;50;50;50;51;54;54;51;54;10;10;10;10
asia;2025-10-31T00:00:00+01:00;+;UAE;16;Dubai;22;Suburb;2;New;1;Cat. A;1;13;14;13;11;54;58;54;55;31;31;27;30;19;21;16;18
asia;2025-10-31T00:00:00+01:00;+;UAE;16;Dubai;22;Suburb;2;Preowend;2;Cat. B;2;38;36;37;39;39;41;35;39;19;23;19;18;37;34;36;36
asia;2025-10-31T00:00:00+01:00;+;UAE;16;Dubai;22;Suburb;2;Preowend;2;Cat. B;2;58;55;53;58;52;47;53;52;32;30;33;33;60;66;59;61
asia;2025-11-30T00:00:00+01:00;+;UAE;16;Dubai;22;City;1;New;1;Cat. A;1;25;22;23;24;39;37;35;39;53;57;50;54;29;25;32;30
asia;2025-11-30T00:00:00+01:00;+;UAE;16;Dubai;22;City;1;Preowend;2;Cat. A;1;11;16;11;13;51;46;51;50;53;53;55;54;11;11;10;11
asia;2025-11-30T00:00:00+01:00;+;UAE;16;Dubai;22;Suburb;2;New;1;Cat. A;1;12;13;13;11;50;53;50;52;31;33;27;31;14;17;18;15
asia;2025-11-30T00:00:00+01:00;+;UAE;16;Dubai;22;Suburb;2;Preowend;2;Cat. B;2;40;39;46;40;39;40;37;40;22;25;16;21;42;42;36;40
asia;2025-11-30T00:00:00+01:00;+;UAE;16;Dubai;22;Suburb;2;Preowend;2;Cat. B;2;60;61;64;61;52;55;47;51;34;27;29;34;61;58;56;63
asia;2025-12-31T00:00:00+01:00;+;UAE;16;Dubai;22;City;1;New;1;Cat. A;1;25;28;23;26;35;30;36;35;53;49;50;53;29;25;26;27
asia;2025-12-31T00:00:00+01:00;+;UAE;16;Dubai;22;City;1;Preowend;2;Cat. A;1;10;10;10;10;50;54;53;52;56;54;53;56;14;12;19;16
asia;2025-12-31T00:00:00+01:00;+;UAE;16;Dubai;22;Suburb;2;New;1;Cat. A;1;14;12;10;14;55;52;56;55;31;28;27;29;18;17;14;18
asia;2025-12-31T00:00:00+01:00;+;UAE;16;Dubai;22;Suburb;2;Preowend;2;Cat. B;2;34;30;38;34;34;38;33;36;20;22;19;19;38;33;38;38
asia;2025-12-31T00:00:00+01:00;+;UAE;16;Dubai;22;Suburb;2;Preowend;2;Cat. B;2;62;63;63;61;53;56;50;53;30;27;26;29;61;64;62;61
asia;2026-01-31T00:00:00+01:00;+;UAE;16;Dubai;22;City;1;New;1;Cat. A;1;27;30;32;27;37;37;39;38;51;52;55;52;23;21;23;23
asia;2026-01-31T00:00:00+01:00;+;UAE;16;Dubai;22;City;1;Preowend;2;Cat. A;1;12;10;14;12;50;48;50;50;57;59;61;57;13;17;16;14
asia;2026-01-31T00:00:00+01:00;+;UAE;16;Dubai;22;Suburb;2;New;1;Cat. A;1;15;14;10;14;51;52;54;52;32;35;35;31;16;13;14;17
asia;2026-01-31T00:00:00+01:00;+;UAE;16;Dubai;22;Suburb;2;Preowend;2;Cat. B;2;38;42;38;38;38;41;33;39;22;26;20;23;39;34;43;38
asia;2026-01-31T00:00:00+01:00;+;UAE;16;Dubai;22;Suburb;2;Preowend;2;Cat. B;2;58;58;56;59;49;54;52;50;30;30;31;32;58;57;59;58
asia;2026-02-28T00:00:00+01:00;+;UAE;16;Dubai;22;City;1;New;1;Cat. A;1;24;25;25;23;38;39;35;37;52;56;51;51;22;23;21;24
asia;2026-02-28T00:00:00+01:00;+;UAE;16;Dubai;22;City;1;Preowend;2;Cat. A;1;15;14;11;14;51;49;49;53;54;53;57;52;12;14;10;12
asia;2026-02-28T00:00:00+01:00;+;UAE;16;Dubai;22;Suburb;2;New;1;Cat. A;1;13;14;15;11;52;50;48;52;29;26;25;29;17;13;17;16
asia;2026-02-28T00:00:00+01:00;+;UAE;16;Dubai;22;Suburb;2;Preowend;2;Cat. B;2;36;38;40;36;37;34;42;37;23;19;28;22;39;35;35;38
asia;2026-02-28T00:00:00+01:00;+;UAE;16;Dubai;22;Suburb;2;Preowend;2;Cat. B;2;64;64;57;62;54;56;59;54;27;33;24;27;57;51;53;57
asia;2026-03-31T00:00:00+01:00;+;UAE;16;Dubai;22;City;1;New;1;Cat. A;1;27;27;26;27;33;30;32;35;55;56;58;55;27;29;27;27
asia;2026-03-31T00:00:00+01:00;+;UAE;16;Dubai;22;City;1;Preowend;2;Cat. A;1;10;13;10;10;55;57;54;56;57;56;54;55;12;10;14;12
asia;2026-03-31T00:00:00+01:00;+;UAE;16;Dubai;22;Suburb;2;New;1;Cat. A;1;11;15;12;11;52;52;48;50;34;38;34;35;17;19;20;17
asia;2026-03-31T00:00:00+01:00;+;UAE;16;Dubai;22;Suburb;2;Preowend;2;Cat. B;2;39;34;42;39;34;36;30;34;24;28;29;23;40;43;39;41
asia;2026-03-31T00:00:00+01:00;+;UAE;16;Dubai;22;Suburb;2;Preowend;2;Cat. B;2;61;60;60;63;54;47;55;52;31;38;31;33;61;57;59;62
asia;2026-04-30T00:00:00+01:00;+;UAE;16;Dubai;22;City;1;New;1;Cat. A;1;23;23;24;22;38;41;39;36;52;53;54;52;26;24;29;27
asia;2026-04-30T00:00:00+01:00;+;UAE;16;Dubai;22;City;1;Preowend;2;Cat. A;1;12;10;17;13;51;47;54;50;52;54;56;53;10;10;10;10
asia;2026-04-30T00:00:00+01:00;+;UAE;16;Dubai;22;Suburb;2;New;1;Cat. A;1;13;14;10;13;51;49;46;51;31;30;31;32;19;14;14;17
asia;2026-04-30T00:00:00+01:00;+;UAE;16;Dubai;22;Suburb;2;Preowend;2;Cat. B;2;36;33;36;37;39;44;36;38;25;25;24;26;37;42;41;38
asia;2026-04-30T00:00:00+01:00;+;UAE;16;Dubai;22;Suburb;2;Preowend;2;Cat. B;2;64;66;59;62;54;55;58;54;35;39;36;34;57;55;57;56
asia;2026-05-31T00:00:00+01:00;+;UAE;16;Dubai;22;City;1;New;1;Cat. A;1;25;22;28;26;34;33;36;32;54;55;57;54;24;22;27;24
asia;2026-05-31T00:00:00+01:00;+;UAE;16;Dubai;22;City;1;Preowend;2;Cat. A;1;13;11;11;13;50;52;54;51;59;61;62;59;11;14;12;11
asia;2026-05-31T00:00:00+01:00;+;UAE;16;Dubai;22;Suburb;2;New;1;Cat. A;1;14;14;11;13;51;47;48;52;32;32;35;32;15;15;16;13
asia;2026-05-31T00:00:00+01:00;+;UAE;16;Dubai;22;Suburb;2;Preowend;2;Cat. B;2;39;44;38;40;37;35;40;38;20;17;18;21;41;39;39;40
asia;2026-05-31T00:00:00+01:00;+;UAE;16;Dubai;22;Suburb;2;Preowend;2;Cat. B;2;62;60;61;60;50;50;51;52;31;27;36;30;63;59;56;62
asia;2026-06-30T00:00:00+01:00;+;UAE;16;Dubai;22;City;1;New;1;Cat. A;1;24;23;27;22;37;36;34;37;53;52;52;54;26;25;24;24
asia;2026-06-30T00:00:00+01:00;+;UAE;16;Dubai;22;City;1;Preowend;2;Cat. A;1;10;10;12;10;52;53;49;51;58;61;59;58;11;10;10;11
asia;2026-06-30T00:00:00+01:00;+;UAE;16;Dubai;22;Suburb;2;New;1;Cat. A;1;18;13;20;18;48;53;52;50;29;32;32;29;16;16;17;17
asia;2026-06-30T00:00:00+01:00;+;UAE;16;Dubai;22;Suburb;2;Preowend;2;Cat. B;2;41;42;39;41;38;38;37;37;22;16;18;22;40;44;42;38
asia;2026-06-30T00:00:00+01:00;+;UAE;16;Dubai;22;Suburb;2;Preowend;2;Cat. B;2;60;61;64;60;51;51;54;50;28;31;26;28;59;63;61;59
asia;2026-07-31T00:00:00+01:00;+;UAE;16;Dubai;22;City;1;New;1;Cat. A;1;30;27;33;29;34;30;35;33;51;51;49;53;26;25;31;28
asia;2026-07-31T00:00:00+01:00;+;UAE;16;Dubai;22;City;1;Preowend;2;Cat. A;1;16;13;14;16;52;49;52;53;52;56;54;52;14;18;18;16
asia;2026-07-31T00:00:00+01:00;+;UAE;16;Dubai;22;Suburb;2;New;1;Cat. A;1;16;16;13;15;49;54;53;51;32;28;31;31;15;20;19;16
asia;2026-07-31T00:00:00+01:00;+;UAE;16;Dubai;22;Suburb;2;Preowend;2;Cat. B;2;39;35;34;39;34;40;38;34;24;24;30;26;37;42;37;37
asia;2026-07-31T00:00:00+01:00;+;UAE;16;Dubai;22;Suburb;2;Preowend;2;Cat. B;2;57;62;54;58;52;56;57;51;30;29;30;30;58;60;57;59
asia;2026-08-31T00:00:00+01:00;+;UAE;16;Dubai;22;City;1;New;1;Cat. A;1;26;30;26;28;36;33;33;36;52;55;48;52;24;21;23;22
asia;2026-08-31T00:00:00+01:00;+;UAE;16;Dubai;22;City;1;Preowend;2;Cat. A;1;15;16;15;15;56;54;58;55;54;49;53;52;10;13;14;12
asia;2026-08-31T00:00:00+01:00;+;UAE;16;Dubai;22;Suburb;2;New;1;Cat. A;1;17;18;16;16;56;58;54;56;29;30;31;30;13;14;14;15
asia;2026-08-31T00:00:00+01:00;+;UAE;16;Dubai;22;Suburb;2;Preowend;2;Cat. B;2;40;42;38;39;35;33;40;35;25;21;23;25;41;40;40;41
asia;2026-08-31T00:00:00+01:00;+;UAE;16;Dubai;22;Suburb;2;Preowend;2;Cat. B;2;59;64;60;59;54;59;58;55;31;34;34;32;57;53;57;57
asia;2026-09-30T00:00:00+01:00;+;UAE;16;Dubai;22;City;1;New;1;Cat. A;1;24;27;24;22;34;32;33;36;53;53;53;55;24;19;20;22
asia;2026-09-30T00:00:00+01:00;+;UAE;16;Dubai;22;City;1;Preowend;2;Cat. A;1;14;12;18;13;53;55;56;55;56;51;56;56;10;10;13;10
asia;2026-09-30T00:00:00+01:00;+;UAE;16;Dubai;22;Suburb;2;New;1;Cat. A;1;11;11;15;12;48;50;51;49;30;29;34;31;17;22;21;17
asia;2026-09-30T00:00:00+01:00;+;UAE;16;Dubai;22;Suburb;2;Preowend;2;Cat. B;2;37;42;41;37;37;41;42;37;21;23;21;22;39;43;43;39
asia;2026-09-30T00:00:00+01:00;+;UAE;16;Dubai;22;Suburb;2;Preowend;2;Cat. B;2;60;56;64;60;50;46;53;51;31;25;31;29;59;61;58;59
asia;2026-10-31T00:00:00+01:00;+;UAE;16;Dubai;22;City;1;New;1;Cat. A;1;23;21;24;22;37;37;34;35;52;56;56;51;26;29;28;26
asia;2026-10-31T00:00:00+01:00;+;UAE;16;Dubai;22;City;1;Preowend;2;Cat. A;1;16;13;12;15;50;53;50;51;56;57;54;55;13;10;12;14
asia;2026-10-31T00:00:00+01:00;+;UAE;16;Dubai;22;Suburb;2;New;1;Cat. A;1;17;20;16;16;53;56;50;52;34;34;36;36;15;14;13;15
asia;2026-10-31T00:00:00+01:00;+;UAE;16;Dubai;22;Suburb;2;Preowend;2;Cat. B;2;41;37;44;39;36;34;35;37;20;25;20;20;34;31;38;34
asia;2026-10-31T00:00:00+01:00;+;UAE;16;Dubai;22;Suburb;2;Preowend;2;Cat. B;2;58;58;60;60;55;58;58;54;35;28;32;34;63;60;57;61
europe;2020-01-31T00:00:00+01:00;+;Netherlands;17;Amsterdam;23;City;1;New;1;Cat. A;1;29;29;31;28;36;41;34;36;51;52;51;52;25;25;27;23
europe;2020-01-31T00:00:00+01:00;+;Netherlands;17;Amsterdam;23;City;1;Preowend;2;Cat. A;1;11;12;10;10;51;55;53;50;55;59;55;56;14;12;12;14
europe;2020-01-31T00:00:00+01:00;+;Netherlands;17;Amsterdam;23;Suburb;2;New;1;Cat. A;1;11;11;16;11;54;51;52;55;31;30;34;29;15;20;12;17
europe;2020-01-31T00:00:00+01:00;+;Netherlands;17;Amsterdam;23;Suburb;2;Preowend;2;Cat. B;2;38;43;40;40;39;38;39;38;22;19;27;22;41;44;44;39
europe;2020-01-31T00:00:00+01:00;+;Netherlands;17;Amsterdam;23;Suburb;2;Preowend;2;Cat. B;2;60;58;60;61;52;56;56;50;27;29;24;27;62;66;62;62
europe;2020-02-29T00:00:00+01:00;+;Netherlands;17;Amsterdam;23;City;1;New;1;Cat. A;1;22;26;20;22;35;33;38;35;55;53;60;56;28;24;29;27
europe;2020-02-29T00:00:00+01:00;+;Netherlands;17;Amsterdam;23;City;1;Preowend;2;Cat. A;1;10;10;10;10;51;52;53;50;57;54;57;58;10;12;11;10
europe;2020-02-29T00:00:00+01:00;+;Netherlands;17;Amsterdam;23;Suburb;2;New;1;Cat. A;1;18;16;19;19;55;57;52;53;31;34;31;31;15;11;14;16
europe;2020-02-29T00:00:00+01:00;+;Netherlands;17;Amsterdam;23;Suburb;2;Preowend;2;Cat. B;2;37;34;43;39;40;34;39;40;23;18;21;24;41;41;38;39
europe;2020-02-29T00:00:00+01:00;+;Netherlands;17;Amsterdam;23;Suburb;2;Preowend;2;Cat. B;2;59;54;59;61;54;51;53;54;34;34;38;35;59;65;56;59
europe;2020-03-31T00:00:00+01:00;+;Netherlands;17;Amsterdam;23;City;1;New;1;Cat. A;1;23;27;21;25;38;38;41;36;53;57;51;54;24;19;27;23
europe;2020-03-31T00:00:00+01:00;+;Netherlands;17;Amsterdam;23;City;1;Preowend;2;Cat. A;1;10;10;10;10;51;55;54;51;53;57;57;54;10;10;10;10
europe;2020-03-31T00:00:00+01:00;+;Netherlands;17;Amsterdam;23;Suburb;2;New;1;Cat. A;1;15;17;12;13;54;54;57;54;33;35;38;34;13;12;13;12
europe;2020-03-31T00:00:00+01:00;+;Netherlands;17;Amsterdam;23;Suburb;2;Preowend;2;Cat. B;2;40;45;42;40;33;33;37;33;19;21;22;21;40;37;42;40
europe;2020-03-31T00:00:00+01:00;+;Netherlands;17;Amsterdam;23;Suburb;2;Preowend;2;Cat. B;2;61;57;56;59;52;45;45;51;32;28;31;31;61;60;63;61
europe;2020-04-30T00:00:00+01:00;+;Netherlands;17;Amsterdam;23;City;1;New;1;Cat. A;1;27;28;29;27;35;32;37;34;57;54;55;56;25;24;22;25
europe;2020-04-30T00:00:00+01:00;+;Netherlands;17;Amsterdam;23;City;1;Preowend;2;Cat. A;1;11;14;13;10;51;52;53;53;53;49;57;52;12;13;13;12
europe;2020-04-30T00:00:00+01:00;+;Netherlands;17;Amsterdam;23;Suburb;2;New;1;Cat. A;1;13;14;13;15;52;49;49;52;31;32;27;29;16;18;12;15
europe;2020-04-30T00:00:00+01:00;+;Netherlands;17;Amsterdam;23;Suburb;2;Preowend;2;Cat. B;2;39;35;39;39;35;29;34;34;19;24;18;19;39;38;36;40
europe;2020-04-30T00:00:00+01:00;+;Netherlands;17;Amsterdam;23;Suburb;2;Preowend;2;Cat. B;2;61;66;58;59;54;55;49;54;28;26;27;30;60;64;64;60
europe;2020-05-31T00:00:00+01:00;+;Netherlands;17;Amsterdam;23;City;1;New;1;Cat. A;1;25;27;27;24;33;33;30;33;56;59;55;56;27;25;26;28
europe;2020-05-31T00:00:00+01:00;+;Netherlands;17;Amsterdam;23;City;1;Preowend;2;Cat. A;1;12;10;10;13;57;59;55;56;57;55;60;56;13;10;13;13
europe;2020-05-31T00:00:00+01:00;+;Netherlands;17;Amsterdam;23;Suburb;2;New;1;Cat. A;1;18;16;17;16;53;49;54;53;29;25;33;28;17;17;20;19
europe;2020-05-31T00:00:00+01:00;+;Netherlands;17;Amsterdam;23;Suburb;2;Preowend;2;Cat. B;2;40;39;40;42;37;35;39;36;24;27;27;24;40;42;38;41
europe;2020-05-31T00:00:00+01:00;+;Netherlands;17;Amsterdam;23;Suburb;2;Preowend;2;Cat. B;2;62;60;66;60;52;58;48;53;33;31;31;34;63;62;62;63
europe;2020-06-30T00:00:00+01:00;+;Netherlands;17;Amsterdam;23;City;1;New;1;Cat. A;1;24;28;26;25;33;37;35;33;53;48;48;51;29;26;32;28
europe;2020-06-30T00:00:00+01:00;+;Netherlands;17;Amsterdam;23;City;1;Preowend;2;Cat. A;1;12;11;12;12;51;51;53;53;54;57;54;56;12;11;15;13
europe;2020-06-30T00:00:00+01:00;+;Netherlands;17;Amsterdam;23;Suburb;2;New;1;Cat. A;1;18;14;13;16;52;56;49;53;34;30;31;34;16;15;16;15
europe;2020-06-30T00:00:00+01:00;+;Netherlands;17;Amsterdam;23;Suburb;2;Preowend;2;Cat. B;2;37;33;37;39;34;37;33;33;25;23;21;25;41;45;38;40
europe;2020-06-30T00:00:00+01:00;+;Netherlands;17;Amsterdam;23;Suburb;2;Preowend;2;Cat. B;2;63;59;66;61;52;48;56;53;34;39;33;34;59;59;61;59
europe;2020-07-31T00:00:00+01:00;+;Netherlands;17;Amsterdam;23;City;1;New;1;Cat. A;1;22;25;24;23;37;40;40;36;51;53;56;53;22;20;27;23
europe;2020-07-31T00:00:00+01:00;+;Netherlands;17;Amsterdam;23;City;1;Preowend;2;Cat. A;1;10;10;10;10;54;58;52;54;56;53;53;56;15;15;15;15
europe;2020-07-31T00:00:00+01:00;+;Netherlands;17;Amsterdam;23;Suburb;2;New;1;Cat. A;1;18;21;16;16;55;57;55;54;28;29;32;28;13;16;16;13
europe;2020-07-31T00:00:00+01:00;+;Netherlands;17;Amsterdam;23;Suburb;2;Preowend;2;Cat. B;2;40;43;46;41;36;39;41;37;24;26;19;23;36;39;39;35
europe;2020-07-31T00:00:00+01:00;+;Netherlands;17;Amsterdam;23;Suburb;2;Preowend;2;Cat. B;2;61;61;57;61;50;57;55;52;31;24;32;29;57;58;59;59
europe;2020-08-31T00:00:00+01:00;+;Netherlands;17;Amsterdam;23;City;1;New;1;Cat. A;1;28;29;29;28;31;30;36;32;55;54;59;54;27;27;29;25
europe;2020-08-31T00:00:00+01:00;+;Netherlands;17;Amsterdam;23;City;1;Preowend;2;Cat. A;1;13;16;10;11;53;48;48;51;56;58;51;56;16;11;18;14
europe;2020-08-31T00:00:00+01:00;+;Netherlands;17;Amsterdam;23;Suburb;2;New;1;Cat. A;1;17;22;22;19;50;52;49;49;31;35;28;33;17;15;16;17
europe;2020-08-31T00:00:00+01:00;+;Netherlands;17;Amsterdam;23;Suburb;2;Preowend;2;Cat. B;2;38;38;39;38;38;41;40;38;21;17;24;20;40;35;42;40
europe;2020-08-31T00:00:00+01:00;+;Netherlands;17;Amsterdam;23;Suburb;2;Preowend;2;Cat. B;2;62;62;61;62;55;56;57;56;30;34;28;29;64;65;59;64
europe;2020-09-30T00:00:00+01:00;+;Netherlands;17;Amsterdam;23;City;1;New;1;Cat. A;1;23;26;24;22;34;34;35;35;54;53;51;54;25;23;27;26
europe;2020-09-30T00:00:00+01:00;+;Netherlands;17;Amsterdam;23;City;1;Preowend;2;Cat. A;1;11;12;10;10;49;51;53;49;52;49;49;53;10;10;12;10
europe;2020-09-30T00:00:00+01:00;+;Netherlands;17;Amsterdam;23;Suburb;2;New;1;Cat. A;1;14;12;12;14;49;51;52;49;31;30;33;33;17;15;19;17
europe;2020-09-30T00:00:00+01:00;+;Netherlands;17;Amsterdam;23;Suburb;2;Preowend;2;Cat. B;2;40;39;37;39;39;39;42;37;18;16;21;19;34;33;34;34
europe;2020-09-30T00:00:00+01:00;+;Netherlands;17;Amsterdam;23;Suburb;2;Preowend;2;Cat. B;2;58;54;64;59;53;55;50;53;30;34;26;29;62;68;65;61
europe;2020-10-31T00:00:00+01:00;+;Netherlands;17;Amsterdam;23;City;1;New;1;Cat. A;1;22;26;19;22;33;32;30;33;51;52;48;51;30;32;25;29
europe;2020-10-31T00:00:00+01:00;+;Netherlands;17;Amsterdam;23;City;1;Preowend;2;Cat. A;1;10;10;14;11;50;55;51;51;53;50;51;53;16;18;19;16
europe;2020-10-31T00:00:00+01:00;+;Netherlands;17;Amsterdam;23;Suburb;2;New;1;Cat. A;1;12;10;16;13;52;52;48;51;32;34;36;31;14;15;13;13
europe;2020-10-31T00:00:00+01:00;+;Netherlands;17;Amsterdam;23;Suburb;2;Preowend;2;Cat. B;2;41;38;37;41;39;44;42;38;21;25;26;20;37;36;32;37
europe;2020-10-31T00:00:00+01:00;+;Netherlands;17;Amsterdam;23;Suburb;2;Preowend;2;Cat. B;2;58;55;62;59;55;57;57;55;30;26;27;30;61;64;64;61
europe;2020-11-30T00:00:00+01:00;+;Netherlands;17;Amsterdam;23;City;1;New;1;Cat. A;1;27;31;31;29;39;42;37;39;54;52;56;54;22;21;20;24
europe;2020-11-30T00:00:00+01:00;+;Netherlands;17;Amsterdam;23;City;1;Preowend;2;Cat. A;1;14;15;14;13;51;48;50;52;57;60;60;58;14;17;15;14
europe;2020-11-30T00:00:00+01:00;+;Netherlands;17;Amsterdam;23;Suburb;2;New;1;Cat. A;1;18;20;16;17;55;57;58;54;29;33;31;28;14;19;16;16
europe;2020-11-30T00:00:00+01:00;+;Netherlands;17;Amsterdam;23;Suburb;2;Preowend;2;Cat. B;2;38;42;39;38;34;31;36;34;23;21;20;24;35;39;36;34
europe;2020-11-30T00:00:00+01:00;+;Netherlands;17;Amsterdam;23;Suburb;2;Preowend;2;Cat. B;2;63;66;62;61;54;56;51;54;30;33;28;29;57;60;61;58
europe;2020-12-31T00:00:00+01:00;+;Netherlands;17;Amsterdam;23;City;1;New;1;Cat. A;1;25;26;27;26;39;39;37;37;56;52;60;56;24;21;21;24
europe;2020-12-31T00:00:00+01:00;+;Netherlands;17;Amsterdam;23;City;1;Preowend;2;Cat. A;1;15;12;17;13;56;58;55;57;53;50;53;53;10;12;10;10
europe;2020-12-31T00:00:00+01:00;+;Netherlands;17;Amsterdam;23;Suburb;2;New;1;Cat. A;1;18;16;17;18;55;55;54;56;29;32;32;29;12;10;10;14
europe;2020-12-31T00:00:00+01:00;+;Netherlands;17;Amsterdam;23;Suburb;2;Preowend;2;Cat. B;2;35;36;30;36;36;34;33;36;23;22;25;24;40;44;37;40
europe;2020-12-31T00:00:00+01:00;+;Netherlands;17;Amsterdam;23;Suburb;2;Preowend;2;Cat. B;2;60;64;58;59;54;54;60;53;31;34;24;31;60;62;56;61
europe;2021-01-31T00:00:00+01:00;+;Netherlands;17;Amsterdam;23;City;1;New;1;Cat. A;1;26;26;29;24;37;38;39;38;55;56;58;56;29;28;28;28
europe;2021-01-31T00:00:00+01:00;+;Netherlands;17;Amsterdam;23;City;1;Preowend;2;Cat. A;1;16;18;19;14;52;52;49;52;58;53;58;57;10;11;10;11
europe;2021-01-31T00:00:00+01:00;+;Netherlands;17;Amsterdam;23;Suburb;2;New;1;Cat. A;1;13;16;16;12;53;56;56;53;32;36;33;32;18;19;14;19
europe;2021-01-31T00:00:00+01:00;+;Netherlands;17;Amsterdam;23;Suburb;2;Preowend;2;Cat. B;2;42;39;44;40;37;34;37;36;22;21;18;24;38;42;41;38
europe;2021-01-31T00:00:00+01:00;+;Netherlands;17;Amsterdam;23;Suburb;2;Preowend;2;Cat. B;2;61;64;56;60;51;50;58;51;31;29;33;31;64;62;59;62
europe;2021-02-28T00:00:00+01:00;+;Netherlands;17;Amsterdam;23;City;1;New;1;Cat. A;1;24;26;20;23;39;41;35;37;52;55;47;50;28;28;30;29
europe;2021-02-28T00:00:00+01:00;+;Netherlands;17;Amsterdam;23;City;1;Preowend;2;Cat. A;1;11;10;10;11;53;53;56;53;55;57;52;56;10;10;11;10
europe;2021-02-28T00:00:00+01:00;+;Netherlands;17;Amsterdam;23;Suburb;2;New;1;Cat. A;1;13;10;12;14;51;52;51;50;30;31;33;30;19;15;14;17
europe;2021-02-28T00:00:00+01:00;+;Netherlands;17;Amsterdam;23;Suburb;2;Preowend;2;Cat. B;2;41;44;45;40;39;38;40;39;22;22;26;21;34;31;33;36
europe;2021-02-28T00:00:00+01:00;+;Netherlands;17;Amsterdam;23;Suburb;2;Preowend;2;Cat. B;2;58;55;62;59;52;49;58;53;32;28;27;32;56;55;63;57
europe;2021-03-31T00:00:00+01:00;+;Netherlands;17;Amsterdam;23;City;1;New;1;Cat. A;1;28;30;33;28;35;32;35;36;52;48;50;51;28;28;23;27
europe;2021-03-31T00:00:00+01:00;+;Netherlands;17;Amsterdam;23;City;1;Preowend;2;Cat. A;1;12;10;13;12;50;47;54;50;57;59;53;56;10;13;10;10
europe;2021-03-31T00:00:00+01:00;+;Netherlands;17;Amsterdam;23;Suburb;2;New;1;Cat. A;1;13;12;18;15;53;49;56;54;29;32;27;29;17;15;15;15
europe;2021-03-31T00:00:00+01:00;+;Netherlands;17;Amsterdam;23;Suburb;2;Preowend;2;Cat. B;2;36;35;32;34;39;44;39;39;21;15;18;20;38;33;39;37
europe;2021-03-31T00:00:00+01:00;+;Netherlands;17;Amsterdam;23;Suburb;2;Preowend;2;Cat. B;2;59;55;64;59;54;56;48;54;32;27;27;33;58;59;65;60
europe;2021-04-30T00:00:00+01:00;+;Netherlands;17;Amsterdam;23;City;1;New;1;Cat. A;1;23;20;26;25;37;34;39;37;51;48;49;50;27;32;30;27
europe;2021-04-30T00:00:00+01:00;+;Netherlands;17;Amsterdam;23;City;1;Preowend;2;Cat. A;1;14;12;13;16;56;54;54;54;51;50;53;52;14;17;16;14
europe;2021-04-30T00:00:00+01:00;+;Netherlands;17;Amsterdam;23;Suburb;2;New;1;Cat. A;1;16;16;14;17;51;51;52;51;30;33;26;28;16;17;12;16
europe;2021-04-30T00:00:00+01:00;+;Netherlands;17;Amsterdam;23;Suburb;2;Preowend;2;Cat. B;2;40;40;41;40;37;34;33;36;24;20;23;25;38;42;35;39
europe;2021-04-30T00:00:00+01:00;+;Netherlands;17;Amsterdam;23;Suburb;2;Preowend;2;Cat. B;2;64;65;69;62;52;50;57;52;33;36;39;33;58;60;58;56
europe;2021-05-31T00:00:00+01:00;+;Netherlands;17;Amsterdam;23;City;1;New;1;Cat. A;1;26;24;25;25;33;33;32;32;58;58;53;57;28;30;33;28
europe;2021-05-31T00:00:00+01:00;+;Netherlands;17;Amsterdam;23;City;1;Preowend;2;Cat. A;1;12;12;13;12;56;60;55;57;54;57;54;54;15;10;17;14
europe;2021-05-31T00:00:00+01:00;+;Netherlands;17;Amsterdam;23;Suburb;2;New;1;Cat. A;1;13;11;10;13;54;54;56;54;31;33;29;31;11;16;12;12
europe;2021-05-31T00:00:00+01:00;+;Netherlands;17;Amsterdam;23;Suburb;2;Preowend;2;Cat. B;2;37;42;38;37;39;36;41;40;22;19;25;23;39;35;41;39
europe;2021-05-31T00:00:00+01:00;+;Netherlands;17;Amsterdam;23;Suburb;2;Preowend;2;Cat. B;2;62;65;56;61;56;55;51;56;31;31;26;30;61;61;57;62
europe;2021-06-30T00:00:00+01:00;+;Netherlands;17;Amsterdam;23;City;1;New;1;Cat. A;1;26;27;31;26;35;37;39;36;55;56;57;55;22;20;25;23
europe;2021-06-30T00:00:00+01:00;+;Netherlands;17;Amsterdam;23;City;1;Preowend;2;Cat. A;1;13;15;12;11;50;48;52;51;57;57;55;59;11;13;10;12
europe;2021-06-30T00:00:00+01:00;+;Netherlands;17;Amsterdam;23;Suburb;2;New;1;Cat. A;1;13;15;10;12;51;51;54;51;31;33;28;31;12;10;14;12
europe;2021-06-30T00:00:00+01:00;+;Netherlands;17;Amsterdam;23;Suburb;2;Preowend;2;Cat. B;2;38;37;35;37;39;36;38;41;19;23;19;20;35;30;35;36
europe;2021-06-30T00:00:00+01:00;+;Netherlands;17;Amsterdam;23;Suburb;2;Preowend;2;Cat. B;2;64;59;60;62;53;59;59;55;28;23;32;28;58;62;57;59
europe;2021-07-31T00:00:00+01:00;+;Netherlands;17;Amsterdam;23;City;1;New;1;Cat. A;1;28;25;28;27;34;36;37;32;56;55;59;56;24;27;21;24
europe;2021-07-31T00:00:00+01:00;+;Netherlands;17;Amsterdam;23;City;1;Preowend;2;Cat. A;1;14;12;12;15;53;50;51;51;51;55;56;51;16;12;11;14
europe;2021-07-31T00:00:00+01:00;+;Netherlands;17;Amsterdam;23;Suburb;2;New;1;Cat. A;1;17;18;16;18;54;57;58;55;33;32;34;33;16;18;18;15
europe;2021-07-31T00:00:00+01:00;+;Netherlands;17;Amsterdam;23;Suburb;2;Preowend;2;Cat. B;2;40;42;39;42;40;43;43;41;20;19;23;22;40;41;40;41
europe;2021-07-31T00:00:00+01:00;+;Netherlands;17;Amsterdam;23;Suburb;2;Preowend;2;Cat. B;2;62;59;61;61;50;52;53;52;30;35;25;30;61;61;56;61
europe;2021-08-31T00:00:00+01:00;+;Netherlands;17;Amsterdam;23;City;1;New;1;Cat. A;1;26;29;23;26;34;32;30;34;53;55;56;53;24;26;20;25
europe;2021-08-31T00:00:00+01:00;+;Netherlands;17;Amsterdam;23;City;1;Preowend;2;Cat. A;1;10;11;14;10;53;52;50;55;56;57;55;55;13;11;14;13
europe;2021-08-31T00:00:00+01:00;+;Netherlands;17;Amsterdam;23;Suburb;2;New;1;Cat. A;1;14;12;16;13;52;49;56;53;31;27;30;30;11;10;10;11
europe;2021-08-31T00:00:00+01:00;+;Netherlands;17;Amsterdam;23;Suburb;2;Preowend;2;Cat. B;2;41;41;38;42;38;38;36;37;20;21;18;19;36;35;33;38
europe;2021-08-31T00:00:00+01:00;+;Netherlands;17;Amsterdam;23;Suburb;2;Preowend;2;Cat. B;2;62;69;58;64;54;51;51;53;34;40;37;34;59;63;60;61
europe;2021-09-30T00:00:00+01:00;+;Netherlands;17;Amsterdam;23;City;1;New;1;Cat. A;1;25;25;26;25;32;32;35;32;52;55;52;52;24;25;20;24
europe;2021-09-30T00:00:00+01:00;+;Netherlands;17;Amsterdam;23;City;1;Preowend;2;Cat. A;1;13;17;15;12;55;52;51;54;57;54;59;57;10;10;12;10
europe;2021-09-30T00:00:00+01:00;+;Netherlands;17;Amsterdam;23;Suburb;2;New;1;Cat. A;1;13;10;12;12;52;51;51;52;29;31;30;31;14;18;11;15
europe;2021-09-30T00:00:00+01:00;+;Netherlands;17;Amsterdam;23;Suburb;2;Preowend;2;Cat. B;2;38;41;36;38;36;37;34;35;24;26;23;23;35;30;33;35
europe;2021-09-30T00:00:00+01:00;+;Netherlands;17;Amsterdam;23;Suburb;2;Preowend;2;Cat. B;2;60;60;54;59;54;54;53;54;33;30;36;33;62;59;69;64
europe;2021-10-31T00:00:00+01:00;+;Netherlands;17;Amsterdam;23;City;1;New;1;Cat. A;1;29;27;32;28;37;34;39;37;52;55;50;52;23;22;22;22
europe;2021-10-31T00:00:00+01:00;+;Netherlands;17;Amsterdam;23;City;1;Preowend;2;Cat. A;1;15;17;13;16;49;52;52;51;54;50;54;55;14;13;11;13
europe;2021-10-31T00:00:00+01:00;+;Netherlands;17;Amsterdam;23;Suburb;2;New;1;Cat. A;1;12;14;17;14;51;55;48;50;35;34;36;34;13;12;14;13
europe;2021-10-31T00:00:00+01:00;+;Netherlands;17;Amsterdam;23;Suburb;2;Preowend;2;Cat. B;2;36;33;37;36;35;30;36;35;24;24;28;26;39;36;39;38
europe;2021-10-31T00:00:00+01:00;+;Netherlands;17;Amsterdam;23;Suburb;2;Preowend;2;Cat. B;2;63;62;67;62;55;53;53;55;29;34;32;29;57;60;55;56
europe;2021-11-30T00:00:00+01:00;+;Netherlands;17;Amsterdam;23;City;1;New;1;Cat. A;1;24;22;20;22;36;35;38;36;53;55;50;52;26;29;28;27
europe;2021-11-30T00:00:00+01:00;+;Netherlands;17;Amsterdam;23;City;1;Preowend;2;Cat. A;1;13;11;13;13;53;50;52;53;54;58;55;56;10;12;10;12
europe;2021-11-30T00:00:00+01:00;+;Netherlands;17;Amsterdam;23;Suburb;2;New;1;Cat. A;1;12;10;14;12;52;52;52;54;35;30;37;34;15;17;12;15
europe;2021-11-30T00:00:00+01:00;+;Netherlands;17;Amsterdam;23;Suburb;2;Preowend;2;Cat. B;2;36;31;35;35;35;29;33;34;18;17;20;19;36;40;33;35
europe;2021-11-30T00:00:00+01:00;+;Netherlands;17;Amsterdam;23;Suburb;2;Preowend;2;Cat. B;2;58;53;64;60;54;49;60;54;32;33;37;33;56;55;61;58
europe;2021-12-31T00:00:00+01:00;+;Netherlands;17;Amsterdam;23;City;1;New;1;Cat. A;1;27;26;31;28;35;38;39;37;52;53;54;52;24;27;28;24
europe;2021-12-31T00:00:00+01:00;+;Netherlands;17;Amsterdam;23;City;1;Preowend;2;Cat. A;1;10;10;10;10;54;52;56;54;56;55;53;57;13;14;15;11
europe;2021-12-31T00:00:00+01:00;+;Netherlands;17;Amsterdam;23;Suburb;2;New;1;Cat. A;1;13;15;15;15;51;50;49;51;33;29;30;32;16;16;15;16
europe;2021-12-31T00:00:00+01:00;+;Netherlands;17;Amsterdam;23;Suburb;2;Preowend;2;Cat. B;2;40;41;37;40;33;35;29;35;25;28;25;25;39;41;41;39
europe;2021-12-31T00:00:00+01:00;+;Netherlands;17;Amsterdam;23;Suburb;2;Preowend;2;Cat. B;2;61;56;68;63;54;58;57;54;30;30;33;31;63;66;61;62
europe;2022-01-31T00:00:00+01:00;+;Netherlands;17;Amsterdam;23;City;1;New;1;Cat. A;1;28;28;31;27;32;35;32;32;57;59;60;58;26;27;28;26
europe;2022-01-31T00:00:00+01:00;+;Netherlands;17;Amsterdam;23;City;1;Preowend;2;Cat. A;1;15;16;16;15;52;52;55;53;55;57;57;57;13;11;12;12
europe;2022-01-31T00:00:00+01:00;+;Netherlands;17;Amsterdam;23;Suburb;2;New;1;Cat. A;1;13;12;14;13;55;54;58;55;30;27;35;32;17;21;19;17
europe;2022-01-31T00:00:00+01:00;+;Netherlands;17;Amsterdam;23;Suburb;2;Preowend;2;Cat. B;2;36;31;34;36;39;38;42;38;23;26;18;23;36;40;35;36
europe;2022-01-31T00:00:00+01:00;+;Netherlands;17;Amsterdam;23;Suburb;2;Preowend;2;Cat. B;2;63;59;58;63;55;49;51;54;31;30;28;31;61;54;65;60
europe;2022-02-28T00:00:00+01:00;+;Netherlands;17;Amsterdam;23;City;1;New;1;Cat. A;1;28;32;28;28;38;35;39;37;52;53;50;50;27;26;22;26
europe;2022-02-28T00:00:00+01:00;+;Netherlands;17;Amsterdam;23;City;1;Preowend;2;Cat. A;1;10;11;10;10;49;54;53;51;59;60;57;57;14;16;17;14
europe;2022-02-28T00:00:00+01:00;+;Netherlands;17;Amsterdam;23;Suburb;2;New;1;Cat. A;1;17;19;13;16;51;50;55;51;32;34;31;30;17;15;13;18
europe;2022-02-28T00:00:00+01:00;+;Netherlands;17;Amsterdam;23;Suburb;2;Preowend;2;Cat. B;2;40;36;37;40;37;43;40;38;20;23;24;20;42;45;41;40
europe;2022-02-28T00:00:00+01:00;+;Netherlands;17;Amsterdam;23;Suburb;2;Preowend;2;Cat. B;2;61;61;61;61;53;53;49;53;31;29;26;32;58;57;57;58
europe;2022-03-31T00:00:00+01:00;+;Netherlands;17;Amsterdam;23;City;1;New;1;Cat. A;1;25;25;28;26;36;34;36;34;57;55;59;56;27;31;24;29
europe;2022-03-31T00:00:00+01:00;+;Netherlands;17;Amsterdam;23;City;1;Preowend;2;Cat. A;1;12;14;15;11;56;53;60;57;55;54;54;55;13;14;10;11
europe;2022-03-31T00:00:00+01:00;+;Netherlands;17;Amsterdam;23;Suburb;2;New;1;Cat. A;1;16;19;16;16;50;53;49;50;29;29;29;30;13;17;16;12
europe;2022-03-31T00:00:00+01:00;+;Netherlands;17;Amsterdam;23;Suburb;2;Preowend;2;Cat. B;2;36;39;41;36;38;44;40;40;23;19;18;23;41;36;43;40
europe;2022-03-31T00:00:00+01:00;+;Netherlands;17;Amsterdam;23;Suburb;2;Preowend;2;Cat. B;2;61;64;64;60;54;56;59;54;30;26;35;28;62;61;65;63
europe;2022-04-30T00:00:00+01:00;+;Netherlands;17;Amsterdam;23;City;1;New;1;Cat. A;1;26;26;22;26;33;31;36;32;55;50;50;53;28;32;33;30
europe;2022-04-30T00:00:00+01:00;+;Netherlands;17;Amsterdam;23;City;1;Preowend;2;Cat. A;1;10;10;10;11;55;58;59;57;58;58;61;57;15;15;11;16
europe;2022-04-30T00:00:00+01:00;+;Netherlands;17;Amsterdam;23;Suburb;2;New;1;Cat. A;1;17;15;12;15;53;50;57;55;33;35;29;34;14;12;16;15
europe;2022-04-30T00:00:00+01:00;+;Netherlands;17;Amsterdam;23;Suburb;2;Preowend;2;Cat. B;2;40;39;36;38;41;35;37;41;20;24;23;19;35;33;33;34
europe;2022-04-30T00:00:00+01:00;+;Netherlands;17;Amsterdam;23;Suburb;2;Preowend;2;Cat. B;2;61;61;60;61;55;53;50;56;30;33;32;28;58;56;64;57
europe;2022-05-31T00:00:00+01:00;+;Netherlands;17;Amsterdam;23;City;1;New;1;Cat. A;1;28;27;25;28;32;34;32;32;57;57;52;55;26;24;25;25
europe;2022-05-31T00:00:00+01:00;+;Netherlands;17;Amsterdam;23;City;1;Preowend;2;Cat. A;1;13;16;18;13;53;54;58;53;54;49;52;52;14;14;18;14
europe;2022-05-31T00:00:00+01:00;+;Netherlands;17;Amsterdam;23;Suburb;2;New;1;Cat. A;1;17;20;20;18;52;51;56;53;29;30;31;31;17;17;15;17
europe;2022-05-31T00:00:00+01:00;+;Netherlands;17;Amsterdam;23;Suburb;2;Preowend;2;Cat. B;2;40;44;38;41;33;39;32;35;20;22;20;20;42;41;37;42
europe;2022-05-31T00:00:00+01:00;+;Netherlands;17;Amsterdam;23;Suburb;2;Preowend;2;Cat. B;2;59;63;60;60;51;57;53;52;35;39;29;34;59;62;53;58
europe;2022-06-30T00:00:00+01:00;+;Netherlands;17;Amsterdam;23;City;1;New;1;Cat. A;1;23;24;23;23;37;40;39;36;50;52;47;52;27;31;31;27
europe;2022-06-30T00:00:00+01:00;+;Netherlands;17;Amsterdam;23;City;1;Preowend;2;Cat. A;1;13;10;17;14;54;55;55;55;53;52;48;51;14;10;17;14
europe;2022-06-30T00:00:00+01:00;+;Netherlands;17;Amsterdam;23;Suburb;2;New;1;Cat. A;1;16;15;17;16;52;55;48;50;32;29;29;31;18;19;18;18
europe;2022-06-30T00:00:00+01:00;+;Netherlands;17;Amsterdam;23;Suburb;2;Preowend;2;Cat. B;2;41;43;40;41;41;37;40;40;23;18;19;21;41;42;37;40
europe;2022-06-30T00:00:00+01:00;+;Netherlands;17;Amsterdam;23;Suburb;2;Preowend;2;Cat. B;2;61;63;65;62;55;48;48;54;33;39;32;34;63;66;61;64
europe;2022-07-31T00:00:00+01:00;+;Netherlands;17;Amsterdam;23;City;1;New;1;Cat. A;1;30;31;32;29;35;31;36;34;54;54;56;55;29;31;25;27
europe;2022-07-31T00:00:00+01:00;+;Netherlands;17;Amsterdam;23;City;1;Preowend;2;Cat. A;1;11;10;10;11;52;55;52;53;57;52;58;56;10;10;10;10
europe;2022-07-31T00:00:00+01:00;+;Netherlands;17;Amsterdam;23;Suburb;2;New;1;Cat. A;1;13;12;10;13;54;51;53;54;31;35;28;31;15;15;16;15
europe;2022-07-31T00:00:00+01:00;+;Netherlands;17;Amsterdam;23;Suburb;2;Preowend;2;Cat. B;2;39;39;43;39;35;36;32;34;25;28;30;24;36;37;42;37
europe;2022-07-31T00:00:00+01:00;+;Netherlands;17;Amsterdam;23;Suburb;2;Preowend;2;Cat. B;2;62;64;56;63;57;55;62;55;34;40;39;35;59;54;62;60
europe;2022-08-31T00:00:00+01:00;+;Netherlands;17;Amsterdam;23;City;1;New;1;Cat. A;1;28;26;32;28;37;38;40;38;51;49;48;52;26;28;24;24
europe;2022-08-31T00:00:00+01:00;+;Netherlands;17;Amsterdam;23;City;1;Preowend;2;Cat. A;1;13;11;10;13;55;56;50;55;56;59;59;56;10;10;10;10
europe;2022-08-31T00:00:00+01:00;+;Netherlands;17;Amsterdam;23;Suburb;2;New;1;Cat. A;1;15;13;11;13;50;52;50;50;34;33;37;35;17;14;17;19
europe;2022-08-31T00:00:00+01:00;+;Netherlands;17;Amsterdam;23;Suburb;2;Preowend;2;Cat. B;2;39;44;41;39;39;43;34;38;19;25;25;19;41;43;45;40
europe;2022-08-31T00:00:00+01:00;+;Netherlands;17;Amsterdam;23;Suburb;2;Preowend;2;Cat. B;2;62;63;64;60;52;49;49;51;34;28;39;33;57;57;57;56
europe;2022-09-30T00:00:00+01:00;+;Netherlands;17;Amsterdam;23;City;1;New;1;Cat. A;1;27;24;32;27;34;38;31;33;57;55;59;57;29;32;29;28
europe;2022-09-30T00:00:00+01:00;+;Netherlands;17;Amsterdam;23;City;1;Preowend;2;Cat. A;1;14;10;14;14;57;60;55;57;54;58;57;55;10;14;12;12
europe;2022-09-30T00:00:00+01:00;+;Netherlands;17;Amsterdam;23;Suburb;2;New;1;Cat. A;1;12;15;12;12;55;52;54;54;35;37;31;34;16;18;15;17
europe;2022-09-30T00:00:00+01:00;+;Netherlands;17;Amsterdam;23;Suburb;2;Preowend;2;Cat. B;2;38;39;39;39;39;38;44;38;20;25;20;20;35;41;37;37
europe;2022-09-30T00:00:00+01:00;+;Netherlands;17;Amsterdam;23;Suburb;2;Preowend;2;Cat. B;2;64;69;63;63;51;50;50;50;35;40;36;33;60;65;63;60
europe;2022-10-31T00:00:00+01:00;+;Netherlands;17;Amsterdam;23;City;1;New;1;Cat. A;1;28;28;27;29;33;37;36;32;54;51;54;55;28;28;32;30
europe;2022-10-31T00:00:00+01:00;+;Netherlands;17;Amsterdam;23;City;1;Preowend;2;Cat. A;1;13;10;12;14;56;59;56;57;55;55;57;55;10;10;10;10
europe;2022-10-31T00:00:00+01:00;+;Netherlands;17;Amsterdam;23;Suburb;2;New;1;Cat. A;1;14;17;16;15;54;54;56;54;32;36;28;31;17;18;14;18
europe;2022-10-31T00:00:00+01:00;+;Netherlands;17;Amsterdam;23;Suburb;2;Preowend;2;Cat. B;2;36;41;37;36;38;36;41;37;23;25;22;23;40;35;40;40
europe;2022-10-31T00:00:00+01:00;+;Netherlands;17;Amsterdam;23;Suburb;2;Preowend;2;Cat. B;2;56;55;63;57;51;46;46;52;30;26;35;32;59;60;57;59
europe;2022-11-30T00:00:00+01:00;+;Netherlands;17;Amsterdam;23;City;1;New;1;Cat. A;1;27;24;27;28;31;29;36;32;58;53;58;57;25;22;24;24
europe;2022-11-30T00:00:00+01:00;+;Netherlands;17;Amsterdam;23;City;1;Preowend;2;Cat. A;1;10;15;10;12;56;55;54;55;57;60;59;56;11;10;10;11
europe;2022-11-30T00:00:00+01:00;+;Netherlands;17;Amsterdam;23;Suburb;2;New;1;Cat. A;1;16;17;15;16;52;57;50;52;34;30;38;35;16;20;13;16
europe;2022-11-30T00:00:00+01:00;+;Netherlands;17;Amsterdam;23;Suburb;2;Preowend;2;Cat. B;2;36;40;36;37;35;40;34;36;20;20;24;21;38;39;36;39
europe;2022-11-30T00:00:00+01:00;+;Netherlands;17;Amsterdam;23;Suburb;2;Preowend;2;Cat. B;2;58;60;57;56;54;61;53;54;29;31;26;28;59;53;63;59
europe;2022-12-31T00:00:00+01:00;+;Netherlands;17;Amsterdam;23;City;1;New;1;Cat. A;1;26;23;25;25;37;34;33;38;55;54;53;56;29;31;28;28
europe;2022-12-31T00:00:00+01:00;+;Netherlands;17;Amsterdam;23;City;1;Preowend;2;Cat. A;1;14;15;18;14;50;47;51;50;57;56;61;58;11;10;10;12
europe;2022-12-31T00:00:00+01:00;+;Netherlands;17;Amsterdam;23;Suburb;2;New;1;Cat. A;1;14;13;14;14;52;49;54;52;31;35;27;31;14;15;18;15
europe;2022-12-31T00:00:00+01:00;+;Netherlands;17;Amsterdam;23;Suburb;2;Preowend;2;Cat. B;2;37;34;32;38;35;37;41;36;21;15;17;20;39;38;34;37
europe;2022-12-31T00:00:00+01:00;+;Netherlands;17;Amsterdam;23;Suburb;2;Preowend;2;Cat. B;2;58;57;59;57;51;52;55;51;33;34;28;32;62;58;68;64
europe;2023-01-31T00:00:00+01:00;+;Netherlands;17;Amsterdam;23;City;1;New;1;Cat. A;1;24;22;21;22;38;37;37;39;53;50;55;54;27;26;27;25
europe;2023-01-31T00:00:00+01:00;+;Netherlands;17;Amsterdam;23;City;1;Preowend;2;Cat. A;1;15;11;18;16;56;55;54;55;56;59;54;54;10;11;10;11
europe;2023-01-31T00:00:00+01:00;+;Netherlands;17;Amsterdam;23;Suburb;2;New;1;Cat. A;1;18;18;18;18;50;47;49;52;31;32;29;33;16;18;17;18
europe;2023-01-31T00:00:00+01:00;+;Netherlands;17;Amsterdam;23;Suburb;2;Preowend;2;Cat. B;2;38;34;43;38;33;33;35;34;26;23;23;25;36;35;32;37
europe;2023-01-31T00:00:00+01:00;+;Netherlands;17;Amsterdam;23;Suburb;2;Preowend;2;Cat. B;2;61;58;57;60;56;49;49;56;35;32;29;34;59;56;60;59
europe;2023-02-28T00:00:00+01:00;+;Netherlands;17;Amsterdam;23;City;1;New;1;Cat. A;1;22;26;19;24;37;40;33;36;55;57;54;57;25;23;23;25
europe;2023-02-28T00:00:00+01:00;+;Netherlands;17;Amsterdam;23;City;1;Preowend;2;Cat. A;1;14;18;19;15;54;58;51;54;57;60;58;56;12;10;15;13
europe;2023-02-28T00:00:00+01:00;+;Netherlands;17;Amsterdam;23;Suburb;2;New;1;Cat. A;1;12;10;10;12;55;55;55;55;34;37;39;34;15;13;19;17
europe;2023-02-28T00:00:00+01:00;+;Netherlands;17;Amsterdam;23;Suburb;2;Preowend;2;Cat. B;2;36;31;39;37;38;36;36;36;21;21;26;21;40;37;40;41
europe;2023-02-28T00:00:00+01:00;+;Netherlands;17;Amsterdam;23;Suburb;2;Preowend;2;Cat. B;2;57;62;59;58;56;50;59;56;30;26;24;30;61;64;59;60
europe;2023-03-31T00:00:00+01:00;+;Netherlands;17;Amsterdam;23;City;1;New;1;Cat. A;1;24;21;22;24;36;35;39;38;55;53;60;56;25;20;21;23
europe;2023-03-31T00:00:00+01:00;+;Netherlands;17;Amsterdam;23;City;1;Preowend;2;Cat. A;1;12;10;13;14;55;60;53;57;53;49;49;52;11;15;14;13
europe;2023-03-31T00:00:00+01:00;+;Netherlands;17;Amsterdam;23;Suburb;2;New;1;Cat. A;1;14;17;16;13;53;56;49;52;29;32;27;30;14;18;12;13
europe;2023-03-31T00:00:00+01:00;+;Netherlands;17;Amsterdam;23;Suburb;2;Preowend;2;Cat. B;2;36;40;39;35;38;39;33;38;21;19;26;21;39;38;39;39
europe;2023-03-31T00:00:00+01:00;+;Netherlands;17;Amsterdam;23;Suburb;2;Preowend;2;Cat. B;2;64;59;59;62;54;49;51;54;33;30;38;34;58;61;58;57
europe;2023-04-30T00:00:00+01:00;+;Netherlands;17;Amsterdam;23;City;1;New;1;Cat. A;1;29;26;29;27;35;39;37;35;57;60;57;58;29;30;31;27
europe;2023-04-30T00:00:00+01:00;+;Netherlands;17;Amsterdam;23;City;1;Preowend;2;Cat. A;1;10;10;14;12;54;54;58;54;52;55;55;53;12;14;14;14
europe;2023-04-30T00:00:00+01:00;+;Netherlands;17;Amsterdam;23;Suburb;2;New;1;Cat. A;1;15;17;18;17;52;54;48;50;30;28;26;29;17;15;12;17
europe;2023-04-30T00:00:00+01:00;+;Netherlands;17;Amsterdam;23;Suburb;2;Preowend;2;Cat. B;2;39;34;35;38;36;32;40;35;23;23;26;23;39;38;40;39
europe;2023-04-30T00:00:00+01:00;+;Netherlands;17;Amsterdam;23;Suburb;2;Preowend;2;Cat. B;2;61;59;68;63;50;52;47;49;29;33;29;30;61;64;68;63
europe;2023-05-31T00:00:00+01:00;+;Netherlands;17;Amsterdam;23;City;1;New;1;Cat. A;1;27;27;29;28;37;40;36;37;53;54;58;54;25;28;29;24
europe;2023-05-31T00:00:00+01:00;+;Netherlands;17;Amsterdam;23;City;1;Preowend;2;Cat. A;1;10;10;10;10;51;48;54;50;57;54;54;55;11;10;10;10
europe;2023-05-31T00:00:00+01:00;+;Netherlands;17;Amsterdam;23;Suburb;2;New;1;Cat. A;1;17;13;16;18;53;52;55;52;34;29;34;33;15;18;18;16
europe;2023-05-31T00:00:00+01:00;+;Netherlands;17;Amsterdam;23;Suburb;2;Preowend;2;Cat. B;2;34;32;40;35;36;36;42;37;20;21;19;22;37;32;32;37
europe;2023-05-31T00:00:00+01:00;+;Netherlands;17;Amsterdam;23;Suburb;2;Preowend;2;Cat. B;2;60;55;60;58;52;56;51;54;29;35;36;29;57;60;62;57
europe;2023-06-30T00:00:00+01:00;+;Netherlands;17;Amsterdam;23;City;1;New;1;Cat. A;1;25;26;25;25;38;34;39;38;53;56;49;54;27;27;27;25
europe;2023-06-30T00:00:00+01:00;+;Netherlands;17;Amsterdam;23;City;1;Preowend;2;Cat. A;1;11;12;12;11;53;51;50;54;57;61;61;58;12;10;12;11
europe;2023-06-30T00:00:00+01:00;+;Netherlands;17;Amsterdam;23;Suburb;2;New;1;Cat. A;1;17;15;22;17;54;57;55;54;31;27;29;29;13;11;13;12
europe;2023-06-30T00:00:00+01:00;+;Netherlands;17;Amsterdam;23;Suburb;2;Preowend;2;Cat. B;2;38;42;33;36;34;35;37;34;22;22;25;23;37;32;42;36
europe;2023-06-30T00:00:00+01:00;+;Netherlands;17;Amsterdam;23;Suburb;2;Preowend;2;Cat. B;2;64;59;63;62;56;55;55;56;31;27;25;30;58;56;58;60
europe;2023-07-31T00:00:00+01:00;+;Netherlands;17;Amsterdam;23;City;1;New;1;Cat. A;1;26;23;23;26;37;38;34;38;53;57;53;55;27;26;27;27
europe;2023-07-31T00:00:00+01:00;+;Netherlands;17;Amsterdam;23;City;1;Preowend;2;Cat. A;1;12;12;15;13;49;46;52;49;57;62;55;57;13;14;10;13
europe;2023-07-31T00:00:00+01:00;+;Netherlands;17;Amsterdam;23;Suburb;2;New;1;Cat. A;1;13;10;11;12;50;49;51;52;29;33;31;30;11;14;16;11
europe;2023-07-31T00:00:00+01:00;+;Netherlands;17;Amsterdam;23;Suburb;2;Preowend;2;Cat. B;2;40;35;42;40;36;35;32;35;21;27;20;22;37;37;32;36
europe;2023-07-31T00:00:00+01:00;+;Netherlands;17;Amsterdam;23;Suburb;2;Preowend;2;Cat. B;2;60;60;61;62;52;54;47;52;33;35;27;33;63;68;64;64
europe;2023-08-31T00:00:00+01:00;+;Netherlands;17;Amsterdam;23;City;1;New;1;Cat. A;1;24;22;24;25;35;34;33;37;50;48;51;50;29;28;32;27
europe;2023-08-31T00:00:00+01:00;+;Netherlands;17;Amsterdam;23;City;1;Preowend;2;Cat. A;1;10;10;15;11;51;52;49;51;53;54;52;54;10;10;10;10
europe;2023-08-31T00:00:00+01:00;+;Netherlands;17;Amsterdam;23;Suburb;2;New;1;Cat. A;1;17;15;21;18;49;48;46;51;36;35;35;35;18;21;21;18
europe;2023-08-31T00:00:00+01:00;+;Netherlands;17;Amsterdam;23;Suburb;2;Preowend;2;Cat. B;2;38;41;34;39;38;34;39;36;22;17;19;22;39;41;44;39
europe;2023-08-31T00:00:00+01:00;+;Netherlands;17;Amsterdam;23;Suburb;2;Preowend;2;Cat. B;2;61;66;65;62;49;49;47;49;32;26;33;32;58;54;54;58
europe;2023-09-30T00:00:00+01:00;+;Netherlands;17;Amsterdam;23;City;1;New;1;Cat. A;1;22;20;24;23;37;34;35;36;52;57;53;54;23;22;22;25
europe;2023-09-30T00:00:00+01:00;+;Netherlands;17;Amsterdam;23;City;1;Preowend;2;Cat. A;1;14;17;11;15;51;50;48;51;55;54;55;54;10;14;12;10
europe;2023-09-30T00:00:00+01:00;+;Netherlands;17;Amsterdam;23;Suburb;2;New;1;Cat. A;1;18;20;14;18;48;48;53;49;36;37;37;35;15;11;19;16
europe;2023-09-30T00:00:00+01:00;+;Netherlands;17;Amsterdam;23;Suburb;2;Preowend;2;Cat. B;2;40;37;36;41;38;37;34;37;23;17;17;21;40;36;41;40
europe;2023-09-30T00:00:00+01:00;+;Netherlands;17;Amsterdam;23;Suburb;2;Preowend;2;Cat. B;2;58;62;58;56;55;61;56;54;33;31;29;33;63;61;58;63
europe;2023-10-31T00:00:00+01:00;+;Netherlands;17;Amsterdam;23;City;1;New;1;Cat. A;1;29;27;26;28;38;37;42;38;57;54;55;57;28;24;31;26
europe;2023-10-31T00:00:00+01:00;+;Netherlands;17;Amsterdam;23;City;1;Preowend;2;Cat. A;1;15;14;13;15;55;56;58;53;56;52;56;55;11;10;11;10
europe;2023-10-31T00:00:00+01:00;+;Netherlands;17;Amsterdam;23;Suburb;2;New;1;Cat. A;1;19;19;17;17;53;56;52;55;29;29;31;29;12;15;10;12
europe;2023-10-31T00:00:00+01:00;+;Netherlands;17;Amsterdam;23;Suburb;2;Preowend;2;Cat. B;2;36;30;37;35;40;35;43;41;22;26;21;23;42;45;45;41
europe;2023-10-31T00:00:00+01:00;+;Netherlands;17;Amsterdam;23;Suburb;2;Preowend;2;Cat. B;2;58;60;58;59;56;52;62;55;29;32;24;30;61;59;55;61
europe;2023-11-30T00:00:00+01:00;+;Netherlands;17;Amsterdam;23;City;1;New;1;Cat. A;1;29;30;29;30;37;36;39;39;53;54;50;52;26;23;28;28
europe;2023-11-30T00:00:00+01:00;+;Netherlands;17;Amsterdam;23;City;1;Preowend;2;Cat. A;1;10;11;10;10;53;53;49;53;55;51;50;55;10;12;10;10
europe;2023-11-30T00:00:00+01:00;+;Netherlands;17;Amsterdam;23;Suburb;2;New;1;Cat. A;1;12;11;14;12;55;50;55;55;29;30;27;30;17;21;16;17
europe;2023-11-30T00:00:00+01:00;+;Netherlands;17;Amsterdam;23;Suburb;2;Preowend;2;Cat. B;2;37;38;39;36;35;34;41;35;19;25;23;19;37;41;34;38
europe;2023-11-30T00:00:00+01:00;+;Netherlands;17;Amsterdam;23;Suburb;2;Preowend;2;Cat. B;2;58;61;62;58;55;55;54;57;34;39;38;35;61;57;56;60
europe;2023-12-31T00:00:00+01:00;+;Netherlands;17;Amsterdam;23;City;1;New;1;Cat. A;1;25;26;23;24;34;32;32;35;57;55;55;55;24;29;29;25
europe;2023-12-31T00:00:00+01:00;+;Netherlands;17;Amsterdam;23;City;1;Preowend;2;Cat. A;1;10;11;10;11;50;47;50;52;51;56;48;51;16;17;15;16
europe;2023-12-31T00:00:00+01:00;+;Netherlands;17;Amsterdam;23;Suburb;2;New;1;Cat. A;1;13;10;12;13;55;52;54;53;30;29;25;30;16;20;13;16
europe;2023-12-31T00:00:00+01:00;+;Netherlands;17;Amsterdam;23;Suburb;2;Preowend;2;Cat. B;2;39;44;42;39;37;38;41;37;21;19;18;22;36;39;39;35
europe;2023-12-31T00:00:00+01:00;+;Netherlands;17;Amsterdam;23;Suburb;2;Preowend;2;Cat. B;2;64;59;57;63;55;60;54;57;28;26;25;29;57;56;56;57
europe;2024-01-31T00:00:00+01:00;+;Netherlands;17;Amsterdam;23;City;1;New;1;Cat. A;1;22;19;19;23;32;28;29;31;55;54;51;53;24;24;26;25
europe;2024-01-31T00:00:00+01:00;+;Netherlands;17;Amsterdam;23;City;1;Preowend;2;Cat. A;1;11;10;10;12;55;53;53;56;54;56;57;56;13;11;10;13
europe;2024-01-31T00:00:00+01:00;+;Netherlands;17;Amsterdam;23;Suburb;2;New;1;Cat. A;1;16;19;19;16;56;58;59;55;35;37;38;36;12;13;10;11
europe;2024-01-31T00:00:00+01:00;+;Netherlands;17;Amsterdam;23;Suburb;2;Preowend;2;Cat. B;2;38;36;37;40;38;33;40;38;21;26;24;23;41;37;35;40
europe;2024-01-31T00:00:00+01:00;+;Netherlands;17;Amsterdam;23;Suburb;2;Preowend;2;Cat. B;2;61;60;56;62;53;52;52;54;30;29;31;28;58;62;63;57
europe;2024-02-29T00:00:00+01:00;+;Netherlands;17;Amsterdam;23;City;1;New;1;Cat. A;1;28;33;33;30;36;40;39;37;53;48;51;53;26;22;26;25
europe;2024-02-29T00:00:00+01:00;+;Netherlands;17;Amsterdam;23;City;1;Preowend;2;Cat. A;1;16;14;12;16;53;53;51;53;56;54;52;56;11;11;10;10
europe;2024-02-29T00:00:00+01:00;+;Netherlands;17;Amsterdam;23;Suburb;2;New;1;Cat. A;1;17;17;16;15;50;49;54;50;32;35;28;31;11;15;10;12
europe;2024-02-29T00:00:00+01:00;+;Netherlands;17;Amsterdam;23;Suburb;2;Preowend;2;Cat. B;2;36;33;31;37;37;37;42;38;23;23;21;24;40;39;39;39
europe;2024-02-29T00:00:00+01:00;+;Netherlands;17;Amsterdam;23;Suburb;2;Preowend;2;Cat. B;2;61;64;60;60;56;61;58;57;33;38;35;31;63;67;67;61
europe;2024-03-31T00:00:00+01:00;+;Netherlands;17;Amsterdam;23;City;1;New;1;Cat. A;1;30;25;32;28;33;28;32;31;58;57;60;56;22;21;23;23
europe;2024-03-31T00:00:00+01:00;+;Netherlands;17;Amsterdam;23;City;1;Preowend;2;Cat. A;1;10;12;13;10;54;55;52;54;56;55;59;55;11;14;10;12
europe;2024-03-31T00:00:00+01:00;+;Netherlands;17;Amsterdam;23;Suburb;2;New;1;Cat. A;1;15;13;15;15;51;47;51;52;32;33;34;30;12;10;10;14
europe;2024-03-31T00:00:00+01:00;+;Netherlands;17;Amsterdam;23;Suburb;2;Preowend;2;Cat. B;2;37;36;35;38;37;32;36;38;25;23;20;25;34;32;34;35
europe;2024-03-31T00:00:00+01:00;+;Netherlands;17;Amsterdam;23;Suburb;2;Preowend;2;Cat. B;2;63;65;63;63;53;56;59;54;33;40;31;35;60;59;67;60
europe;2024-04-30T00:00:00+01:00;+;Netherlands;17;Amsterdam;23;City;1;New;1;Cat. A;1;27;31;25;27;32;30;32;32;56;57;61;56;25;25;22;25
europe;2024-04-30T00:00:00+01:00;+;Netherlands;17;Amsterdam;23;City;1;Preowend;2;Cat. A;1;12;11;12;12;53;54;55;53;57;62;55;57;11;12;10;11
europe;2024-04-30T00:00:00+01:00;+;Netherlands;17;Amsterdam;23;Suburb;2;New;1;Cat. A;1;11;15;12;11;50;47;50;49;31;33;30;29;15;15;13;14
europe;2024-04-30T00:00:00+01:00;+;Netherlands;17;Amsterdam;23;Suburb;2;Preowend;2;Cat. B;2;37;33;34;35;35;36;35;35;20;15;15;20;39;45;37;39
europe;2024-04-30T00:00:00+01:00;+;Netherlands;17;Amsterdam;23;Suburb;2;Preowend;2;Cat. B;2;59;65;60;61;51;47;44;49;31;27;27;30;58;55;55;56
europe;2024-05-31T00:00:00+01:00;+;Netherlands;17;Amsterdam;23;City;1;New;1;Cat. A;1;28;27;29;27;39;38;36;38;54;51;51;54;28;30;29;29
europe;2024-05-31T00:00:00+01:00;+;Netherlands;17;Amsterdam;23;City;1;Preowend;2;Cat. A;1;15;11;18;14;51;52;50;51;55;59;53;55;16;13;16;14
europe;2024-05-31T00:00:00+01:00;+;Netherlands;17;Amsterdam;23;Suburb;2;New;1;Cat. A;1;17;16;12;15;48;47;48;49;32;32;30;31;19;14;17;19
europe;2024-05-31T00:00:00+01:00;+;Netherlands;17;Amsterdam;23;Suburb;2;Preowend;2;Cat. B;2;39;43;43;39;39;34;41;39;20;23;26;22;39;44;45;41
europe;2024-05-31T00:00:00+01:00;+;Netherlands;17;Amsterdam;23;Suburb;2;Preowend;2;Cat. B;2;63;61;69;63;52;52;49;53;35;39;35;34;58;59;56;58
europe;2024-06-30T00:00:00+01:00;+;Netherlands;17;Amsterdam;23;City;1;New;1;Cat. A;1;29;28;25;29;34;34;30;33;55;51;57;56;27;30;24;26
europe;2024-06-30T00:00:00+01:00;+;Netherlands;17;Amsterdam;23;City;1;Preowend;2;Cat. A;1;12;14;12;11;53;57;57;55;54;59;56;56;10;12;10;11
europe;2024-06-30T00:00:00+01:00;+;Netherlands;17;Amsterdam;23;Suburb;2;New;1;Cat. A;1;12;10;15;11;50;50;51;51;28;31;25;28;12;10;11;11
europe;2024-06-30T00:00:00+01:00;+;Netherlands;17;Amsterdam;23;Suburb;2;Preowend;2;Cat. B;2;41;36;43;42;38;40;36;39;25;20;26;24;36;33;42;37
europe;2024-06-30T00:00:00+01:00;+;Netherlands;17;Amsterdam;23;Suburb;2;Preowend;2;Cat. B;2;63;57;67;62;51;54;55;51;29;26;33;30;59;60;60;58
europe;2024-07-31T00:00:00+01:00;+;Netherlands;17;Amsterdam;23;City;1;New;1;Cat. A;1;26;26;23;26;32;35;30;33;55;54;56;55;27;28;27;28
europe;2024-07-31T00:00:00+01:00;+;Netherlands;17;Amsterdam;23;City;1;Preowend;2;Cat. A;1;15;15;17;15;56;52;53;55;55;53;51;54;15;14;12;14
europe;2024-07-31T00:00:00+01:00;+;Netherlands;17;Amsterdam;23;Suburb;2;New;1;Cat. A;1;16;15;17;16;48;48;48;49;34;31;36;33;12;16;15;13
europe;2024-07-31T00:00:00+01:00;+;Netherlands;17;Amsterdam;23;Suburb;2;Preowend;2;Cat. B;2;40;35;39;41;34;34;39;34;24;21;22;26;40;38;43;39
europe;2024-07-31T00:00:00+01:00;+;Netherlands;17;Amsterdam;23;Suburb;2;Preowend;2;Cat. B;2;56;62;63;56;51;55;53;49;29;31;36;31;57;61;61;57
europe;2024-08-31T00:00:00+01:00;+;Netherlands;17;Amsterdam;23;City;1;New;1;Cat. A;1;28;25;30;27;34;37;34;33;51;51;53;53;29;28;28;30
europe;2024-08-31T00:00:00+01:00;+;Netherlands;17;Amsterdam;23;City;1;Preowend;2;Cat. A;1;11;15;16;11;52;53;49;50;57;54;53;56;14;17;11;15
europe;2024-08-31T00:00:00+01:00;+;Netherlands;17;Amsterdam;23;Suburb;2;New;1;Cat. A;1;15;14;15;16;56;57;57;55;29;33;27;30;12;15;11;11
europe;2024-08-31T00:00:00+01:00;+;Netherlands;17;Amsterdam;23;Suburb;2;Preowend;2;Cat. B;2;36;39;38;34;35;39;38;35;19;25;24;20;34;37;39;34
europe;2024-08-31T00:00:00+01:00;+;Netherlands;17;Amsterdam;23;Suburb;2;Preowend;2;Cat. B;2;62;58;59;64;51;48;49;50;32;29;33;31;59;66;56;61
europe;2024-09-30T00:00:00+01:00;+;Netherlands;17;Amsterdam;23;City;1;New;1;Cat. A;1;29;24;32;27;35;39;31;34;57;52;59;55;24;21;29;26
europe;2024-09-30T00:00:00+01:00;+;Netherlands;17;Amsterdam;23;City;1;Preowend;2;Cat. A;1;13;11;18;15;53;54;51;52;53;53;54;51;14;14;14;14
europe;2024-09-30T00:00:00+01:00;+;Netherlands;17;Amsterdam;23;Suburb;2;New;1;Cat. A;1;19;22;21;18;50;54;52;51;36;31;34;34;15;12;20;17
europe;2024-09-30T00:00:00+01:00;+;Netherlands;17;Amsterdam;23;Suburb;2;Preowend;2;Cat. B;2;38;43;38;38;34;34;29;33;26;24;21;24;37;33;40;39
europe;2024-09-30T00:00:00+01:00;+;Netherlands;17;Amsterdam;23;Suburb;2;Preowend;2;Cat. B;2;63;61;64;63;54;53;53;55;32;30;25;32;60;63;66;59
europe;2024-10-31T00:00:00+01:00;+;Netherlands;17;Amsterdam;23;City;1;New;1;Cat. A;1;26;28;23;24;34;36;34;35;51;49;54;50;26;27;26;24
europe;2024-10-31T00:00:00+01:00;+;Netherlands;17;Amsterdam;23;City;1;Preowend;2;Cat. A;1;14;11;10;13;49;54;50;51;54;50;54;54;14;12;18;15
europe;2024-10-31T00:00:00+01:00;+;Netherlands;17;Amsterdam;23;Suburb;2;New;1;Cat. A;1;15;13;14;13;54;56;57;54;29;33;34;31;15;16;18;15
europe;2024-10-31T00:00:00+01:00;+;Netherlands;17;Amsterdam;23;Suburb;2;Preowend;2;Cat. B;2;41;44;41;41;40;44;36;39;23;25;29;24;41;46;38;41
europe;2024-10-31T00:00:00+01:00;+;Netherlands;17;Amsterdam;23;Suburb;2;Preowend;2;Cat. B;2;60;56;63;60;50;52;53;50;31;33;33;31;59;56;58;61
europe;2024-11-30T00:00:00+01:00;+;Netherlands;17;Amsterdam;23;City;1;New;1;Cat. A;1;25;24;25;25;39;42;36;38;50;54;55;50;26;29;22;26
europe;2024-11-30T00:00:00+01:00;+;Netherlands;17;Amsterdam;23;City;1;Preowend;2;Cat. A;1;10;11;10;10;54;56;54;53;58;55;59;58;14;11;10;12
europe;2024-11-30T00:00:00+01:00;+;Netherlands;17;Amsterdam;23;Suburb;2;New;1;Cat. A;1;16;18;20;16;53;55;56;54;29;27;28;29;14;11;19;15
europe;2024-11-30T00:00:00+01:00;+;Netherlands;17;Amsterdam;23;Suburb;2;Preowend;2;Cat. B;2;39;38;42;37;39;37;36;40;23;20;23;23;41;36;36;42
europe;2024-11-30T00:00:00+01:00;+;Netherlands;17;Amsterdam;23;Suburb;2;Preowend;2;Cat. B;2;60;60;62;62;55;56;60;57;32;38;30;32;62;61;58;62
europe;2024-12-31T00:00:00+01:00;+;Netherlands;17;Amsterdam;23;City;1;New;1;Cat. A;1;30;28;27;30;38;38;39;38;55;54;57;55;25;21;28;24
europe;2024-12-31T00:00:00+01:00;+;Netherlands;17;Amsterdam;23;City;1;Preowend;2;Cat. A;1;12;14;10;12;49;49;53;49;51;52;49;53;13;15;12;12
europe;2024-12-31T00:00:00+01:00;+;Netherlands;17;Amsterdam;23;Suburb;2;New;1;Cat. A;1;12;15;12;14;53;55;54;51;32;34;36;34;15;15;11;16
europe;2024-12-31T00:00:00+01:00;+;Netherlands;17;Amsterdam;23;Suburb;2;Preowend;2;Cat. B;2;38;38;38;36;37;33;35;37;22;23;20;20;41;38;43;42
europe;2024-12-31T00:00:00+01:00;+;Netherlands;17;Amsterdam;23;Suburb;2;Preowend;2;Cat. B;2;59;54;64;60;52;53;53;51;32;33;30;34;57;61;60;56
europe;2025-01-31T00:00:00+01:00;+;Netherlands;17;Amsterdam;23;City;1;New;1;Cat. A;1;22;22;27;22;36;38;33;36;52;49;51;51;25;20;24;25
europe;2025-01-31T00:00:00+01:00;+;Netherlands;17;Amsterdam;23;City;1;Preowend;2;Cat. A;1;11;13;14;11;53;55;54;53;55;57;56;54;14;15;16;15
europe;2025-01-31T00:00:00+01:00;+;Netherlands;17;Amsterdam;23;Suburb;2;New;1;Cat. A;1;17;13;13;16;54;53;54;53;36;37;38;36;13;15;14;13
europe;2025-01-31T00:00:00+01:00;+;Netherlands;17;Amsterdam;23;Suburb;2;Preowend;2;Cat. B;2;40;42;41;39;38;37;34;36;23;27;22;23;37;42;39;38
europe;2025-01-31T00:00:00+01:00;+;Netherlands;17;Amsterdam;23;Suburb;2;Preowend;2;Cat. B;2;59;58;53;59;53;55;54;53;29;31;25;30;58;59;58;56
europe;2025-02-28T00:00:00+01:00;+;Netherlands;17;Amsterdam;23;City;1;New;1;Cat. A;1;26;24;24;25;34;31;38;34;54;49;55;54;27;32;31;29
europe;2025-02-28T00:00:00+01:00;+;Netherlands;17;Amsterdam;23;City;1;Preowend;2;Cat. A;1;11;10;10;10;55;58;53;55;56;58;55;57;11;11;10;11
europe;2025-02-28T00:00:00+01:00;+;Netherlands;17;Amsterdam;23;Suburb;2;New;1;Cat. A;1;13;18;13;15;49;49;46;49;28;26;33;29;14;10;15;13
europe;2025-02-28T00:00:00+01:00;+;Netherlands;17;Amsterdam;23;Suburb;2;Preowend;2;Cat. B;2;37;40;39;37;38;35;37;38;22;27;24;22;37;33;36;36
europe;2025-02-28T00:00:00+01:00;+;Netherlands;17;Amsterdam;23;Suburb;2;Preowend;2;Cat. B;2;60;61;65;61;53;53;49;54;32;33;28;32;60;60;64;58
europe;2025-03-31T00:00:00+01:00;+;Netherlands;17;Amsterdam;23;City;1;New;1;Cat. A;1;28;30;30;27;34;32;37;34;54;54;57;53;26;25;22;25
europe;2025-03-31T00:00:00+01:00;+;Netherlands;17;Amsterdam;23;City;1;Preowend;2;Cat. A;1;15;16;10;15;53;51;56;53;53;55;53;54;11;13;10;12
europe;2025-03-31T00:00:00+01:00;+;Netherlands;17;Amsterdam;23;Suburb;2;New;1;Cat. A;1;14;13;11;13;53;53;49;52;36;38;34;35;17;13;14;16
europe;2025-03-31T00:00:00+01:00;+;Netherlands;17;Amsterdam;23;Suburb;2;Preowend;2;Cat. B;2;36;32;40;35;40;43;39;40;26;30;22;24;40;44;46;41
europe;2025-03-31T00:00:00+01:00;+;Netherlands;17;Amsterdam;23;Suburb;2;Preowend;2;Cat. B;2;58;62;53;59;49;54;48;50;30;35;29;28;57;62;55;57
europe;2025-04-30T00:00:00+01:00;+;Netherlands;17;Amsterdam;23;City;1;New;1;Cat. A;1;27;30;29;28;33;32;32;34;51;53;48;53;22;23;22;24
europe;2025-04-30T00:00:00+01:00;+;Netherlands;17;Amsterdam;23;City;1;Preowend;2;Cat. A;1;10;14;10;10;52;52;49;54;53;54;54;54;12;11;10;12
europe;2025-04-30T00:00:00+01:00;+;Netherlands;17;Amsterdam;23;Suburb;2;New;1;Cat. A;1;14;18;14;13;50;46;53;50;29;25;28;30;12;11;17;12
europe;2025-04-30T00:00:00+01:00;+;Netherlands;17;Amsterdam;23;Suburb;2;Preowend;2;Cat. B;2;42;43;36;40;38;37;33;38;23;20;19;25;38;41;41;38
europe;2025-04-30T00:00:00+01:00;+;Netherlands;17;Amsterdam;23;Suburb;2;Preowend;2;Cat. B;2;63;61;67;63;53;50;60;54;29;33;33;28;58;58;57;58
europe;2025-05-31T00:00:00+01:00;+;Netherlands;17;Amsterdam;23;City;1;New;1;Cat. A;1;25;23;28;25;35;34;36;35;54;58;51;54;23;20;21;23
europe;2025-05-31T00:00:00+01:00;+;Netherlands;17;Amsterdam;23;City;1;Preowend;2;Cat. A;1;13;11;11;13;54;51;53;52;52;48;50;51;11;10;10;10
europe;2025-05-31T00:00:00+01:00;+;Netherlands;17;Amsterdam;23;Suburb;2;New;1;Cat. A;1;15;13;10;14;54;58;59;56;36;36;39;34;13;16;16;12
europe;2025-05-31T00:00:00+01:00;+;Netherlands;17;Amsterdam;23;Suburb;2;Preowend;2;Cat. B;2;35;33;40;37;38;37;41;38;26;29;21;24;39;39;43;38
europe;2025-05-31T00:00:00+01:00;+;Netherlands;17;Amsterdam;23;Suburb;2;Preowend;2;Cat. B;2;61;62;65;60;55;61;51;54;35;29;34;35;58;55;53;60
europe;2025-06-30T00:00:00+01:00;+;Netherlands;17;Amsterdam;23;City;1;New;1;Cat. A;1;27;27;23;25;37;38;38;37;56;56;55;56;28;28;28;27
europe;2025-06-30T00:00:00+01:00;+;Netherlands;17;Amsterdam;23;City;1;Preowend;2;Cat. A;1;16;17;12;15;50;49;47;52;56;60;55;56;15;17;19;14
europe;2025-06-30T00:00:00+01:00;+;Netherlands;17;Amsterdam;23;Suburb;2;New;1;Cat. A;1;13;18;17;15;50;53;47;49;33;31;31;33;16;15;12;15
europe;2025-06-30T00:00:00+01:00;+;Netherlands;17;Amsterdam;23;Suburb;2;Preowend;2;Cat. B;2;36;36;33;36;37;38;41;39;19;24;21;19;35;34;36;35
europe;2025-06-30T00:00:00+01:00;+;Netherlands;17;Amsterdam;23;Suburb;2;Preowend;2;Cat. B;2;60;63;65;61;53;57;47;52;28;26;34;28;61;57;57;59
europe;2025-07-31T00:00:00+01:00;+;Netherlands;17;Amsterdam;23;City;1;New;1;Cat. A;1;28;30;32;28;33;35;34;35;57;56;58;56;26;27;29;25
europe;2025-07-31T00:00:00+01:00;+;Netherlands;17;Amsterdam;23;City;1;Preowend;2;Cat. A;1;12;12;10;12;56;58;58;56;53;53;54;52;15;11;11;16
europe;2025-07-31T00:00:00+01:00;+;Netherlands;17;Amsterdam;23;Suburb;2;New;1;Cat. A;1;18;19;16;17;51;52;50;51;34;32;31;33;14;11;11;12
europe;2025-07-31T00:00:00+01:00;+;Netherlands;17;Amsterdam;23;Suburb;2;Preowend;2;Cat. B;2;37;37;39;38;35;34;32;34;25;21;22;24;37;38;32;37
europe;2025-07-31T00:00:00+01:00;+;Netherlands;17;Amsterdam;23;Suburb;2;Preowend;2;Cat. B;2;57;54;51;56;53;53;46;53;28;26;35;29;59;56;63;61
europe;2025-08-31T00:00:00+01:00;+;Netherlands;17;Amsterdam;23;City;1;New;1;Cat. A;1;23;25;22;24;33;31;30;31;52;52;47;50;28;27;29;26
europe;2025-08-31T00:00:00+01:00;+;Netherlands;17;Amsterdam;23;City;1;Preowend;2;Cat. A;1;13;14;12;14;51;56;55;53;51;52;55;52;12;10;10;12
europe;2025-08-31T00:00:00+01:00;+;Netherlands;17;Amsterdam;23;Suburb;2;New;1;Cat. A;1;16;18;18;16;51;50;54;49;31;27;31;30;15;16;18;13
europe;2025-08-31T00:00:00+01:00;+;Netherlands;17;Amsterdam;23;Suburb;2;Preowend;2;Cat. B;2;39;43;40;40;40;36;39;40;21;18;25;21;39;41;41;41
europe;2025-08-31T00:00:00+01:00;+;Netherlands;17;Amsterdam;23;Suburb;2;Preowend;2;Cat. B;2;62;62;64;64;55;57;53;57;29;34;29;30;59;61;63;57
europe;2025-09-30T00:00:00+01:00;+;Netherlands;17;Amsterdam;23;City;1;New;1;Cat. A;1;26;29;24;25;33;31;32;33;56;58;58;56;27;24;29;27
europe;2025-09-30T00:00:00+01:00;+;Netherlands;17;Amsterdam;23;City;1;Preowend;2;Cat. A;1;11;10;15;10;54;58;56;53;58;61;59;58;15;18;18;14
europe;2025-09-30T00:00:00+01:00;+;Netherlands;17;Amsterdam;23;Suburb;2;New;1;Cat. A;1;17;16;12;15;51;51;47;51;31;32;33;30;13;14;14;13
europe;2025-09-30T00:00:00+01:00;+;Netherlands;17;Amsterdam;23;Suburb;2;Preowend;2;Cat. B;2;42;46;39;40;39;36;41;37;22;24;27;24;35;35;38;36
europe;2025-09-30T00:00:00+01:00;+;Netherlands;17;Amsterdam;23;Suburb;2;Preowend;2;Cat. B;2;62;67;58;61;50;53;56;49;35;37;36;33;57;64;62;57
europe;2025-10-31T00:00:00+01:00;+;Netherlands;17;Amsterdam;23;City;1;New;1;Cat. A;1;24;23;21;25;38;36;34;37;52;49;50;52;22;24;21;22
europe;2025-10-31T00:00:00+01:00;+;Netherlands;17;Amsterdam;23;City;1;Preowend;2;Cat. A;1;10;10;10;10;50;55;49;50;52;56;49;52;14;12;19;16
europe;2025-10-31T00:00:00+01:00;+;Netherlands;17;Amsterdam;23;Suburb;2;New;1;Cat. A;1;14;13;16;16;51;51;49;53;30;33;31;30;13;10;10;13
europe;2025-10-31T00:00:00+01:00;+;Netherlands;17;Amsterdam;23;Suburb;2;Preowend;2;Cat. B;2;36;40;31;35;39;39;37;38;19;18;22;18;40;38;43;40
europe;2025-10-31T00:00:00+01:00;+;Netherlands;17;Amsterdam;23;Suburb;2;Preowend;2;Cat. B;2;57;62;58;57;52;55;47;51;28;32;22;29;60;61;60;58
europe;2025-11-30T00:00:00+01:00;+;Netherlands;17;Amsterdam;23;City;1;New;1;Cat. A;1;23;20;24;23;34;34;39;34;53;51;52;53;28;24;25;26
europe;2025-11-30T00:00:00+01:00;+;Netherlands;17;Amsterdam;23;City;1;Preowend;2;Cat. A;1;11;10;10;10;51;49;48;50;56;52;59;54;13;15;12;15
europe;2025-11-30T00:00:00+01:00;+;Netherlands;17;Amsterdam;23;Suburb;2;New;1;Cat. A;1;14;11;13;14;51;49;49;52;30;31;30;29;15;13;12;14
europe;2025-11-30T00:00:00+01:00;+;Netherlands;17;Amsterdam;23;Suburb;2;Preowend;2;Cat. B;2;39;34;39;38;40;35;35;39;19;22;20;20;34;39;30;34
europe;2025-11-30T00:00:00+01:00;+;Netherlands;17;Amsterdam;23;Suburb;2;Preowend;2;Cat. B;2;60;59;57;58;50;51;47;49;29;26;24;31;59;56;53;58
europe;2025-12-31T00:00:00+01:00;+;Netherlands;17;Amsterdam;23;City;1;New;1;Cat. A;1;29;24;28;29;37;39;37;37;54;57;53;52;23;25;20;24
europe;2025-12-31T00:00:00+01:00;+;Netherlands;17;Amsterdam;23;City;1;Preowend;2;Cat. A;1;12;11;15;11;55;60;56;56;54;57;50;53;10;13;10;10
europe;2025-12-31T00:00:00+01:00;+;Netherlands;17;Amsterdam;23;Suburb;2;New;1;Cat. A;1;16;11;19;16;54;52;49;54;32;34;32;33;12;10;13;13
europe;2025-12-31T00:00:00+01:00;+;Netherlands;17;Amsterdam;23;Suburb;2;Preowend;2;Cat. B;2;35;32;38;35;36;33;38;37;22;23;19;22;39;43;37;41
europe;2025-12-31T00:00:00+01:00;+;Netherlands;17;Amsterdam;23;Suburb;2;Preowend;2;Cat. B;2;58;54;53;56;50;45;45;49;33;31;32;33;62;59;62;63
europe;2026-01-31T00:00:00+01:00;+;Netherlands;17;Amsterdam;23;City;1;New;1;Cat. A;1;22;24;19;22;32;28;34;32;54;52;58;56;28;27;30;26
europe;2026-01-31T00:00:00+01:00;+;Netherlands;17;Amsterdam;23;City;1;Preowend;2;Cat. A;1;15;16;14;15;50;53;52;51;56;57;54;56;10;10;10;10
europe;2026-01-31T00:00:00+01:00;+;Netherlands;17;Amsterdam;23;Suburb;2;New;1;Cat. A;1;19;14;18;19;49;53;46;48;33;36;29;33;16;14;14;17
europe;2026-01-31T00:00:00+01:00;+;Netherlands;17;Amsterdam;23;Suburb;2;Preowend;2;Cat. B;2;41;42;43;41;36;32;40;36;23;23;28;24;39;33;34;38
europe;2026-01-31T00:00:00+01:00;+;Netherlands;17;Amsterdam;23;Suburb;2;Preowend;2;Cat. B;2;56;58;57;57;54;49;55;54;28;25;25;30;62;65;57;63
europe;2026-02-28T00:00:00+01:00;+;Netherlands;17;Amsterdam;23;City;1;New;1;Cat. A;1;28;32;26;28;34;32;35;33;53;50;48;53;25;23;29;25
europe;2026-02-28T00:00:00+01:00;+;Netherlands;17;Amsterdam;23;City;1;Preowend;2;Cat. A;1;12;14;17;13;53;57;52;55;57;55;55;57;13;13;15;13
europe;2026-02-28T00:00:00+01:00;+;Netherlands;17;Amsterdam;23;Suburb;2;New;1;Cat. A;1;17;13;16;18;50;51;51;48;31;34;30;30;17;21;17;17
europe;2026-02-28T00:00:00+01:00;+;Netherlands;17;Amsterdam;23;Suburb;2;Preowend;2;Cat. B;2;37;39;34;36;40;40;44;39;21;20;26;21;37;39;37;37
europe;2026-02-28T00:00:00+01:00;+;Netherlands;17;Amsterdam;23;Suburb;2;Preowend;2;Cat. B;2;59;61;57;60;52;50;51;52;29;33;25;28;62;63;63;62
europe;2026-03-31T00:00:00+01:00;+;Netherlands;17;Amsterdam;23;City;1;New;1;Cat. A;1;23;24;22;23;34;36;33;34;58;58;55;57;22;25;21;24
europe;2026-03-31T00:00:00+01:00;+;Netherlands;17;Amsterdam;23;City;1;Preowend;2;Cat. A;1;12;14;16;12;53;53;53;53;53;50;53;52;10;10;10;10
europe;2026-03-31T00:00:00+01:00;+;Netherlands;17;Amsterdam;23;Suburb;2;New;1;Cat. A;1;12;12;12;13;49;52;49;48;31;36;36;33;14;12;14;14
europe;2026-03-31T00:00:00+01:00;+;Netherlands;17;Amsterdam;23;Suburb;2;Preowend;2;Cat. B;2;35;33;40;35;37;39;37;38;20;23;16;19;38;38;36;36
europe;2026-03-31T00:00:00+01:00;+;Netherlands;17;Amsterdam;23;Suburb;2;Preowend;2;Cat. B;2;60;59;62;62;53;53;51;55;33;35;34;32;60;66;64;61
europe;2026-04-30T00:00:00+01:00;+;Netherlands;17;Amsterdam;23;City;1;New;1;Cat. A;1;28;25;32;29;31;32;33;33;52;57;52;53;24;22;23;23
europe;2026-04-30T00:00:00+01:00;+;Netherlands;17;Amsterdam;23;City;1;Preowend;2;Cat. A;1;10;11;12;12;52;50;49;54;59;55;56;58;13;13;12;14
europe;2026-04-30T00:00:00+01:00;+;Netherlands;17;Amsterdam;23;Suburb;2;New;1;Cat. A;1;15;13;15;14;54;49;50;53;35;36;30;34;17;19;14;18
europe;2026-04-30T00:00:00+01:00;+;Netherlands;17;Amsterdam;23;Suburb;2;Preowend;2;Cat. B;2;36;40;36;34;38;39;36;38;24;22;21;26;41;45;46;40
europe;2026-04-30T00:00:00+01:00;+;Netherlands;17;Amsterdam;23;Suburb;2;Preowend;2;Cat. B;2;59;66;58;60;51;51;55;51;27;23;24;28;59;56;65;59
europe;2026-05-31T00:00:00+01:00;+;Netherlands;17;Amsterdam;23;City;1;New;1;Cat. A;1;23;19;21;23;34;39;39;35;52;50;49;50;22;19;27;23
europe;2026-05-31T00:00:00+01:00;+;Netherlands;17;Amsterdam;23;City;1;Preowend;2;Cat. A;1;10;13;10;10;52;48;55;53;57;59;60;58;14;12;10;13
europe;2026-05-31T00:00:00+01:00;+;Netherlands;17;Amsterdam;23;Suburb;2;New;1;Cat. A;1;17;17;15;17;49;45;52;48;31;29;30;32;13;14;10;13
europe;2026-05-31T00:00:00+01:00;+;Netherlands;17;Amsterdam;23;Suburb;2;Preowend;2;Cat. B;2;38;37;41;38;39;37;40;38;22;23;22;20;36;40;39;35
europe;2026-05-31T00:00:00+01:00;+;Netherlands;17;Amsterdam;23;Suburb;2;Preowend;2;Cat. B;2;61;62;62;62;51;55;54;52;29;25;28;28;59;53;60;59
europe;2026-06-30T00:00:00+01:00;+;Netherlands;17;Amsterdam;23;City;1;New;1;Cat. A;1;28;27;28;29;38;41;34;37;50;51;50;52;22;22;24;23
europe;2026-06-30T00:00:00+01:00;+;Netherlands;17;Amsterdam;23;City;1;Preowend;2;Cat. A;1;15;15;18;15;50;52;52;51;57;60;57;58;10;13;12;10
europe;2026-06-30T00:00:00+01:00;+;Netherlands;17;Amsterdam;23;Suburb;2;New;1;Cat. A;1;14;12;11;14;52;51;49;51;34;33;37;35;13;12;10;13
europe;2026-06-30T00:00:00+01:00;+;Netherlands;17;Amsterdam;23;Suburb;2;Preowend;2;Cat. B;2;35;35;39;35;39;43;40;41;21;18;20;20;41;39;41;40
europe;2026-06-30T00:00:00+01:00;+;Netherlands;17;Amsterdam;23;Suburb;2;Preowend;2;Cat. B;2;63;69;64;64;53;51;46;52;34;33;37;33;58;59;55;58
europe;2026-07-31T00:00:00+01:00;+;Netherlands;17;Amsterdam;23;City;1;New;1;Cat. A;1;30;30;27;29;33;32;32;34;56;59;55;55;29;25;26;30
europe;2026-07-31T00:00:00+01:00;+;Netherlands;17;Amsterdam;23;City;1;Preowend;2;Cat. A;1;11;10;15;13;57;54;56;57;55;56;55;53;14;17;18;15
europe;2026-07-31T00:00:00+01:00;+;Netherlands;17;Amsterdam;23;Suburb;2;New;1;Cat. A;1;18;13;15;16;54;59;56;55;32;36;29;32;17;16;13;16
europe;2026-07-31T00:00:00+01:00;+;Netherlands;17;Amsterdam;23;Suburb;2;Preowend;2;Cat. B;2;39;36;40;40;40;39;41;39;18;22;19;18;37;34;41;37
europe;2026-07-31T00:00:00+01:00;+;Netherlands;17;Amsterdam;23;Suburb;2;Preowend;2;Cat. B;2;62;62;59;64;53;53;48;53;30;36;31;32;61;56;60;61
europe;2026-08-31T00:00:00+01:00;+;Netherlands;17;Amsterdam;23;City;1;New;1;Cat. A;1;27;26;26;27;34;31;31;35;53;55;56;52;22;26;21;24
europe;2026-08-31T00:00:00+01:00;+;Netherlands;17;Amsterdam;23;City;1;Preowend;2;Cat. A;1;11;10;10;11;56;51;55;54;56;52;58;54;11;10;10;10
europe;2026-08-31T00:00:00+01:00;+;Netherlands;17;Amsterdam;23;Suburb;2;New;1;Cat. A;1;17;14;22;18;54;54;51;55;36;35;34;35;18;19;13;18
europe;2026-08-31T00:00:00+01:00;+;Netherlands;17;Amsterdam;23;Suburb;2;Preowend;2;Cat. B;2;37;34;32;35;39;42;42;38;20;16;24;18;39;44;38;40
europe;2026-08-31T00:00:00+01:00;+;Netherlands;17;Amsterdam;23;Suburb;2;Preowend;2;Cat. B;2;60;61;66;60;55;52;55;55;33;33;31;33;60;58;59;61
europe;2026-09-30T00:00:00+01:00;+;Netherlands;17;Amsterdam;23;City;1;New;1;Cat. A;1;22;24;23;22;33;30;30;32;52;55;52;54;27;28;26;26
europe;2026-09-30T00:00:00+01:00;+;Netherlands;17;Amsterdam;23;City;1;Preowend;2;Cat. A;1;16;13;14;16;49;49;47;49;56;53;56;57;14;14;14;14
europe;2026-09-30T00:00:00+01:00;+;Netherlands;17;Amsterdam;23;Suburb;2;New;1;Cat. A;1;17;20;18;17;49;47;51;48;32;35;32;33;11;13;10;13
europe;2026-09-30T00:00:00+01:00;+;Netherlands;17;Amsterdam;23;Suburb;2;Preowend;2;Cat. B;2;42;43;42;40;35;37;35;37;20;20;26;20;41;45;43;40
europe;2026-09-30T00:00:00+01:00;+;Netherlands;17;Amsterdam;23;Suburb;2;Preowend;2;Cat. B;2;56;57;60;57;51;47;50;50;33;26;28;31;60;65;65;59
europe;2026-10-31T00:00:00+01:00;+;Netherlands;17;Amsterdam;23;City;1;New;1;Cat. A;1;27;24;25;27;37;34;40;36;53;56;49;53;27;26;27;25
europe;2026-10-31T00:00:00+01:00;+;Netherlands;17;Amsterdam;23;City;1;Preowend;2;Cat. A;1;13;10;12;12;55;55;55;55;57;58;55;56;12;10;10;11
europe;2026-10-31T00:00:00+01:00;+;Netherlands;17;Amsterdam;23;Suburb;2;New;1;Cat. A;1;11;16;14;12;52;52;52;51;30;26;27;31;15;17;17;15
europe;2026-10-31T00:00:00+01:00;+;Netherlands;17;Amsterdam;23;Suburb;2;Preowend;2;Cat. B;2;39;45;39;40;36;31;40;37;24;26;27;24;36;35;30;36
europe;2026-10-31T00:00:00+01:00;+;Netherlands;17;Amsterdam;23;Suburb;2;Preowend;2;Cat. B;2;57;64;63;58;55;49;55;54;34;27;37;33;56;55;62;57
europe;2020-01-31T00:00:00+01:00;+;Switzerland;18;Zurich;24;City;1;New;1;Cat. A;1;23;20;22;24;37;33;40;38;53;50;49;52;23;24;26;23
europe;2020-01-31T00:00:00+01:00;+;Switzerland;18;Zurich;24;City;1;Preowend;2;Cat. A;1;15;13;19;16;52;50;49;52;55;58;59;55;10;12;10;11
europe;2020-01-31T00:00:00+01:00;+;Switzerland;18;Zurich;24;Suburb;2;New;1;Cat. A;1;15;16;18;14;54;54;54;53;34;35;30;33;12;16;12;11
europe;2020-01-31T00:00:00+01:00;+;Switzerland;18;Zurich;24;Suburb;2;Preowend;2;Cat. B;2;38;40;38;39;36;30;35;36;22;22;18;23;40;36;36;39
europe;2020-01-31T00:00:00+01:00;+;Switzerland;18;Zurich;24;Suburb;2;Preowend;2;Cat. B;2;57;54;54;58;54;49;56;53;30;30;33;30;59;63;56;59
europe;2020-02-29T00:00:00+01:00;+;Switzerland;18;Zurich;24;City;1;New;1;Cat. A;1;25;27;24;25;38;39;40;38;56;60;59;57;27;28;25;25
europe;2020-02-29T00:00:00+01:00;+;Switzerland;18;Zurich;24;City;1;Preowend;2;Cat. A;1;13;11;16;14;52;53;52;53;54;51;51;53;10;10;11;10
europe;2020-02-29T00:00:00+01:00;+;Switzerland;18;Zurich;24;Suburb;2;New;1;Cat. A;1;12;16;13;13;51;46;47;50;29;28;26;30;11;16;14;11
europe;2020-02-29T00:00:00+01:00;+;Switzerland;18;Zurich;24;Suburb;2;Preowend;2;Cat. B;2;39;38;43;38;38;40;34;39;23;21;22;23;35;33;35;35
europe;2020-02-29T00:00:00+01:00;+;Switzerland;18;Zurich;24;Suburb;2;Preowend;2;Cat. B;2;60;61;61;60;51;54;56;51;32;39;36;34;62;68;57;61
europe;2020-03-31T00:00:00+01:00;+;Switzerland;18;Zurich;24;City;1;New;1;Cat. A;1;30;25;28;30;33;37;33;33;50;49;51;52;28;32;29;30
europe;2020-03-31T00:00:00+01:00;+;Switzerland;18;Zurich;24;City;1;Preowend;2;Cat. A;1;12;10;11;12;51;48;48;52;58;55;53;56;16;11;17;16
europe;2020-03-31T00:00:00+01:00;+;Switzerland;18;Zurich;24;Suburb;2;New;1;Cat. A;1;18;19;15;18;53;58;55;53;34;30;30;32;15;12;18;13
europe;2020-03-31T00:00:00+01:00;+;Switzerland;18;Zurich;24;Suburb;2;Preowend;2;Cat. B;2;37;36;43;38;37;38;38;36;25;30;29;25;39;36;42;38
europe;2020-03-31T00:00:00+01:00;+;Switzerland;18;Zurich;24;Suburb;2;Preowend;2;Cat. B;2;62;65;64;62;51;45;48;50;30;30;32;28;61;56;64;61
europe;2020-04-30T00:00:00+01:00;+;Switzerland;18;Zurich;24;City;1;New;1;Cat. A;1;26;30;28;26;34;33;31;35;50;49;51;52;29;27;32;30
europe;2020-04-30T00:00:00+01:00;+;Switzerland;18;Zurich;24;City;1;Preowend;2;Cat. A;1;10;12;10;12;52;49;54;53;56;58;59;54;15;12;13;16
europe;2020-04-30T00:00:00+01:00;+;Switzerland;18;Zurich;24;Suburb;2;New;1;Cat. A;1;17;18;18;19;56;52;59;55;31;36;31;33;15;12;10;15
europe;2020-04-30T00:00:00+01:00;+;Switzerland;18;Zurich;24;Suburb;2;Preowend;2;Cat. B;2;36;37;37;35;36;35;40;35;18;20;15;19;37;39;38;37
europe;2020-04-30T00:00:00+01:00;+;Switzerland;18;Zurich;24;Suburb;2;Preowend;2;Cat. B;2;59;64;64;58;53;57;58;54;30;27;34;30;59;52;54;59
europe;2020-05-31T00:00:00+01:00;+;Switzerland;18;Zurich;24;City;1;New;1;Cat. A;1;26;25;24;26;37;36;37;36;57;59;59;56;26;24;29;26
europe;2020-05-31T00:00:00+01:00;+;Switzerland;18;Zurich;24;City;1;Preowend;2;Cat. A;1;15;11;11;16;54;50;54;54;54;56;57;55;13;12;13;15
europe;2020-05-31T00:00:00+01:00;+;Switzerland;18;Zurich;24;Suburb;2;New;1;Cat. A;1;17;16;19;16;53;54;51;53;35;37;30;34;18;15;22;18
europe;2020-05-31T00:00:00+01:00;+;Switzerland;18;Zurich;24;Suburb;2;Preowend;2;Cat. B;2;41;43;42;41;34;37;32;34;23;19;17;21;36;33;38;36
europe;2020-05-31T00:00:00+01:00;+;Switzerland;18;Zurich;24;Suburb;2;Preowend;2;Cat. B;2;58;60;57;57;50;50;47;50;28;23;26;30;57;54;55;57
europe;2020-06-30T00:00:00+01:00;+;Switzerland;18;Zurich;24;City;1;New;1;Cat. A;1;27;30;23;27;34;30;29;33;54;55;57;54;24;27;28;25
europe;2020-06-30T00:00:00+01:00;+;Switzerland;18;Zurich;24;City;1;Preowend;2;Cat. A;1;10;10;10;10;52;52;48;53;55;55;54;54;13;16;15;13
europe;2020-06-30T00:00:00+01:00;+;Switzerland;18;Zurich;24;Suburb;2;New;1;Cat. A;1;13;17;17;13;55;51;50;53;34;33;31;33;13;10;14;12
europe;2020-06-30T00:00:00+01:00;+;Switzerland;18;Zurich;24;Suburb;2;Preowend;2;Cat. B;2;37;31;41;35;37;36;39;35;21;16;17;21;38;34;38;39
europe;2020-06-30T00:00:00+01:00;+;Switzerland;18;Zurich;24;Suburb;2;Preowend;2;Cat. B;2;62;57;57;62;54;57;47;52;34;31;36;35;62;60;62;62
europe;2020-07-31T00:00:00+01:00;+;Switzerland;18;Zurich;24;City;1;New;1;Cat. A;1;29;32;29;28;37;36;33;38;53;52;49;51;27;32;29;29
europe;2020-07-31T00:00:00+01:00;+;Switzerland;18;Zurich;24;City;1;Preowend;2;Cat. A;1;11;10;10;11;52;54;53;52;53;56;52;53;14;11;14;14
europe;2020-07-31T00:00:00+01:00;+;Switzerland;18;Zurich;24;Suburb;2;New;1;Cat. A;1;13;10;11;12;50;49;45;50;29;27;29;28;15;17;19;17
europe;2020-07-31T00:00:00+01:00;+;Switzerland;18;Zurich;24;Suburb;2;Preowend;2;Cat. B;2;38;44;37;38;38;42;42;40;25;30;26;25;39;40;34;40
europe;2020-07-31T00:00:00+01:00;+;Switzerland;18;Zurich;24;Suburb;2;Preowend;2;Cat. B;2;61;62;63;60;55;53;62;56;28;33;26;30;64;64;65;62
europe;2020-08-31T00:00:00+01:00;+;Switzerland;18;Zurich;24;City;1;New;1;Cat. A;1;28;26;23;28;34;39;34;35;52;51;52;54;26;28;21;24
europe;2020-08-31T00:00:00+01:00;+;Switzerland;18;Zurich;24;City;1;Preowend;2;Cat. A;1;13;10;10;12;55;57;56;57;54;59;56;54;10;10;10;10
europe;2020-08-31T00:00:00+01:00;+;Switzerland;18;Zurich;24;Suburb;2;New;1;Cat. A;1;17;19;21;18;52;55;55;51;34;31;37;34;16;13;11;14
europe;2020-08-31T00:00:00+01:00;+;Switzerland;18;Zurich;24;Suburb;2;Preowend;2;Cat. B;2;35;37;34;34;35;38;39;34;22;28;18;22;38;33;39;38
europe;2020-08-31T00:00:00+01:00;+;Switzerland;18;Zurich;24;Suburb;2;Preowend;2;Cat. B;2;61;64;56;60;55;55;58;53;31;30;30;31;56;54;57;57
europe;2020-09-30T00:00:00+01:00;+;Switzerland;18;Zurich;24;City;1;New;1;Cat. A;1;27;28;24;28;39;38;39;37;54;55;52;54;26;26;26;27
europe;2020-09-30T00:00:00+01:00;+;Switzerland;18;Zurich;24;City;1;Preowend;2;Cat. A;1;14;16;13;16;56;52;53;57;56;53;53;55;13;15;16;12
europe;2020-09-30T00:00:00+01:00;+;Switzerland;18;Zurich;24;Suburb;2;New;1;Cat. A;1;18;15;19;18;50;50;52;50;32;34;29;34;18;22;14;19
europe;2020-09-30T00:00:00+01:00;+;Switzerland;18;Zurich;24;Suburb;2;Preowend;2;Cat. B;2;38;35;43;38;35;36;35;36;22;20;25;23;41;41;35;39
europe;2020-09-30T00:00:00+01:00;+;Switzerland;18;Zurich;24;Suburb;2;Preowend;2;Cat. B;2;62;62;59;63;51;49;58;53;34;29;30;33;63;61;58;62
europe;2020-10-31T00:00:00+01:00;+;Switzerland;18;Zurich;24;City;1;New;1;Cat. A;1;29;26;30;29;35;37;38;35;53;56;53;55;24;19;22;22
europe;2020-10-31T00:00:00+01:00;+;Switzerland;18;Zurich;24;City;1;Preowend;2;Cat. A;1;10;14;10;11;54;59;57;54;58;61;59;58;15;15;18;15
europe;2020-10-31T00:00:00+01:00;+;Switzerland;18;Zurich;24;Suburb;2;New;1;Cat. A;1;18;20;13;16;56;59;56;56;30;33;34;30;14;11;15;14
europe;2020-10-31T00:00:00+01:00;+;Switzerland;18;Zurich;24;Suburb;2;Preowend;2;Cat. B;2;34;39;32;34;39;42;37;37;26;22;23;24;37;31;37;35
europe;2020-10-31T00:00:00+01:00;+;Switzerland;18;Zurich;24;Suburb;2;Preowend;2;Cat. B;2;59;64;54;60;51;49;50;51;33;28;35;34;60;60;63;62
europe;2020-11-30T00:00:00+01:00;+;Switzerland;18;Zurich;24;City;1;New;1;Cat. A;1;23;20;23;24;32;31;28;31;52;57;51;53;29;28;30;30
europe;2020-11-30T00:00:00+01:00;+;Switzerland;18;Zurich;24;City;1;Preowend;2;Cat. A;1;11;14;15;11;56;59;53;56;57;58;54;55;10;10;10;10
europe;2020-11-30T00:00:00+01:00;+;Switzerland;18;Zurich;24;Suburb;2;New;1;Cat. A;1;17;18;20;16;52;52;51;52;30;32;26;31;19;22;22;17
europe;2020-11-30T00:00:00+01:00;+;Switzerland;18;Zurich;24;Suburb;2;Preowend;2;Cat. B;2;36;39;38;35;35;38;39;35;23;24;25;24;35;37;34;35
europe;2020-11-30T00:00:00+01:00;+;Switzerland;18;Zurich;24;Suburb;2;Preowend;2;Cat. B;2;61;58;60;59;50;52;47;52;29;25;31;28;56;54;62;57
europe;2020-12-31T00:00:00+01:00;+;Switzerland;18;Zurich;24;City;1;New;1;Cat. A;1;25;28;25;26;35;33;38;35;51;50;47;50;26;23;24;27
europe;2020-12-31T00:00:00+01:00;+;Switzerland;18;Zurich;24;City;1;Preowend;2;Cat. A;1;12;10;10;13;51;52;52;51;57;58;54;59;13;13;15;13
europe;2020-12-31T00:00:00+01:00;+;Switzerland;18;Zurich;24;Suburb;2;New;1;Cat. A;1;19;19;15;17;53;48;56;52;31;32;27;29;13;15;10;14
europe;2020-12-31T00:00:00+01:00;+;Switzerland;18;Zurich;24;Suburb;2;Preowend;2;Cat. B;2;40;35;39;40;41;35;45;39;19;18;23;20;36;34;39;37
europe;2020-12-31T00:00:00+01:00;+;Switzerland;18;Zurich;24;Suburb;2;Preowend;2;Cat. B;2;61;57;59;61;49;44;50;50;35;35;36;35;62;61;63;61
europe;2021-01-31T00:00:00+01:00;+;Switzerland;18;Zurich;24;City;1;New;1;Cat. A;1;29;30;25;28;39;38;36;37;53;51;53;52;24;23;19;23
europe;2021-01-31T00:00:00+01:00;+;Switzerland;18;Zurich;24;City;1;Preowend;2;Cat. A;1;10;12;10;10;57;57;52;55;51;48;53;53;15;10;16;14
europe;2021-01-31T00:00:00+01:00;+;Switzerland;18;Zurich;24;Suburb;2;New;1;Cat. A;1;15;14;14;16;48;46;52;48;31;34;32;31;16;13;14;17
europe;2021-01-31T00:00:00+01:00;+;Switzerland;18;Zurich;24;Suburb;2;Preowend;2;Cat. B;2;40;40;45;40;39;35;37;41;24;26;19;23;41;37;35;41
europe;2021-01-31T00:00:00+01:00;+;Switzerland;18;Zurich;24;Suburb;2;Preowend;2;Cat. B;2;60;56;62;61;57;50;51;55;33;36;33;32;59;53;58;58
europe;2021-02-28T00:00:00+01:00;+;Switzerland;18;Zurich;24;City;1;New;1;Cat. A;1;25;26;23;25;38;37;36;36;51;50;53;51;29;26;31;28
europe;2021-02-28T00:00:00+01:00;+;Switzerland;18;Zurich;24;City;1;Preowend;2;Cat. A;1;12;17;12;14;53;53;49;54;57;61;60;58;10;10;10;10
europe;2021-02-28T00:00:00+01:00;+;Switzerland;18;Zurich;24;Suburb;2;New;1;Cat. A;1;18;22;14;17;53;50;58;54;34;33;30;33;19;20;17;17
europe;2021-02-28T00:00:00+01:00;+;Switzerland;18;Zurich;24;Suburb;2;Preowend;2;Cat. B;2;39;34;39;38;39;44;42;39;20;15;19;20;38;39;35;40
europe;2021-02-28T00:00:00+01:00;+;Switzerland;18;Zurich;24;Suburb;2;Preowend;2;Cat. B;2;57;53;52;59;50;52;49;51;31;32;34;32;59;63;55;61
europe;2021-03-31T00:00:00+01:00;+;Switzerland;18;Zurich;24;City;1;New;1;Cat. A;1;23;19;19;22;36;35;36;35;52;55;51;52;26;27;29;25
europe;2021-03-31T00:00:00+01:00;+;Switzerland;18;Zurich;24;City;1;Preowend;2;Cat. A;1;13;14;14;12;51;55;50;51;58;60;54;58;11;11;10;10
europe;2021-03-31T00:00:00+01:00;+;Switzerland;18;Zurich;24;Suburb;2;New;1;Cat. A;1;11;11;14;13;54;52;57;54;28;30;27;30;17;16;12;16
europe;2021-03-31T00:00:00+01:00;+;Switzerland;18;Zurich;24;Suburb;2;Preowend;2;Cat. B;2;36;32;37;35;37;39;42;39;20;22;22;20;40;42;42;42
europe;2021-03-31T00:00:00+01:00;+;Switzerland;18;Zurich;24;Suburb;2;Preowend;2;Cat. B;2;60;64;54;59;53;54;55;55;27;29;27;27;58;62;60;57
europe;2021-04-30T00:00:00+01:00;+;Switzerland;18;Zurich;24;City;1;New;1;Cat. A;1;24;24;22;25;35;33;33;33;51;53;51;53;26;24;28;25
europe;2021-04-30T00:00:00+01:00;+;Switzerland;18;Zurich;24;City;1;Preowend;2;Cat. A;1;12;11;17;13;54;55;51;54;55;56;59;57;11;14;12;11
europe;2021-04-30T00:00:00+01:00;+;Switzerland;18;Zurich;24;Suburb;2;New;1;Cat. A;1;18;20;20;16;52;48;54;52;31;27;30;30;17;18;20;17
europe;2021-04-30T00:00:00+01:00;+;Switzerland;18;Zurich;24;Suburb;2;Preowend;2;Cat. B;2;35;41;34;37;38;33;38;38;21;23;25;23;36;31;30;36
europe;2021-04-30T00:00:00+01:00;+;Switzerland;18;Zurich;24;Suburb;2;Preowend;2;Cat. B;2;62;68;67;63;55;55;58;56;28;25;22;28;60;55;65;58
europe;2021-05-31T00:00:00+01:00;+;Switzerland;18;Zurich;24;City;1;New;1;Cat. A;1;29;31;31;27;37;38;33;36;56;60;59;55;28;31;28;29
europe;2021-05-31T00:00:00+01:00;+;Switzerland;18;Zurich;24;City;1;Preowend;2;Cat. A;1;15;19;16;15;51;52;53;49;51;54;53;52;10;10;13;10
europe;2021-05-31T00:00:00+01:00;+;Switzerland;18;Zurich;24;Suburb;2;New;1;Cat. A;1;17;13;14;16;51;54;54;50;36;33;35;36;19;15;20;17
europe;2021-05-31T00:00:00+01:00;+;Switzerland;18;Zurich;24;Suburb;2;Preowend;2;Cat. B;2;41;40;45;41;38;38;36;38;22;19;16;22;35;33;37;35
europe;2021-05-31T00:00:00+01:00;+;Switzerland;18;Zurich;24;Suburb;2;Preowend;2;Cat. B;2;58;61;58;58;49;51;45;50;33;30;30;33;60;54;57;60
europe;2021-06-30T00:00:00+01:00;+;Switzerland;18;Zurich;24;City;1;New;1;Cat. A;1;26;25;21;25;32;34;28;31;50;48;47;52;23;23;19;23
europe;2021-06-30T00:00:00+01:00;+;Switzerland;18;Zurich;24;City;1;Preowend;2;Cat. A;1;16;17;19;16;53;52;58;55;56;56;55;54;10;10;10;10
europe;2021-06-30T00:00:00+01:00;+;Switzerland;18;Zurich;24;Suburb;2;New;1;Cat. A;1;17;14;17;15;55;57;53;54;32;33;32;32;17;17;20;16
europe;2021-06-30T00:00:00+01:00;+;Switzerland;18;Zurich;24;Suburb;2;Preowend;2;Cat. B;2;42;39;46;41;37;33;38;37;25;21;24;25;41;44;35;40
europe;2021-06-30T00:00:00+01:00;+;Switzerland;18;Zurich;24;Suburb;2;Preowend;2;Cat. B;2;61;64;61;61;57;56;50;57;30;32;29;30;61;54;58;59
europe;2021-07-31T00:00:00+01:00;+;Switzerland;18;Zurich;24;City;1;New;1;Cat. A;1;23;20;24;23;33;31;36;35;54;57;57;54;28;32;25;29
europe;2021-07-31T00:00:00+01:00;+;Switzerland;18;Zurich;24;City;1;Preowend;2;Cat. A;1;10;12;10;10;51;50;52;50;55;55;53;56;13;11;10;14
europe;2021-07-31T00:00:00+01:00;+;Switzerland;18;Zurich;24;Suburb;2;New;1;Cat. A;1;15;11;17;15;50;53;52;49;32;36;29;32;17;17;16;15
europe;2021-07-31T00:00:00+01:00;+;Switzerland;18;Zurich;24;Suburb;2;Preowend;2;Cat. B;2;36;31;35;36;37;38;36;37;23;24;25;23;36;37;38;37
europe;2021-07-31T00:00:00+01:00;+;Switzerland;18;Zurich;24;Suburb;2;Preowend;2;Cat. B;2;57;58;61;57;55;60;50;55;29;34;33;28;61;66;58;62
europe;2021-08-31T00:00:00+01:00;+;Switzerland;18;Zurich;24;City;1;New;1;Cat. A;1;24;26;22;22;32;31;29;34;53;55;56;53;23;24;23;24
europe;2021-08-31T00:00:00+01:00;+;Switzerland;18;Zurich;24;City;1;Preowend;2;Cat. A;1;10;10;10;10;53;49;54;53;53;52;54;52;15;12;18;15
europe;2021-08-31T00:00:00+01:00;+;Switzerland;18;Zurich;24;Suburb;2;New;1;Cat. A;1;16;11;16;16;48;48;53;48;32;35;31;31;15;15;18;16
europe;2021-08-31T00:00:00+01:00;+;Switzerland;18;Zurich;24;Suburb;2;Preowend;2;Cat. B;2;42;42;40;41;38;38;35;38;24;25;21;24;40;35;40;41
europe;2021-08-31T00:00:00+01:00;+;Switzerland;18;Zurich;24;Suburb;2;Preowend;2;Cat. B;2;58;62;58;58;54;53;55;53;28;26;23;27;58;58;63;60
europe;2021-09-30T00:00:00+01:00;+;Switzerland;18;Zurich;24;City;1;New;1;Cat. A;1;28;29;25;27;39;40;36;38;56;58;59;56;27;30;26;28
europe;2021-09-30T00:00:00+01:00;+;Switzerland;18;Zurich;24;City;1;Preowend;2;Cat. A;1;13;17;17;15;52;49;51;52;53;52;53;51;10;10;14;10
europe;2021-09-30T00:00:00+01:00;+;Switzerland;18;Zurich;24;Suburb;2;New;1;Cat. A;1;14;18;10;15;54;58;57;56;34;32;34;35;14;11;16;14
europe;2021-09-30T00:00:00+01:00;+;Switzerland;18;Zurich;24;Suburb;2;Preowend;2;Cat. B;2;39;41;40;39;36;34;34;38;19;21;14;20;38;40;33;36
europe;2021-09-30T00:00:00+01:00;+;Switzerland;18;Zurich;24;Suburb;2;Preowend;2;Cat. B;2;56;53;60;58;52;47;55;53;33;30;26;33;63;66;60;61
europe;2021-10-31T00:00:00+01:00;+;Switzerland;18;Zurich;24;City;1;New;1;Cat. A;1;27;23;24;26;39;35;41;39;56;53;53;58;24;26;29;26
europe;2021-10-31T00:00:00+01:00;+;Switzerland;18;Zurich;24;City;1;Preowend;2;Cat. A;1;14;16;19;14;55;51;54;53;55;55;56;57;14;16;11;16
europe;2021-10-31T00:00:00+01:00;+;Switzerland;18;Zurich;24;Suburb;2;New;1;Cat. A;1;19;14;19;18;55;53;55;55;30;31;25;30;16;14;16;16
europe;2021-10-31T00:00:00+01:00;+;Switzerland;18;Zurich;24;Suburb;2;Preowend;2;Cat. B;2;36;34;36;34;36;42;33;36;24;25;26;24;38;35;41;37
europe;2021-10-31T00:00:00+01:00;+;Switzerland;18;Zurich;24;Suburb;2;Preowend;2;Cat. B;2;59;57;61;59;54;55;61;54;32;34;39;33;63;64;64;62
europe;2021-11-30T00:00:00+01:00;+;Switzerland;18;Zurich;24;City;1;New;1;Cat. A;1;28;24;25;27;36;35;33;36;55;53;56;57;25;26;27;26
europe;2021-11-30T00:00:00+01:00;+;Switzerland;18;Zurich;24;City;1;Preowend;2;Cat. A;1;10;13;13;11;53;57;50;52;56;57;58;56;15;14;19;16
europe;2021-11-30T00:00:00+01:00;+;Switzerland;18;Zurich;24;Suburb;2;New;1;Cat. A;1;18;14;19;17;55;51;59;55;31;33;31;31;13;13;10;14
europe;2021-11-30T00:00:00+01:00;+;Switzerland;18;Zurich;24;Suburb;2;Preowend;2;Cat. B;2;36;37;35;35;35;37;32;35;25;28;24;24;39;38;39;40
europe;2021-11-30T00:00:00+01:00;+;Switzerland;18;Zurich;24;Suburb;2;Preowend;2;Cat. B;2;59;65;59;61;49;53;47;50;31;34;29;32;62;66;60;61
europe;2021-12-31T00:00:00+01:00;+;Switzerland;18;Zurich;24;City;1;New;1;Cat. A;1;29;29;32;29;36;35;33;37;55;56;55;54;28;26;25;27
europe;2021-12-31T00:00:00+01:00;+;Switzerland;18;Zurich;24;City;1;Preowend;2;Cat. A;1;13;17;16;15;53;52;53;54;56;54;52;54;15;16;14;15
europe;2021-12-31T00:00:00+01:00;+;Switzerland;18;Zurich;24;Suburb;2;New;1;Cat. A;1;13;13;13;13;53;57;49;52;29;34;26;29;16;19;13;17
europe;2021-12-31T00:00:00+01:00;+;Switzerland;18;Zurich;24;Suburb;2;Preowend;2;Cat. B;2;35;35;30;34;38;38;42;38;20;19;22;19;39;44;37;39
europe;2021-12-31T00:00:00+01:00;+;Switzerland;18;Zurich;24;Suburb;2;Preowend;2;Cat. B;2;58;54;60;56;55;61;53;55;32;38;38;32;60;59;63;60
europe;2022-01-31T00:00:00+01:00;+;Switzerland;18;Zurich;24;City;1;New;1;Cat. A;1;27;22;28;26;36;38;35;35;57;55;53;58;26;24;23;27
europe;2022-01-31T00:00:00+01:00;+;Switzerland;18;Zurich;24;City;1;Preowend;2;Cat. A;1;10;10;12;10;53;56;50;53;54;57;56;53;14;16;14;14
europe;2022-01-31T00:00:00+01:00;+;Switzerland;18;Zurich;24;Suburb;2;New;1;Cat. A;1;13;11;11;13;49;49;48;49;35;33;36;35;17;20;15;17
europe;2022-01-31T00:00:00+01:00;+;Switzerland;18;Zurich;24;Suburb;2;Preowend;2;Cat. B;2;39;38;33;37;35;41;39;37;21;18;17;20;38;41;37;38
europe;2022-01-31T00:00:00+01:00;+;Switzerland;18;Zurich;24;Suburb;2;Preowend;2;Cat. B;2;56;59;54;58;51;56;57;52;33;35;35;33;59;66;66;59
europe;2022-02-28T00:00:00+01:00;+;Switzerland;18;Zurich;24;City;1;New;1;Cat. A;1;29;32;30;30;38;41;36;37;58;61;57;57;28;24;30;29
europe;2022-02-28T00:00:00+01:00;+;Switzerland;18;Zurich;24;City;1;Preowend;2;Cat. A;1;15;12;18;14;54;53;51;54;58;58;60;57;10;13;10;10
europe;2022-02-28T00:00:00+01:00;+;Switzerland;18;Zurich;24;Suburb;2;New;1;Cat. A;1;18;14;21;18;53;54;51;53;34;31;33;35;15;15;16;16
europe;2022-02-28T00:00:00+01:00;+;Switzerland;18;Zurich;24;Suburb;2;Preowend;2;Cat. B;2;37;39;36;37;39;36;37;40;19;24;14;18;36;34;37;34
europe;2022-02-28T00:00:00+01:00;+;Switzerland;18;Zurich;24;Suburb;2;Preowend;2;Cat. B;2;59;60;64;59;54;59;56;53;32;30;38;33;61;61;64;60
europe;2022-03-31T00:00:00+01:00;+;Switzerland;18;Zurich;24;City;1;New;1;Cat. A;1;28;25;25;26;31;36;29;31;55;53;56;55;27;28;28;27
europe;2022-03-31T00:00:00+01:00;+;Switzerland;18;Zurich;24;City;1;Preowend;2;Cat. A;1;10;10;12;10;54;54;50;53;54;49;55;53;10;10;15;10
europe;2022-03-31T00:00:00+01:00;+;Switzerland;18;Zurich;24;Suburb;2;New;1;Cat. A;1;12;16;15;11;54;52;52;54;32;31;33;31;17;15;17;18
europe;2022-03-31T00:00:00+01:00;+;Switzerland;18;Zurich;24;Suburb;2;Preowend;2;Cat. B;2;35;38;32;37;40;37;40;39;18;24;17;19;36;35;37;36
europe;2022-03-31T00:00:00+01:00;+;Switzerland;18;Zurich;24;Suburb;2;Preowend;2;Cat. B;2;60;64;61;60;53;50;51;54;29;30;36;30;63;63;61;61
europe;2022-04-30T00:00:00+01:00;+;Switzerland;18;Zurich;24;City;1;New;1;Cat. A;1;24;27;21;24;36;40;40;36;52;49;55;50;23;20;19;23
europe;2022-04-30T00:00:00+01:00;+;Switzerland;18;Zurich;24;City;1;Preowend;2;Cat. A;1;16;17;18;16;52;55;50;53;54;58;52;54;12;11;13;12
europe;2022-04-30T00:00:00+01:00;+;Switzerland;18;Zurich;24;Suburb;2;New;1;Cat. A;1;14;11;14;14;53;52;55;54;34;32;35;34;19;21;20;18
europe;2022-04-30T00:00:00+01:00;+;Switzerland;18;Zurich;24;Suburb;2;Preowend;2;Cat. B;2;36;39;32;37;35;41;38;35;25;22;29;25;35;37;36;35
europe;2022-04-30T00:00:00+01:00;+;Switzerland;18;Zurich;24;Suburb;2;Preowend;2;Cat. B;2;61;58;66;62;52;51;56;54;34;39;36;32;63;62;66;61
europe;2022-05-31T00:00:00+01:00;+;Switzerland;18;Zurich;24;City;1;New;1;Cat. A;1;22;26;24;23;39;38;38;37;56;51;56;54;27;27;28;26
europe;2022-05-31T00:00:00+01:00;+;Switzerland;18;Zurich;24;City;1;Preowend;2;Cat. A;1;10;10;12;10;51;47;46;50;53;49;54;52;13;17;18;14
europe;2022-05-31T00:00:00+01:00;+;Switzerland;18;Zurich;24;Suburb;2;New;1;Cat. A;1;19;14;18;19;53;51;53;55;36;36;34;36;18;20;16;18
europe;2022-05-31T00:00:00+01:00;+;Switzerland;18;Zurich;24;Suburb;2;Preowend;2;Cat. B;2;39;35;42;38;37;39;37;36;20;22;15;20;38;37;41;39
europe;2022-05-31T00:00:00+01:00;+;Switzerland;18;Zurich;24;Suburb;2;Preowend;2;Cat. B;2;61;56;57;62;56;58;55;56;35;29;33;34;58;59;53;57
europe;2022-06-30T00:00:00+01:00;+;Switzerland;18;Zurich;24;City;1;New;1;Cat. A;1;24;22;22;24;31;31;30;32;57;55;59;56;24;20;22;23
europe;2022-06-30T00:00:00+01:00;+;Switzerland;18;Zurich;24;City;1;Preowend;2;Cat. A;1;11;10;10;10;53;56;50;54;57;55;62;58;12;14;10;14
europe;2022-06-30T00:00:00+01:00;+;Switzerland;18;Zurich;24;Suburb;2;New;1;Cat. A;1;15;19;18;17;51;52;55;52;34;33;34;36;15;16;13;16
europe;2022-06-30T00:00:00+01:00;+;Switzerland;18;Zurich;24;Suburb;2;Preowend;2;Cat. B;2;40;34;40;38;35;41;33;35;24;20;27;22;37;38;35;39
europe;2022-06-30T00:00:00+01:00;+;Switzerland;18;Zurich;24;Suburb;2;Preowend;2;Cat. B;2;63;58;62;64;52;52;59;54;33;32;30;32;60;61;63;62
europe;2022-07-31T00:00:00+01:00;+;Switzerland;18;Zurich;24;City;1;New;1;Cat. A;1;25;27;25;26;38;39;34;38;57;54;60;55;25;22;23;27
europe;2022-07-31T00:00:00+01:00;+;Switzerland;18;Zurich;24;City;1;Preowend;2;Cat. A;1;12;15;10;12;55;56;57;56;57;58;53;58;10;10;13;10
europe;2022-07-31T00:00:00+01:00;+;Switzerland;18;Zurich;24;Suburb;2;New;1;Cat. A;1;16;14;13;18;50;53;51;49;32;34;31;31;16;18;13;17
europe;2022-07-31T00:00:00+01:00;+;Switzerland;18;Zurich;24;Suburb;2;Preowend;2;Cat. B;2;37;39;37;36;36;38;42;37;23;23;21;22;40;40;43;41
europe;2022-07-31T00:00:00+01:00;+;Switzerland;18;Zurich;24;Suburb;2;Preowend;2;Cat. B;2;58;56;60;60;54;51;61;56;32;28;34;31;61;55;59;59
europe;2022-08-31T00:00:00+01:00;+;Switzerland;18;Zurich;24;City;1;New;1;Cat. A;1;23;28;27;23;33;34;29;33;53;51;54;53;25;21;25;25
europe;2022-08-31T00:00:00+01:00;+;Switzerland;18;Zurich;24;City;1;Preowend;2;Cat. A;1;11;13;12;10;57;53;56;56;56;58;58;54;10;11;10;10
europe;2022-08-31T00:00:00+01:00;+;Switzerland;18;Zurich;24;Suburb;2;New;1;Cat. A;1;17;13;20;15;55;55;58;56;33;36;36;34;13;17;18;15
europe;2022-08-31T00:00:00+01:00;+;Switzerland;18;Zurich;24;Suburb;2;Preowend;2;Cat. B;2;37;40;41;38;39;38;43;38;22;18;20;21;42;45;44;41
europe;2022-08-31T00:00:00+01:00;+;Switzerland;18;Zurich;24;Suburb;2;Preowend;2;Cat. B;2;60;59;54;59;51;55;51;51;34;35;32;34;62;63;60;61
europe;2022-09-30T00:00:00+01:00;+;Switzerland;18;Zurich;24;City;1;New;1;Cat. A;1;25;25;30;26;38;40;40;37;52;49;49;53;24;27;26;23
europe;2022-09-30T00:00:00+01:00;+;Switzerland;18;Zurich;24;City;1;Preowend;2;Cat. A;1;12;15;10;10;54;51;49;54;55;52;57;57;14;16;15;15
europe;2022-09-30T00:00:00+01:00;+;Switzerland;18;Zurich;24;Suburb;2;New;1;Cat. A;1;17;18;21;17;49;45;50;50;33;29;31;32;13;11;13;13
europe;2022-09-30T00:00:00+01:00;+;Switzerland;18;Zurich;24;Suburb;2;Preowend;2;Cat. B;2;36;32;33;35;41;38;38;39;24;24;22;23;40;38;40;41
europe;2022-09-30T00:00:00+01:00;+;Switzerland;18;Zurich;24;Suburb;2;Preowend;2;Cat. B;2;61;62;54;61;52;58;48;53;33;39;39;33;62;61;55;62
europe;2022-10-31T00:00:00+01:00;+;Switzerland;18;Zurich;24;City;1;New;1;Cat. A;1;27;27;29;27;37;40;34;37;54;53;57;54;28;25;32;29
europe;2022-10-31T00:00:00+01:00;+;Switzerland;18;Zurich;24;City;1;Preowend;2;Cat. A;1;11;10;12;10;54;50;57;55;58;60;61;57;15;11;11;16
europe;2022-10-31T00:00:00+01:00;+;Switzerland;18;Zurich;24;Suburb;2;New;1;Cat. A;1;18;13;20;18;50;53;49;52;32;27;28;30;14;13;12;15
europe;2022-10-31T00:00:00+01:00;+;Switzerland;18;Zurich;24;Suburb;2;Preowend;2;Cat. B;2;36;39;33;36;37;38;35;36;21;25;20;22;35;36;37;36
europe;2022-10-31T00:00:00+01:00;+;Switzerland;18;Zurich;24;Suburb;2;Preowend;2;Cat. B;2;57;54;60;58;51;56;51;49;31;37;35;31;61;55;65;61
europe;2022-11-30T00:00:00+01:00;+;Switzerland;18;Zurich;24;City;1;New;1;Cat. A;1;29;25;33;30;39;38;34;38;57;58;56;58;28;23;28;26
europe;2022-11-30T00:00:00+01:00;+;Switzerland;18;Zurich;24;City;1;Preowend;2;Cat. A;1;15;17;12;14;54;52;54;52;54;50;55;53;12;10;15;14
europe;2022-11-30T00:00:00+01:00;+;Switzerland;18;Zurich;24;Suburb;2;New;1;Cat. A;1;14;19;12;15;52;56;51;53;30;26;28;30;13;13;11;12
europe;2022-11-30T00:00:00+01:00;+;Switzerland;18;Zurich;24;Suburb;2;Preowend;2;Cat. B;2;38;35;38;40;41;37;39;39;22;25;19;23;40;36;42;42
europe;2022-11-30T00:00:00+01:00;+;Switzerland;18;Zurich;24;Suburb;2;Preowend;2;Cat. B;2;59;57;60;57;53;54;56;54;29;30;25;28;64;58;63;63
europe;2022-12-31T00:00:00+01:00;+;Switzerland;18;Zurich;24;City;1;New;1;Cat. A;1;24;25;26;23;33;36;36;33;55;56;58;54;27;27;26;25
europe;2022-12-31T00:00:00+01:00;+;Switzerland;18;Zurich;24;City;1;Preowend;2;Cat. A;1;16;18;18;16;49;51;46;50;53;52;55;55;15;18;18;15
europe;2022-12-31T00:00:00+01:00;+;Switzerland;18;Zurich;24;Suburb;2;New;1;Cat. A;1;12;13;16;12;48;48;50;49;35;34;35;34;17;14;12;17
europe;2022-12-31T00:00:00+01:00;+;Switzerland;18;Zurich;24;Suburb;2;Preowend;2;Cat. B;2;34;34;31;35;34;37;34;36;20;17;22;21;34;38;40;34
europe;2022-12-31T00:00:00+01:00;+;Switzerland;18;Zurich;24;Suburb;2;Preowend;2;Cat. B;2;59;55;59;61;56;60;56;56;32;30;37;33;62;68;61;63
europe;2023-01-31T00:00:00+01:00;+;Switzerland;18;Zurich;24;City;1;New;1;Cat. A;1;27;24;28;28;38;37;33;38;54;51;51;54;23;19;25;24
europe;2023-01-31T00:00:00+01:00;+;Switzerland;18;Zurich;24;City;1;Preowend;2;Cat. A;1;13;13;13;14;54;56;57;56;52;56;48;53;13;16;13;15
europe;2023-01-31T00:00:00+01:00;+;Switzerland;18;Zurich;24;Suburb;2;New;1;Cat. A;1;12;11;13;13;52;56;49;52;30;35;30;30;15;12;15;16
europe;2023-01-31T00:00:00+01:00;+;Switzerland;18;Zurich;24;Suburb;2;Preowend;2;Cat. B;2;41;45;44;41;36;36;36;36;20;26;25;20;36;32;36;37
europe;2023-01-31T00:00:00+01:00;+;Switzerland;18;Zurich;24;Suburb;2;Preowend;2;Cat. B;2;57;56;63;59;55;60;56;55;33;34;37;32;61;56;59;60
europe;2023-02-28T00:00:00+01:00;+;Switzerland;18;Zurich;24;City;1;New;1;Cat. A;1;29;31;24;29;37;40;39;35;53;57;50;55;24;20;25;23
europe;2023-02-28T00:00:00+01:00;+;Switzerland;18;Zurich;24;City;1;Preowend;2;Cat. A;1;12;12;17;13;54;51;52;55;51;53;48;51;10;10;11;10
europe;2023-02-28T00:00:00+01:00;+;Switzerland;18;Zurich;24;Suburb;2;New;1;Cat. A;1;15;14;12;14;52;51;54;51;29;33;32;31;15;17;16;13
europe;2023-02-28T00:00:00+01:00;+;Switzerland;18;Zurich;24;Suburb;2;Preowend;2;Cat. B;2;42;41;43;42;41;44;39;40;20;20;15;21;40;46;45;42
europe;2023-02-28T00:00:00+01:00;+;Switzerland;18;Zurich;24;Suburb;2;Preowend;2;Cat. B;2;60;62;58;62;53;49;60;54;34;29;34;33;60;56;60;59
europe;2023-03-31T00:00:00+01:00;+;Switzerland;18;Zurich;24;City;1;New;1;Cat. A;1;25;22;27;25;37;38;38;37;57;55;59;57;25;26;29;26
europe;2023-03-31T00:00:00+01:00;+;Switzerland;18;Zurich;24;City;1;Preowend;2;Cat. A;1;14;14;15;14;50;48;50;52;56;60;52;56;16;19;18;15
europe;2023-03-31T00:00:00+01:00;+;Switzerland;18;Zurich;24;Suburb;2;New;1;Cat. A;1;14;12;16;12;50;51;50;50;32;33;31;33;14;15;10;14
europe;2023-03-31T00:00:00+01:00;+;Switzerland;18;Zurich;24;Suburb;2;Preowend;2;Cat. B;2;42;37;40;41;37;36;32;36;21;17;19;21;39;39;37;40
europe;2023-03-31T00:00:00+01:00;+;Switzerland;18;Zurich;24;Suburb;2;Preowend;2;Cat. B;2;60;56;55;59;53;48;47;51;32;29;26;32;57;56;52;56
europe;2023-04-30T00:00:00+01:00;+;Switzerland;18;Zurich;24;City;1;New;1;Cat. A;1;26;28;25;27;37;33;38;37;54;57;49;54;25;29;23;26
europe;2023-04-30T00:00:00+01:00;+;Switzerland;18;Zurich;24;City;1;Preowend;2;Cat. A;1;10;10;11;10;52;53;49;54;54;51;52;53;13;10;11;11
europe;2023-04-30T00:00:00+01:00;+;Switzerland;18;Zurich;24;Suburb;2;New;1;Cat. A;1;14;14;13;15;51;55;55;53;30;33;30;30;16;16;19;16
europe;2023-04-30T00:00:00+01:00;+;Switzerland;18;Zurich;24;Suburb;2;Preowend;2;Cat. B;2;41;42;44;41;35;36;33;35;24;20;27;23;40;44;44;39
europe;2023-04-30T00:00:00+01:00;+;Switzerland;18;Zurich;24;Suburb;2;Preowend;2;Cat. B;2;63;62;67;63;49;55;56;50;29;31;27;30;61;54;64;60
europe;2023-05-31T00:00:00+01:00;+;Switzerland;18;Zurich;24;City;1;New;1;Cat. A;1;24;28;23;23;34;34;32;35;55;55;53;56;26;22;27;25
europe;2023-05-31T00:00:00+01:00;+;Switzerland;18;Zurich;24;City;1;Preowend;2;Cat. A;1;12;15;10;10;49;47;51;51;54;50;57;52;12;15;15;13
europe;2023-05-31T00:00:00+01:00;+;Switzerland;18;Zurich;24;Suburb;2;New;1;Cat. A;1;15;18;14;17;54;52;54;56;30;30;28;28;12;14;13;14
europe;2023-05-31T00:00:00+01:00;+;Switzerland;18;Zurich;24;Suburb;2;Preowend;2;Cat. B;2;35;36;38;35;38;34;38;39;21;17;27;22;39;34;42;39
europe;2023-05-31T00:00:00+01:00;+;Switzerland;18;Zurich;24;Suburb;2;Preowend;2;Cat. B;2;63;62;57;63;51;45;47;51;30;25;35;28;62;63;64;63
europe;2023-06-30T00:00:00+01:00;+;Switzerland;18;Zurich;24;City;1;New;1;Cat. A;1;26;31;25;27;34;30;32;33;51;54;50;51;24;29;25;24
europe;2023-06-30T00:00:00+01:00;+;Switzerland;18;Zurich;24;City;1;Preowend;2;Cat. A;1;10;12;10;10;51;56;49;51;59;61;59;57;12;16;14;12
europe;2023-06-30T00:00:00+01:00;+;Switzerland;18;Zurich;24;Suburb;2;New;1;Cat. A;1;14;18;11;14;50;47;46;49;32;36;32;33;12;10;17;14
europe;2023-06-30T00:00:00+01:00;+;Switzerland;18;Zurich;24;Suburb;2;Preowend;2;Cat. B;2;37;42;33;37;35;29;38;33;20;16;21;22;42;42;38;41
europe;2023-06-30T00:00:00+01:00;+;Switzerland;18;Zurich;24;Suburb;2;Preowend;2;Cat. B;2;64;59;67;63;50;48;52;50;32;32;34;32;58;59;59;58
europe;2023-07-31T00:00:00+01:00;+;Switzerland;18;Zurich;24;City;1;New;1;Cat. A;1;24;23;28;23;32;30;30;33;51;50;50;53;24;22;25;24
europe;2023-07-31T00:00:00+01:00;+;Switzerland;18;Zurich;24;City;1;Preowend;2;Cat. A;1;10;10;13;10;50;53;51;50;53;51;58;55;13;13;14;14
europe;2023-07-31T00:00:00+01:00;+;Switzerland;18;Zurich;24;Suburb;2;New;1;Cat. A;1;13;17;12;15;52;54;51;52;33;37;32;33;12;13;13;13
europe;2023-07-31T00:00:00+01:00;+;Switzerland;18;Zurich;24;Suburb;2;Preowend;2;Cat. B;2;36;33;38;35;36;31;31;37;25;27;20;26;38;32;35;36
europe;2023-07-31T00:00:00+01:00;+;Switzerland;18;Zurich;24;Suburb;2;Preowend;2;Cat. B;2;61;55;66;59;56;59;61;57;28;27;26;28;56;52;63;57
europe;2023-08-31T00:00:00+01:00;+;Switzerland;18;Zurich;24;City;1;New;1;Cat. A;1;28;24;25;27;34;35;37;34;54;54;54;55;25;22;28;25
europe;2023-08-31T00:00:00+01:00;+;Switzerland;18;Zurich;24;City;1;Preowend;2;Cat. A;1;11;10;10;10;57;56;54;56;55;54;54;54;10;10;10;10
europe;2023-08-31T00:00:00+01:00;+;Switzerland;18;Zurich;24;Suburb;2;New;1;Cat. A;1;15;13;19;15;51;53;47;51;31;30;31;30;13;12;10;12
europe;2023-08-31T00:00:00+01:00;+;Switzerland;18;Zurich;24;Suburb;2;Preowend;2;Cat. B;2;42;45;41;40;35;30;38;35;22;18;23;23;40;38;45;40
europe;2023-08-31T00:00:00+01:00;+;Switzerland;18;Zurich;24;Suburb;2;Preowend;2;Cat. B;2;58;61;57;57;56;62;56;55;31;27;29;30;57;62;52;57
europe;2023-09-30T00:00:00+01:00;+;Switzerland;18;Zurich;24;City;1;New;1;Cat. A;1;28;31;25;27;33;35;34;34;57;53;55;57;28;25;26;27
europe;2023-09-30T00:00:00+01:00;+;Switzerland;18;Zurich;24;City;1;Preowend;2;Cat. A;1;11;12;10;12;53;50;56;53;54;53;53;56;11;14;12;10
europe;2023-09-30T00:00:00+01:00;+;Switzerland;18;Zurich;24;Suburb;2;New;1;Cat. A;1;15;19;19;16;50;46;51;50;32;30;28;31;15;17;13;15
europe;2023-09-30T00:00:00+01:00;+;Switzerland;18;Zurich;24;Suburb;2;Preowend;2;Cat. B;2;35;31;32;35;37;39;35;36;20;21;22;19;39;45;38;40
europe;2023-09-30T00:00:00+01:00;+;Switzerland;18;Zurich;24;Suburb;2;Preowend;2;Cat. B;2;58;55;52;58;54;59;55;55;32;30;29;31;64;57;65;63
europe;2023-10-31T00:00:00+01:00;+;Switzerland;18;Zurich;24;City;1;New;1;Cat. A;1;25;26;22;25;38;34;40;37;56;60;53;57;22;22;19;22
europe;2023-10-31T00:00:00+01:00;+;Switzerland;18;Zurich;24;City;1;Preowend;2;Cat. A;1;10;13;10;10;56;59;52;55;52;49;52;53;12;14;13;12
europe;2023-10-31T00:00:00+01:00;+;Switzerland;18;Zurich;24;Suburb;2;New;1;Cat. A;1;15;11;15;14;48;51;45;50;29;33;27;29;11;10;14;12
europe;2023-10-31T00:00:00+01:00;+;Switzerland;18;Zurich;24;Suburb;2;Preowend;2;Cat. B;2;35;35;41;37;35;32;35;36;25;24;30;25;40;37;39;41
europe;2023-10-31T00:00:00+01:00;+;Switzerland;18;Zurich;24;Suburb;2;Preowend;2;Cat. B;2;57;62;58;58;50;56;46;50;29;31;27;29;62;60;65;64
europe;2023-11-30T00:00:00+01:00;+;Switzerland;18;Zurich;24;City;1;New;1;Cat. A;1;30;30;27;28;34;36;36;34;50;48;54;51;28;28;29;27
europe;2023-11-30T00:00:00+01:00;+;Switzerland;18;Zurich;24;City;1;Preowend;2;Cat. A;1;15;16;11;15;50;52;51;50;51;51;55;53;11;11;12;13
europe;2023-11-30T00:00:00+01:00;+;Switzerland;18;Zurich;24;Suburb;2;New;1;Cat. A;1;16;12;11;15;55;50;57;55;35;36;38;36;13;10;10;14
europe;2023-11-30T00:00:00+01:00;+;Switzerland;18;Zurich;24;Suburb;2;Preowend;2;Cat. B;2;40;40;37;42;41;40;45;40;24;22;25;23;36;34;34;36
europe;2023-11-30T00:00:00+01:00;+;Switzerland;18;Zurich;24;Suburb;2;Preowend;2;Cat. B;2;63;65;63;61;51;57;54;51;29;25;34;30;63;68;61;61
europe;2023-12-31T00:00:00+01:00;+;Switzerland;18;Zurich;24;City;1;New;1;Cat. A;1;28;32;30;28;34;30;33;34;56;54;54;58;24;26;28;25
europe;2023-12-31T00:00:00+01:00;+;Switzerland;18;Zurich;24;City;1;Preowend;2;Cat. A;1;13;15;12;15;52;54;54;52;55;55;57;55;13;18;11;15
europe;2023-12-31T00:00:00+01:00;+;Switzerland;18;Zurich;24;Suburb;2;New;1;Cat. A;1;14;16;18;13;52;51;50;52;33;36;31;33;14;14;13;12
europe;2023-12-31T00:00:00+01:00;+;Switzerland;18;Zurich;24;Suburb;2;Preowend;2;Cat. B;2;42;42;38;42;39;42;44;40;23;27;27;25;41;45;35;40
europe;2023-12-31T00:00:00+01:00;+;Switzerland;18;Zurich;24;Suburb;2;Preowend;2;Cat. B;2;60;57;65;60;56;59;55;57;28;31;25;28;56;54;52;56
europe;2024-01-31T00:00:00+01:00;+;Switzerland;18;Zurich;24;City;1;New;1;Cat. A;1;24;26;21;26;36;34;39;35;54;51;56;53;27;29;23;26
europe;2024-01-31T00:00:00+01:00;+;Switzerland;18;Zurich;24;City;1;Preowend;2;Cat. A;1;10;12;12;10;50;50;52;52;54;53;57;54;14;12;15;16
europe;2024-01-31T00:00:00+01:00;+;Switzerland;18;Zurich;24;Suburb;2;New;1;Cat. A;1;12;10;16;14;48;52;49;48;33;37;36;32;15;14;12;14
europe;2024-01-31T00:00:00+01:00;+;Switzerland;18;Zurich;24;Suburb;2;Preowend;2;Cat. B;2;36;32;40;35;39;45;35;41;24;24;29;25;37;39;41;38
europe;2024-01-31T00:00:00+01:00;+;Switzerland;18;Zurich;24;Suburb;2;Preowend;2;Cat. B;2;62;67;57;61;50;52;54;51;31;27;28;32;60;63;54;59
europe;2024-02-29T00:00:00+01:00;+;Switzerland;18;Zurich;24;City;1;New;1;Cat. A;1;29;26;25;27;38;35;35;39;52;48;50;52;23;20;21;23
europe;2024-02-29T00:00:00+01:00;+;Switzerland;18;Zurich;24;City;1;Preowend;2;Cat. A;1;13;10;10;12;52;52;56;52;54;50;51;52;10;10;10;10
europe;2024-02-29T00:00:00+01:00;+;Switzerland;18;Zurich;24;Suburb;2;New;1;Cat. A;1;18;17;22;18;51;53;46;51;30;29;28;30;15;15;19;15
europe;2024-02-29T00:00:00+01:00;+;Switzerland;18;Zurich;24;Suburb;2;Preowend;2;Cat. B;2;40;37;41;40;35;32;34;35;23;26;20;22;38;43;33;39
europe;2024-02-29T00:00:00+01:00;+;Switzerland;18;Zurich;24;Suburb;2;Preowend;2;Cat. B;2;56;58;52;57;53;57;51;53;34;36;32;34;62;64;63;62
europe;2024-03-31T00:00:00+01:00;+;Switzerland;18;Zurich;24;City;1;New;1;Cat. A;1;30;25;28;29;39;38;41;39;56;61;54;56;23;23;27;23
europe;2024-03-31T00:00:00+01:00;+;Switzerland;18;Zurich;24;City;1;Preowend;2;Cat. A;1;14;12;14;14;52;52;48;52;56;52;52;56;10;12;12;12
europe;2024-03-31T00:00:00+01:00;+;Switzerland;18;Zurich;24;Suburb;2;New;1;Cat. A;1;15;16;20;17;52;50;57;52;31;34;28;31;19;17;22;18
europe;2024-03-31T00:00:00+01:00;+;Switzerland;18;Zurich;24;Suburb;2;Preowend;2;Cat. B;2;36;34;37;35;41;43;37;40;21;22;20;19;40;36;40;40
europe;2024-03-31T00:00:00+01:00;+;Switzerland;18;Zurich;24;Suburb;2;Preowend;2;Cat. B;2;62;60;68;62;52;58;46;52;28;28;32;28;58;63;63;60
europe;2024-04-30T00:00:00+01:00;+;Switzerland;18;Zurich;24;City;1;New;1;Cat. A;1;25;23;23;27;33;30;30;34;57;58;56;56;25;23;27;23
europe;2024-04-30T00:00:00+01:00;+;Switzerland;18;Zurich;24;City;1;Preowend;2;Cat. A;1;14;10;13;14;50;47;53;49;57;61;57;57;10;10;14;11
europe;2024-04-30T00:00:00+01:00;+;Switzerland;18;Zurich;24;Suburb;2;New;1;Cat. A;1;13;17;11;12;49;47;46;49;28;29;32;30;14;12;14;14
europe;2024-04-30T00:00:00+01:00;+;Switzerland;18;Zurich;24;Suburb;2;Preowend;2;Cat. B;2;38;39;39;38;36;36;33;37;23;26;17;22;37;34;37;36
europe;2024-04-30T00:00:00+01:00;+;Switzerland;18;Zurich;24;Suburb;2;Preowend;2;Cat. B;2;60;62;57;62;56;49;58;55;28;30;32;29;57;55;57;59
europe;2024-05-31T00:00:00+01:00;+;Switzerland;18;Zurich;24;City;1;New;1;Cat. A;1;27;30;32;29;34;34;35;34;51;54;55;50;28;30;27;27
europe;2024-05-31T00:00:00+01:00;+;Switzerland;18;Zurich;24;City;1;Preowend;2;Cat. A;1;10;11;10;10;51;51;52;50;54;50;52;53;10;13;14;11
europe;2024-05-31T00:00:00+01:00;+;Switzerland;18;Zurich;24;Suburb;2;New;1;Cat. A;1;15;12;12;15;53;54;51;54;32;34;37;32;17;20;13;18
europe;2024-05-31T00:00:00+01:00;+;Switzerland;18;Zurich;24;Suburb;2;Preowend;2;Cat. B;2;35;36;35;35;41;39;35;39;20;16;20;20;40;40;42;41
europe;2024-05-31T00:00:00+01:00;+;Switzerland;18;Zurich;24;Suburb;2;Preowend;2;Cat. B;2;63;63;65;62;52;57;54;52;30;26;29;30;60;59;63;62
europe;2024-06-30T00:00:00+01:00;+;Switzerland;18;Zurich;24;City;1;New;1;Cat. A;1;27;29;25;27;33;35;29;32;56;61;53;58;25;26;22;24
europe;2024-06-30T00:00:00+01:00;+;Switzerland;18;Zurich;24;City;1;Preowend;2;Cat. A;1;12;15;14;12;51;51;46;51;54;50;54;54;14;10;14;13
europe;2024-06-30T00:00:00+01:00;+;Switzerland;18;Zurich;24;Suburb;2;New;1;Cat. A;1;11;15;12;11;52;53;51;51;29;31;28;28;16;11;14;14
europe;2024-06-30T00:00:00+01:00;+;Switzerland;18;Zurich;24;Suburb;2;Preowend;2;Cat. B;2;40;41;42;39;34;35;34;35;18;20;22;19;39;38;40;40
europe;2024-06-30T00:00:00+01:00;+;Switzerland;18;Zurich;24;Suburb;2;Preowend;2;Cat. B;2;61;62;63;59;52;56;50;51;31;32;27;29;64;69;58;62
europe;2024-07-31T00:00:00+01:00;+;Switzerland;18;Zurich;24;City;1;New;1;Cat. A;1;29;27;29;30;39;38;41;39;58;55;60;58;25;25;21;25
europe;2024-07-31T00:00:00+01:00;+;Switzerland;18;Zurich;24;City;1;Preowend;2;Cat. A;1;16;15;11;14;53;52;54;52;59;58;60;57;12;10;11;12
europe;2024-07-31T00:00:00+01:00;+;Switzerland;18;Zurich;24;Suburb;2;New;1;Cat. A;1;17;21;13;18;55;54;58;55;36;38;37;35;17;19;15;16
europe;2024-07-31T00:00:00+01:00;+;Switzerland;18;Zurich;24;Suburb;2;Preowend;2;Cat. B;2;39;36;39;38;35;30;37;34;20;22;18;22;37;38;35;36
europe;2024-07-31T00:00:00+01:00;+;Switzerland;18;Zurich;24;Suburb;2;Preowend;2;Cat. B;2;60;65;60;59;57;59;51;57;30;34;28;31;59;60;58;59
europe;2024-08-31T00:00:00+01:00;+;Switzerland;18;Zurich;24;City;1;New;1;Cat. A;1;26;24;22;25;36;39;32;37;56;58;59;56;29;25;24;29
europe;2024-08-31T00:00:00+01:00;+;Switzerland;18;Zurich;24;City;1;Preowend;2;Cat. A;1;12;10;13;11;55;56;56;56;57;60;54;57;11;13;15;12
europe;2024-08-31T00:00:00+01:00;+;Switzerland;18;Zurich;24;Suburb;2;New;1;Cat. A;1;11;10;13;12;50;50;50;49;32;35;32;31;17;15;18;17
europe;2024-08-31T00:00:00+01:00;+;Switzerland;18;Zurich;24;Suburb;2;Preowend;2;Cat. B;2;40;43;39;40;35;35;40;36;22;23;27;22;36;35;37;38
europe;2024-08-31T00:00:00+01:00;+;Switzerland;18;Zurich;24;Suburb;2;Preowend;2;Cat. B;2;59;53;62;59;50;57;45;52;28;24;29;29;62;58;64;63
europe;2024-09-30T00:00:00+01:00;+;Switzerland;18;Zurich;24;City;1;New;1;Cat. A;1;28;30;29;29;38;41;40;36;58;61;57;56;25;26;26;23
europe;2024-09-30T00:00:00+01:00;+;Switzerland;18;Zurich;24;City;1;Preowend;2;Cat. A;1;11;14;10;11;52;56;55;54;55;55;59;54;16;15;14;16
europe;2024-09-30T00:00:00+01:00;+;Switzerland;18;Zurich;24;Suburb;2;New;1;Cat. A;1;15;16;11;14;49;48;52;49;29;33;29;28;15;18;12;15
europe;2024-09-30T00:00:00+01:00;+;Switzerland;18;Zurich;24;Suburb;2;Preowend;2;Cat. B;2;36;38;35;38;38;42;38;37;20;21;16;19;40;36;39;38
europe;2024-09-30T00:00:00+01:00;+;Switzerland;18;Zurich;24;Suburb;2;Preowend;2;Cat. B;2;57;57;60;57;54;47;54;54;33;28;29;31;57;61;51;56
europe;2024-10-31T00:00:00+01:00;+;Switzerland;18;Zurich;24;City;1;New;1;Cat. A;1;28;27;23;26;31;35;32;31;51;54;50;52;25;24;21;25
europe;2024-10-31T00:00:00+01:00;+;Switzerland;18;Zurich;24;City;1;Preowend;2;Cat. A;1;10;10;10;10;51;48;50;50;57;53;56;56;11;16;10;13
europe;2024-10-31T00:00:00+01:00;+;Switzerland;18;Zurich;24;Suburb;2;New;1;Cat. A;1;15;16;16;14;52;51;49;52;28;25;30;30;14;16;16;15
europe;2024-10-31T00:00:00+01:00;+;Switzerland;18;Zurich;24;Suburb;2;Preowend;2;Cat. B;2;40;38;37;40;37;34;38;36;21;19;17;21;37;35;37;35
europe;2024-10-31T00:00:00+01:00;+;Switzerland;18;Zurich;24;Suburb;2;Preowend;2;Cat. B;2;60;64;62;61;55;49;60;54;30;36;27;31;58;64;54;59
europe;2024-11-30T00:00:00+01:00;+;Switzerland;18;Zurich;24;City;1;New;1;Cat. A;1;28;26;31;28;32;28;33;32;53;52;56;54;28;25;27;28
europe;2024-11-30T00:00:00+01:00;+;Switzerland;18;Zurich;24;City;1;Preowend;2;Cat. A;1;15;18;13;15;52;50;54;53;58;60;60;58;14;19;19;16
europe;2024-11-30T00:00:00+01:00;+;Switzerland;18;Zurich;24;Suburb;2;New;1;Cat. A;1;17;16;22;18;51;49;55;51;35;35;38;36;16;13;12;16
europe;2024-11-30T00:00:00+01:00;+;Switzerland;18;Zurich;24;Suburb;2;Preowend;2;Cat. B;2;34;39;36;36;37;37;34;38;22;18;22;22;39;36;45;41
europe;2024-11-30T00:00:00+01:00;+;Switzerland;18;Zurich;24;Suburb;2;Preowend;2;Cat. B;2;56;55;52;58;50;52;57;50;29;23;24;29;59;56;65;60
europe;2024-12-31T00:00:00+01:00;+;Switzerland;18;Zurich;24;City;1;New;1;Cat. A;1;24;25;27;25;34;35;37;34;51;52;47;50;25;23;25;23
europe;2024-12-31T00:00:00+01:00;+;Switzerland;18;Zurich;24;City;1;Preowend;2;Cat. A;1;10;10;13;10;55;57;58;54;51;51;55;51;10;10;10;10
europe;2024-12-31T00:00:00+01:00;+;Switzerland;18;Zurich;24;Suburb;2;New;1;Cat. A;1;16;14;20;17;52;48;55;51;30;29;28;32;17;19;15;16
europe;2024-12-31T00:00:00+01:00;+;Switzerland;18;Zurich;24;Suburb;2;Preowend;2;Cat. B;2;36;41;41;35;34;30;31;36;25;29;22;25;38;35;42;40
europe;2024-12-31T00:00:00+01:00;+;Switzerland;18;Zurich;24;Suburb;2;Preowend;2;Cat. B;2;64;67;61;62;50;51;46;50;35;34;33;34;59;61;58;58
europe;2025-01-31T00:00:00+01:00;+;Switzerland;18;Zurich;24;City;1;New;1;Cat. A;1;22;23;22;23;34;29;33;33;55;53;60;57;24;21;25;25
europe;2025-01-31T00:00:00+01:00;+;Switzerland;18;Zurich;24;City;1;Preowend;2;Cat. A;1;10;10;10;10;50;52;46;49;54;56;53;55;14;17;17;15
europe;2025-01-31T00:00:00+01:00;+;Switzerland;18;Zurich;24;Suburb;2;New;1;Cat. A;1;15;15;19;15;52;50;53;52;29;25;29;28;17;18;20;18
europe;2025-01-31T00:00:00+01:00;+;Switzerland;18;Zurich;24;Suburb;2;Preowend;2;Cat. B;2;41;46;44;41;33;36;34;34;21;25;19;22;39;35;35;39
europe;2025-01-31T00:00:00+01:00;+;Switzerland;18;Zurich;24;Suburb;2;Preowend;2;Cat. B;2;60;61;55;61;55;48;49;55;34;38;40;34;63;64;57;64
europe;2025-02-28T00:00:00+01:00;+;Switzerland;18;Zurich;24;City;1;New;1;Cat. A;1;25;26;25;23;35;35;35;34;54;54;52;55;28;26;30;28
europe;2025-02-28T00:00:00+01:00;+;Switzerland;18;Zurich;24;City;1;Preowend;2;Cat. A;1;16;11;16;14;54;56;52;54;52;56;54;51;13;17;13;14
europe;2025-02-28T00:00:00+01:00;+;Switzerland;18;Zurich;24;Suburb;2;New;1;Cat. A;1;15;12;17;16;50;53;46;49;30;27;34;31;14;17;10;13
europe;2025-02-28T00:00:00+01:00;+;Switzerland;18;Zurich;24;Suburb;2;Preowend;2;Cat. B;2;41;36;39;39;34;34;38;34;18;24;17;20;39;43;40;38
europe;2025-02-28T00:00:00+01:00;+;Switzerland;18;Zurich;24;Suburb;2;Preowend;2;Cat. B;2;59;59;58;59;55;61;50;55;27;22;34;28;62;56;57;63
europe;2025-03-31T00:00:00+01:00;+;Switzerland;18;Zurich;24;City;1;New;1;Cat. A;1;28;33;25;28;38;41;42;38;53;58;54;54;25;28;27;24
europe;2025-03-31T00:00:00+01:00;+;Switzerland;18;Zurich;24;City;1;Preowend;2;Cat. A;1;13;10;15;13;55;53;52;56;56;53;53;56;11;12;10;12
europe;2025-03-31T00:00:00+01:00;+;Switzerland;18;Zurich;24;Suburb;2;New;1;Cat. A;1;12;10;14;12;49;47;50;50;34;38;33;33;16;19;16;17
europe;2025-03-31T00:00:00+01:00;+;Switzerland;18;Zurich;24;Suburb;2;Preowend;2;Cat. B;2;34;32;40;34;38;42;42;38;24;26;29;24;40;42;42;38
europe;2025-03-31T00:00:00+01:00;+;Switzerland;18;Zurich;24;Suburb;2;Preowend;2;Cat. B;2;56;56;63;57;50;45;53;50;33;28;38;32;64;65;57;62
europe;2025-04-30T00:00:00+01:00;+;Switzerland;18;Zurich;24;City;1;New;1;Cat. A;1;24;22;27;26;34;31;37;36;56;60;53;56;28;29;29;29
europe;2025-04-30T00:00:00+01:00;+;Switzerland;18;Zurich;24;City;1;Preowend;2;Cat. A;1;10;11;10;10;53;54;50;53;52;53;56;52;13;11;14;11
europe;2025-04-30T00:00:00+01:00;+;Switzerland;18;Zurich;24;Suburb;2;New;1;Cat. A;1;13;17;16;12;54;51;53;54;31;31;32;30;14;10;15;14
europe;2025-04-30T00:00:00+01:00;+;Switzerland;18;Zurich;24;Suburb;2;Preowend;2;Cat. B;2;38;39;35;38;35;36;30;35;22;28;22;22;37;33;43;37
europe;2025-04-30T00:00:00+01:00;+;Switzerland;18;Zurich;24;Suburb;2;Preowend;2;Cat. B;2;60;62;58;59;54;59;59;54;29;24;36;29;61;61;55;60
europe;2025-05-31T00:00:00+01:00;+;Switzerland;18;Zurich;24;City;1;New;1;Cat. A;1;29;30;24;29;39;41;34;38;53;52;56;53;30;25;29;29
europe;2025-05-31T00:00:00+01:00;+;Switzerland;18;Zurich;24;City;1;Preowend;2;Cat. A;1;12;16;11;11;54;57;50;53;52;56;48;51;14;16;14;14
europe;2025-05-31T00:00:00+01:00;+;Switzerland;18;Zurich;24;Suburb;2;New;1;Cat. A;1;11;13;10;11;51;54;51;50;29;29;32;28;18;21;13;18
europe;2025-05-31T00:00:00+01:00;+;Switzerland;18;Zurich;24;Suburb;2;Preowend;2;Cat. B;2;36;38;34;38;34;38;35;34;22;19;22;22;36;34;32;37
europe;2025-05-31T00:00:00+01:00;+;Switzerland;18;Zurich;24;Suburb;2;Preowend;2;Cat. B;2;61;61;61;61;50;48;50;50;32;33;27;31;59;61;61;59
europe;2025-06-30T00:00:00+01:00;+;Switzerland;18;Zurich;24;City;1;New;1;Cat. A;1;27;29;25;27;39;35;42;39;57;54;61;56;25;22;25;24
europe;2025-06-30T00:00:00+01:00;+;Switzerland;18;Zurich;24;City;1;Preowend;2;Cat. A;1;10;13;10;11;49;50;51;49;57;59;56;56;14;18;17;16
europe;2025-06-30T00:00:00+01:00;+;Switzerland;18;Zurich;24;Suburb;2;New;1;Cat. A;1;16;20;16;16;49;54;53;51;34;31;33;36;18;16;17;19
europe;2025-06-30T00:00:00+01:00;+;Switzerland;18;Zurich;24;Suburb;2;Preowend;2;Cat. B;2;35;33;36;34;37;33;34;37;18;17;21;18;38;36;41;36
europe;2025-06-30T00:00:00+01:00;+;Switzerland;18;Zurich;24;Suburb;2;Preowend;2;Cat. B;2;57;61;55;58;55;58;53;54;30;28;27;30;61;65;66;60
europe;2025-07-31T00:00:00+01:00;+;Switzerland;18;Zurich;24;City;1;New;1;Cat. A;1;23;23;24;23;38;34;38;36;54;54;50;53;28;27;25;29
europe;2025-07-31T00:00:00+01:00;+;Switzerland;18;Zurich;24;City;1;Preowend;2;Cat. A;1;12;14;11;11;55;50;52;53;55;56;54;55;12;12;17;14
europe;2025-07-31T00:00:00+01:00;+;Switzerland;18;Zurich;24;Suburb;2;New;1;Cat. A;1;18;19;13;16;55;51;53;55;29;30;26;29;12;11;16;12
europe;2025-07-31T00:00:00+01:00;+;Switzerland;18;Zurich;24;Suburb;2;Preowend;2;Cat. B;2;38;33;40;39;36;38;32;38;22;25;23;23;38;40;41;37
europe;2025-07-31T00:00:00+01:00;+;Switzerland;18;Zurich;24;Suburb;2;Preowend;2;Cat. B;2;59;59;57;60;50;53;45;52;32;27;28;30;60;64;62;60
europe;2025-08-31T00:00:00+01:00;+;Switzerland;18;Zurich;24;City;1;New;1;Cat. A;1;24;21;23;23;36;32;39;36;56;61;59;56;26;23;31;28
europe;2025-08-31T00:00:00+01:00;+;Switzerland;18;Zurich;24;City;1;Preowend;2;Cat. A;1;14;13;16;14;57;54;60;57;58;54;59;58;16;17;11;14
europe;2025-08-31T00:00:00+01:00;+;Switzerland;18;Zurich;24;Suburb;2;New;1;Cat. A;1;16;19;12;14;55;51;55;56;31;33;30;33;19;18;20;18
europe;2025-08-31T00:00:00+01:00;+;Switzerland;18;Zurich;24;Suburb;2;Preowend;2;Cat. B;2;38;44;41;40;33;31;39;34;21;27;26;23;39;43;41;38
europe;2025-08-31T00:00:00+01:00;+;Switzerland;18;Zurich;24;Suburb;2;Preowend;2;Cat. B;2;57;60;55;58;51;55;44;51;29;27;33;28;61;63;62;62
europe;2025-09-30T00:00:00+01:00;+;Switzerland;18;Zurich;24;City;1;New;1;Cat. A;1;27;31;26;26;32;34;33;33;57;60;55;57;28;27;26;28
europe;2025-09-30T00:00:00+01:00;+;Switzerland;18;Zurich;24;City;1;Preowend;2;Cat. A;1;10;11;11;10;56;57;55;54;56;59;56;55;15;10;18;14
europe;2025-09-30T00:00:00+01:00;+;Switzerland;18;Zurich;24;Suburb;2;New;1;Cat. A;1;18;16;20;18;52;54;52;53;28;27;31;30;19;22;21;17
europe;2025-09-30T00:00:00+01:00;+;Switzerland;18;Zurich;24;Suburb;2;Preowend;2;Cat. B;2;37;39;40;38;33;32;39;35;21;19;17;21;40;37;43;42
europe;2025-09-30T00:00:00+01:00;+;Switzerland;18;Zurich;24;Suburb;2;Preowend;2;Cat. B;2;59;62;62;59;54;51;50;52;28;30;31;28;59;56;64;58
europe;2025-10-31T00:00:00+01:00;+;Switzerland;18;Zurich;24;City;1;New;1;Cat. A;1;25;27;27;24;36;41;37;36;57;61;57;58;27;27;23;26
europe;2025-10-31T00:00:00+01:00;+;Switzerland;18;Zurich;24;City;1;Preowend;2;Cat. A;1;11;13;10;10;54;56;57;54;55;57;56;56;10;12;12;12
europe;2025-10-31T00:00:00+01:00;+;Switzerland;18;Zurich;24;Suburb;2;New;1;Cat. A;1;18;22;20;18;51;49;49;52;31;26;33;29;13;16;17;15
europe;2025-10-31T00:00:00+01:00;+;Switzerland;18;Zurich;24;Suburb;2;Preowend;2;Cat. B;2;36;33;37;37;33;32;37;33;22;20;25;22;41;43;43;39
europe;2025-10-31T00:00:00+01:00;+;Switzerland;18;Zurich;24;Suburb;2;Preowend;2;Cat. B;2;57;60;62;59;55;54;50;53;29;33;27;29;64;65;68;63
europe;2025-11-30T00:00:00+01:00;+;Switzerland;18;Zurich;24;City;1;New;1;Cat. A;1;23;20;23;24;36;37;39;36;55;58;50;55;26;25;29;27
europe;2025-11-30T00:00:00+01:00;+;Switzerland;18;Zurich;24;City;1;Preowend;2;Cat. A;1;10;10;11;10;55;54;56;54;55;56;50;53;16;12;13;15
europe;2025-11-30T00:00:00+01:00;+;Switzerland;18;Zurich;24;Suburb;2;New;1;Cat. A;1;15;11;17;14;55;51;52;54;30;28;33;31;18;19;18;18
europe;2025-11-30T00:00:00+01:00;+;Switzerland;18;Zurich;24;Suburb;2;Preowend;2;Cat. B;2;36;33;39;38;39;40;36;40;21;22;19;21;36;32;30;36
europe;2025-11-30T00:00:00+01:00;+;Switzerland;18;Zurich;24;Suburb;2;Preowend;2;Cat. B;2;58;58;63;60;52;54;53;51;35;31;28;34;61;58;57;62
europe;2025-12-31T00:00:00+01:00;+;Switzerland;18;Zurich;24;City;1;New;1;Cat. A;1;26;23;22;27;34;30;38;35;58;59;54;56;29;26;28;30
europe;2025-12-31T00:00:00+01:00;+;Switzerland;18;Zurich;24;City;1;Preowend;2;Cat. A;1;11;10;10;11;50;48;48;50;57;57;56;57;11;10;12;10
europe;2025-12-31T00:00:00+01:00;+;Switzerland;18;Zurich;24;Suburb;2;New;1;Cat. A;1;13;10;14;12;52;55;55;53;34;31;31;34;16;15;21;17
europe;2025-12-31T00:00:00+01:00;+;Switzerland;18;Zurich;24;Suburb;2;Preowend;2;Cat. B;2;41;43;43;41;38;38;38;39;22;24;23;21;37;33;31;36
europe;2025-12-31T00:00:00+01:00;+;Switzerland;18;Zurich;24;Suburb;2;Preowend;2;Cat. B;2;62;58;68;63;51;56;46;49;32;39;28;33;59;64;56;58
europe;2026-01-31T00:00:00+01:00;+;Switzerland;18;Zurich;24;City;1;New;1;Cat. A;1;29;31;31;29;33;33;33;32;55;54;56;56;25;27;28;24
europe;2026-01-31T00:00:00+01:00;+;Switzerland;18;Zurich;24;City;1;Preowend;2;Cat. A;1;12;10;12;12;55;53;55;56;58;59;57;58;14;12;18;13
europe;2026-01-31T00:00:00+01:00;+;Switzerland;18;Zurich;24;Suburb;2;New;1;Cat. A;1;18;13;19;17;56;52;51;54;32;34;35;31;12;10;16;11
europe;2026-01-31T00:00:00+01:00;+;Switzerland;18;Zurich;24;Suburb;2;Preowend;2;Cat. B;2;39;44;38;38;37;35;41;37;20;20;23;20;36;37;30;34
europe;2026-01-31T00:00:00+01:00;+;Switzerland;18;Zurich;24;Suburb;2;Preowend;2;Cat. B;2;58;58;63;59;54;57;57;55;31;31;38;33;58;55;54;57
europe;2026-02-28T00:00:00+01:00;+;Switzerland;18;Zurich;24;City;1;New;1;Cat. A;1;27;26;27;28;33;34;34;33;55;57;50;55;24;27;24;24
europe;2026-02-28T00:00:00+01:00;+;Switzerland;18;Zurich;24;City;1;Preowend;2;Cat. A;1;15;14;13;14;51;55;51;51;57;52;59;55;12;10;10;12
europe;2026-02-28T00:00:00+01:00;+;Switzerland;18;Zurich;24;Suburb;2;New;1;Cat. A;1;12;11;15;13;50;47;46;50;35;31;35;34;12;15;16;13
europe;2026-02-28T00:00:00+01:00;+;Switzerland;18;Zurich;24;Suburb;2;Preowend;2;Cat. B;2;40;41;34;39;34;35;30;35;24;29;25;26;39;33;43;38
europe;2026-02-28T00:00:00+01:00;+;Switzerland;18;Zurich;24;Suburb;2;Preowend;2;Cat. B;2;57;59;58;57;53;58;57;52;32;33;32;33;57;52;64;58
europe;2026-03-31T00:00:00+01:00;+;Switzerland;18;Zurich;24;City;1;New;1;Cat. A;1;28;30;23;27;37;35;39;37;52;54;54;52;25;23;24;26
europe;2026-03-31T00:00:00+01:00;+;Switzerland;18;Zurich;24;City;1;Preowend;2;Cat. A;1;12;15;10;14;54;55;54;54;54;59;54;56;15;18;13;16
europe;2026-03-31T00:00:00+01:00;+;Switzerland;18;Zurich;24;Suburb;2;New;1;Cat. A;1;14;10;10;13;52;49;53;53;36;36;33;35;13;16;17;14
europe;2026-03-31T00:00:00+01:00;+;Switzerland;18;Zurich;24;Suburb;2;Preowend;2;Cat. B;2;38;36;36;37;33;39;36;35;20;17;26;20;41;39;42;40
europe;2026-03-31T00:00:00+01:00;+;Switzerland;18;Zurich;24;Suburb;2;Preowend;2;Cat. B;2;60;65;55;60;50;49;54;49;31;27;38;31;62;69;57;62
europe;2026-04-30T00:00:00+01:00;+;Switzerland;18;Zurich;24;City;1;New;1;Cat. A;1;27;27;30;27;36;32;32;36;53;52;55;53;26;21;27;24
europe;2026-04-30T00:00:00+01:00;+;Switzerland;18;Zurich;24;City;1;Preowend;2;Cat. A;1;10;10;12;10;55;53;52;55;58;60;55;58;10;10;11;10
europe;2026-04-30T00:00:00+01:00;+;Switzerland;18;Zurich;24;Suburb;2;New;1;Cat. A;1;14;16;14;12;51;49;53;51;34;33;32;34;17;15;13;17
europe;2026-04-30T00:00:00+01:00;+;Switzerland;18;Zurich;24;Suburb;2;Preowend;2;Cat. B;2;38;33;36;38;37;36;42;38;23;19;27;24;37;37;41;36
europe;2026-04-30T00:00:00+01:00;+;Switzerland;18;Zurich;24;Suburb;2;Preowend;2;Cat. B;2;60;59;55;60;55;59;52;56;32;26;35;33;62;69;64;63
europe;2026-05-31T00:00:00+01:00;+;Switzerland;18;Zurich;24;City;1;New;1;Cat. A;1;28;27;30;29;32;28;35;31;57;54;61;56;25;22;22;24
europe;2026-05-31T00:00:00+01:00;+;Switzerland;18;Zurich;24;City;1;Preowend;2;Cat. A;1;10;13;10;10;50;51;47;50;57;58;59;57;12;15;15;14
europe;2026-05-31T00:00:00+01:00;+;Switzerland;18;Zurich;24;Suburb;2;New;1;Cat. A;1;14;12;16;14;55;54;53;54;31;29;28;31;18;19;19;18
europe;2026-05-31T00:00:00+01:00;+;Switzerland;18;Zurich;24;Suburb;2;Preowend;2;Cat. B;2;38;39;43;38;39;41;37;40;20;25;26;21;38;37;34;37
europe;2026-05-31T00:00:00+01:00;+;Switzerland;18;Zurich;24;Suburb;2;Preowend;2;Cat. B;2;59;62;53;60;49;47;47;49;32;37;29;31;62;57;56;61
europe;2026-06-30T00:00:00+01:00;+;Switzerland;18;Zurich;24;City;1;New;1;Cat. A;1;28;25;30;28;34;38;34;34;56;55;56;55;24;19;26;24
europe;2026-06-30T00:00:00+01:00;+;Switzerland;18;Zurich;24;City;1;Preowend;2;Cat. A;1;13;11;12;12;51;52;47;50;56;60;54;56;15;17;12;15
europe;2026-06-30T00:00:00+01:00;+;Switzerland;18;Zurich;24;Suburb;2;New;1;Cat. A;1;16;12;17;17;48;49;46;48;30;33;33;31;15;14;12;16
europe;2026-06-30T00:00:00+01:00;+;Switzerland;18;Zurich;24;Suburb;2;Preowend;2;Cat. B;2;38;43;43;39;37;31;39;36;22;26;23;21;37;35;42;39
europe;2026-06-30T00:00:00+01:00;+;Switzerland;18;Zurich;24;Suburb;2;Preowend;2;Cat. B;2;58;60;60;58;51;51;51;51;33;34;34;31;62;68;59;62
europe;2026-07-31T00:00:00+01:00;+;Switzerland;18;Zurich;24;City;1;New;1;Cat. A;1;26;27;29;26;36;34;39;36;55;52;53;53;26;30;24;27
europe;2026-07-31T00:00:00+01:00;+;Switzerland;18;Zurich;24;City;1;Preowend;2;Cat. A;1;12;12;10;10;52;52;55;53;57;55;55;58;11;14;15;10
europe;2026-07-31T00:00:00+01:00;+;Switzerland;18;Zurich;24;Suburb;2;New;1;Cat. A;1;15;12;14;14;49;46;48;49;32;35;34;32;14;13;11;14
europe;2026-07-31T00:00:00+01:00;+;Switzerland;18;Zurich;24;Suburb;2;Preowend;2;Cat. B;2;40;41;45;41;41;38;42;41;19;18;16;21;41;36;40;39
europe;2026-07-31T00:00:00+01:00;+;Switzerland;18;Zurich;24;Suburb;2;Preowend;2;Cat. B;2;60;61;67;62;54;49;53;55;29;22;26;28;63;60;60;63
europe;2026-08-31T00:00:00+01:00;+;Switzerland;18;Zurich;24;City;1;New;1;Cat. A;1;26;29;22;25;31;31;32;31;57;61;54;58;26;22;23;25
europe;2026-08-31T00:00:00+01:00;+;Switzerland;18;Zurich;24;City;1;Preowend;2;Cat. A;1;14;11;19;15;57;52;58;57;55;56;56;55;13;15;15;12
europe;2026-08-31T00:00:00+01:00;+;Switzerland;18;Zurich;24;Suburb;2;New;1;Cat. A;1;13;10;12;11;51;54;55;51;36;31;36;36;16;16;19;14
europe;2026-08-31T00:00:00+01:00;+;Switzerland;18;Zurich;24;Suburb;2;Preowend;2;Cat. B;2;38;42;39;37;40;44;43;40;19;21;16;19;36;32;35;36
europe;2026-08-31T00:00:00+01:00;+;Switzerland;18;Zurich;24;Suburb;2;Preowend;2;Cat. B;2;59;64;60;58;49;51;49;51;31;33;30;29;56;61;55;58
europe;2026-09-30T00:00:00+01:00;+;Switzerland;18;Zurich;24;City;1;New;1;Cat. A;1;25;22;25;26;37;41;36;36;54;51;50;53;25;24;28;25
europe;2026-09-30T00:00:00+01:00;+;Switzerland;18;Zurich;24;City;1;Preowend;2;Cat. A;1;10;10;13;10;53;55;48;53;56;56;54;56;16;13;14;16
europe;2026-09-30T00:00:00+01:00;+;Switzerland;18;Zurich;24;Suburb;2;New;1;Cat. A;1;17;17;16;18;54;54;58;53;30;30;35;32;16;14;14;17
europe;2026-09-30T00:00:00+01:00;+;Switzerland;18;Zurich;24;Suburb;2;Preowend;2;Cat. B;2;40;44;39;39;41;40;36;39;22;24;21;21;37;35;36;38
europe;2026-09-30T00:00:00+01:00;+;Switzerland;18;Zurich;24;Suburb;2;Preowend;2;Cat. B;2;58;62;60;58;49;51;49;49;32;28;36;33;62;59;61;62
europe;2026-10-31T00:00:00+01:00;+;Switzerland;18;Zurich;24;City;1;New;1;Cat. A;1;26;24;26;26;37;39;38;37;51;56;48;52;22;22;24;22
europe;2026-10-31T00:00:00+01:00;+;Switzerland;18;Zurich;24;City;1;Preowend;2;Cat. A;1;10;10;10;10;54;49;53;54;56;57;53;57;12;15;10;12
europe;2026-10-31T00:00:00+01:00;+;Switzerland;18;Zurich;24;Suburb;2;New;1;Cat. A;1;15;19;18;16;49;49;53;49;31;29;32;32;17;16;19;16
europe;2026-10-31T00:00:00+01:00;+;Switzerland;18;Zurich;24;Suburb;2;Preowend;2;Cat. B;2;40;36;44;38;34;31;32;35;22;17;22;21;37;32;33;36
europe;2026-10-31T00:00:00+01:00;+;Switzerland;18;Zurich;24;Suburb;2;Preowend;2;Cat. B;2;60;60;64;58;50;49;57;50;34;35;35;34;58;63;60;59
australia;2020-01-31T00:00:00+01:00;+;New Zealand;19;Auckland;25;City;1;New;1;Cat. A;1;29;31;25;27;37;41;40;36;55;50;55;53;25;22;28;25
australia;2020-01-31T00:00:00+01:00;+;New Zealand;19;Auckland;25;City;1;Preowend;2;Cat. A;1;12;11;12;14;56;57;56;55;53;53;51;53;15;17;15;15
australia;2020-01-31T00:00:00+01:00;+;New Zealand;19;Auckland;25;Suburb;2;New;1;Cat. A;1;14;16;12;13;48;45;53;50;29;30;32;30;18;17;15;18
australia;2020-01-31T00:00:00+01:00;+;New Zealand;19;Auckland;25;Suburb;2;Preowend;2;Cat. B;2;38;37;42;38;39;35;42;40;24;19;25;25;39;43;36;39
australia;2020-01-31T00:00:00+01:00;+;New Zealand;19;Auckland;25;Suburb;2;Preowend;2;Cat. B;2;60;61;65;62;51;54;57;51;31;26;25;30;56;60;59;58
australia;2020-02-29T00:00:00+01:00;+;New Zealand;19;Auckland;25;City;1;New;1;Cat. A;1;25;29;30;26;33;35;29;31;52;55;52;54;27;29;30;29
australia;2020-02-29T00:00:00+01:00;+;New Zealand;19;Auckland;25;City;1;Preowend;2;Cat. A;1;11;10;12;12;54;57;55;54;56;56;58;56;16;19;19;16
australia;2020-02-29T00:00:00+01:00;+;New Zealand;19;Auckland;25;Suburb;2;New;1;Cat. A;1;15;20;20;17;54;50;58;53;34;31;38;34;18;16;17;19
australia;2020-02-29T00:00:00+01:00;+;New Zealand;19;Auckland;25;Suburb;2;Preowend;2;Cat. B;2;38;41;33;39;35;34;37;35;21;19;19;20;40;43;38;40
australia;2020-02-29T00:00:00+01:00;+;New Zealand;19;Auckland;25;Suburb;2;Preowend;2;Cat. B;2;64;68;64;63;51;48;53;50;28;34;32;28;61;62;54;60
australia;2020-03-31T00:00:00+01:00;+;New Zealand;19;Auckland;25;City;1;New;1;Cat. A;1;23;20;27;25;36;37;38;37;54;53;51;52;29;25;32;27
australia;2020-03-31T00:00:00+01:00;+;New Zealand;19;Auckland;25;City;1;Preowend;2;Cat. A;1;10;12;10;10;55;53;55;55;55;54;58;56;16;18;15;15
australia;2020-03-31T00:00:00+01:00;+;New Zealand;19;Auckland;25;Suburb;2;New;1;Cat. A;1;13;11;10;11;49;53;54;49;29;25;29;28;14;12;11;13
australia;2020-03-31T00:00:00+01:00;+;New Zealand;19;Auckland;25;Suburb;2;Preowend;2;Cat. B;2;42;37;37;42;36;40;33;35;23;21;18;23;38;40;39;38
australia;2020-03-31T00:00:00+01:00;+;New Zealand;19;Auckland;25;Suburb;2;Preowend;2;Cat. B;2;62;65;66;62;52;56;52;52;28;23;23;28;60;63;64;59
australia;2020-04-30T00:00:00+01:00;+;New Zealand;19;Auckland;25;City;1;New;1;Cat. A;1;29;27;27;28;35;30;31;33;52;54;47;50;23;28;21;25
australia;2020-04-30T00:00:00+01:00;+;New Zealand;19;Auckland;25;City;1;Preowend;2;Cat. A;1;11;13;13;10;51;49;52;49;52;55;50;52;14;11;15;15
australia;2020-04-30T00:00:00+01:00;+;New Zealand;19;Auckland;25;Suburb;2;New;1;Cat. A;1;13;10;14;13;53;55;53;53;33;35;30;33;16;14;18;15
australia;2020-04-30T00:00:00+01:00;+;New Zealand;19;Auckland;25;Suburb;2;Preowend;2;Cat. B;2;38;36;38;36;34;32;29;34;20;15;19;18;36;35;42;36
australia;2020-04-30T00:00:00+01:00;+;New Zealand;19;Auckland;25;Suburb;2;Preowend;2;Cat. B;2;56;51;60;56;54;48;55;54;30;35;28;31;61;64;64;60
australia;2020-05-31T00:00:00+01:00;+;New Zealand;19;Auckland;25;City;1;New;1;Cat. A;1;27;22;25;26;33;38;35;34;52;51;51;53;23;25;28;23
australia;2020-05-31T00:00:00+01:00;+;New Zealand;19;Auckland;25;City;1;Preowend;2;Cat. A;1;15;14;11;14;49;52;53;50;51;49;52;52;16;14;12;15
australia;2020-05-31T00:00:00+01:00;+;New Zealand;19;Auckland;25;Suburb;2;New;1;Cat. A;1;14;14;15;16;51;52;55;52;30;29;31;30;18;16;14;17
australia;2020-05-31T00:00:00+01:00;+;New Zealand;19;Auckland;25;Suburb;2;Preowend;2;Cat. B;2;40;34;36;38;33;29;30;34;25;21;29;26;41;44;35;40
australia;2020-05-31T00:00:00+01:00;+;New Zealand;19;Auckland;25;Suburb;2;Preowend;2;Cat. B;2;61;63;68;62;49;51;49;49;35;37;30;34;61;62;65;61
australia;2020-06-30T00:00:00+01:00;+;New Zealand;19;Auckland;25;City;1;New;1;Cat. A;1;28;31;27;30;31;36;32;31;54;55;54;53;27;30;29;25
australia;2020-06-30T00:00:00+01:00;+;New Zealand;19;Auckland;25;City;1;Preowend;2;Cat. A;1;10;12;10;10;50;53;52;50;52;55;54;52;10;11;11;10
australia;2020-06-30T00:00:00+01:00;+;New Zealand;19;Auckland;25;Suburb;2;New;1;Cat. A;1;17;14;20;17;54;53;51;54;35;36;36;34;18;13;13;16
australia;2020-06-30T00:00:00+01:00;+;New Zealand;19;Auckland;25;Suburb;2;Preowend;2;Cat. B;2;41;44;40;40;38;36;38;38;19;16;21;20;37;42;37;37
australia;2020-06-30T00:00:00+01:00;+;New Zealand;19;Auckland;25;Suburb;2;Preowend;2;Cat. B;2;61;54;63;61;54;53;54;54;29;30;23;28;58;57;61;57
australia;2020-07-31T00:00:00+01:00;+;New Zealand;19;Auckland;25;City;1;New;1;Cat. A;1;25;28;22;26;32;29;35;31;52;48;50;51;29;27;30;29
australia;2020-07-31T00:00:00+01:00;+;New Zealand;19;Auckland;25;City;1;Preowend;2;Cat. A;1;10;10;10;10;55;53;53;56;56;58;57;56;10;10;10;10
australia;2020-07-31T00:00:00+01:00;+;New Zealand;19;Auckland;25;Suburb;2;New;1;Cat. A;1;12;10;13;13;49;53;47;50;31;35;31;33;12;12;15;14
australia;2020-07-31T00:00:00+01:00;+;New Zealand;19;Auckland;25;Suburb;2;Preowend;2;Cat. B;2;41;37;44;40;35;39;34;34;18;16;14;19;41;42;40;42
australia;2020-07-31T00:00:00+01:00;+;New Zealand;19;Auckland;25;Suburb;2;Preowend;2;Cat. B;2;60;61;62;60;56;52;55;55;32;29;30;30;61;64;55;61
australia;2020-08-31T00:00:00+01:00;+;New Zealand;19;Auckland;25;City;1;New;1;Cat. A;1;30;27;30;29;33;32;38;34;51;48;50;53;29;30;26;29
australia;2020-08-31T00:00:00+01:00;+;New Zealand;19;Auckland;25;City;1;Preowend;2;Cat. A;1;10;11;11;10;53;53;52;55;58;61;59;57;16;12;19;14
australia;2020-08-31T00:00:00+01:00;+;New Zealand;19;Auckland;25;Suburb;2;New;1;Cat. A;1;19;14;19;17;56;54;51;55;32;29;35;33;17;14;22;17
australia;2020-08-31T00:00:00+01:00;+;New Zealand;19;Auckland;25;Suburb;2;Preowend;2;Cat. B;2;42;40;36;40;35;35;39;34;20;21;24;19;40;35;43;40
australia;2020-08-31T00:00:00+01:00;+;New Zealand;19;Auckland;25;Suburb;2;Preowend;2;Cat. B;2;56;58;52;58;55;49;58;55;28;26;34;28;59;64;57;58
australia;2020-09-30T00:00:00+01:00;+;New Zealand;19;Auckland;25;City;1;New;1;Cat. A;1;29;28;33;29;35;38;34;36;56;55;54;54;24;24;24;23
australia;2020-09-30T00:00:00+01:00;+;New Zealand;19;Auckland;25;City;1;Preowend;2;Cat. A;1;13;15;10;13;53;51;55;52;55;59;55;55;11;10;14;10
australia;2020-09-30T00:00:00+01:00;+;New Zealand;19;Auckland;25;Suburb;2;New;1;Cat. A;1;14;10;10;13;54;56;55;55;34;35;32;36;16;17;16;16
australia;2020-09-30T00:00:00+01:00;+;New Zealand;19;Auckland;25;Suburb;2;Preowend;2;Cat. B;2;37;35;42;39;37;38;40;36;24;28;24;22;40;45;36;41
australia;2020-09-30T00:00:00+01:00;+;New Zealand;19;Auckland;25;Suburb;2;Preowend;2;Cat. B;2;56;61;55;56;52;53;58;52;34;32;39;35;56;58;54;58
australia;2020-10-31T00:00:00+01:00;+;New Zealand;19;Auckland;25;City;1;New;1;Cat. A;1;24;23;22;23;31;31;33;33;52;49;54;53;24;21;25;22
australia;2020-10-31T00:00:00+01:00;+;New Zealand;19;Auckland;25;City;1;Preowend;2;Cat. A;1;10;11;10;10;50;49;50;50;58;60;56;58;11;11;10;11
australia;2020-10-31T00:00:00+01:00;+;New Zealand;19;Auckland;25;Suburb;2;New;1;Cat. A;1;18;18;21;17;50;48;53;52;32;32;29;31;18;17;21;19
australia;2020-10-31T00:00:00+01:00;+;New Zealand;19;Auckland;25;Suburb;2;Preowend;2;Cat. B;2;41;43;44;40;33;37;32;33;18;18;22;20;39;41;42;40
australia;2020-10-31T00:00:00+01:00;+;New Zealand;19;Auckland;25;Suburb;2;Preowend;2;Cat. B;2;56;59;59;56;54;59;51;52;31;34;33;29;61;56;58;60
australia;2020-11-30T00:00:00+01:00;+;New Zealand;19;Auckland;25;City;1;New;1;Cat. A;1;27;30;24;26;37;41;37;38;57;58;52;57;24;23;26;23
australia;2020-11-30T00:00:00+01:00;+;New Zealand;19;Auckland;25;City;1;Preowend;2;Cat. A;1;10;10;13;10;51;55;50;51;57;55;60;57;10;10;11;10
australia;2020-11-30T00:00:00+01:00;+;New Zealand;19;Auckland;25;Suburb;2;New;1;Cat. A;1;18;21;16;17;51;47;47;50;29;32;31;29;19;16;21;17
australia;2020-11-30T00:00:00+01:00;+;New Zealand;19;Auckland;25;Suburb;2;Preowend;2;Cat. B;2;38;37;37;40;39;44;36;40;21;27;24;23;40;35;42;38
australia;2020-11-30T00:00:00+01:00;+;New Zealand;19;Auckland;25;Suburb;2;Preowend;2;Cat. B;2;60;55;58;60;53;54;49;51;28;24;26;29;62;57;62;61
australia;2020-12-31T00:00:00+01:00;+;New Zealand;19;Auckland;25;City;1;New;1;Cat. A;1;28;25;31;29;33;35;29;32;53;55;52;53;26;30;25;27
australia;2020-12-31T00:00:00+01:00;+;New Zealand;19;Auckland;25;City;1;Preowend;2;Cat. A;1;15;11;10;14;56;51;54;56;53;56;57;55;12;11;17;14
australia;2020-12-31T00:00:00+01:00;+;New Zealand;19;Auckland;25;Suburb;2;New;1;Cat. A;1;18;16;21;17;51;49;46;51;31;30;35;33;17;13;16;16
australia;2020-12-31T00:00:00+01:00;+;New Zealand;19;Auckland;25;Suburb;2;Preowend;2;Cat. B;2;39;37;40;40;37;33;34;35;19;22;17;21;39;42;40;38
australia;2020-12-31T00:00:00+01:00;+;New Zealand;19;Auckland;25;Suburb;2;Preowend;2;Cat. B;2;63;69;67;62;54;49;60;55;28;30;22;27;60;62;57;59
australia;2021-01-31T00:00:00+01:00;+;New Zealand;19;Auckland;25;City;1;New;1;Cat. A;1;27;23;24;27;31;32;32;32;50;49;47;52;24;27;23;25
australia;2021-01-31T00:00:00+01:00;+;New Zealand;19;Auckland;25;City;1;Preowend;2;Cat. A;1;13;15;11;12;53;57;57;53;55;51;57;53;12;16;16;13
australia;2021-01-31T00:00:00+01:00;+;New Zealand;19;Auckland;25;Suburb;2;New;1;Cat. A;1;11;13;10;13;53;56;58;55;33;28;34;32;18;18;15;19
australia;2021-01-31T00:00:00+01:00;+;New Zealand;19;Auckland;25;Suburb;2;Preowend;2;Cat. B;2;39;36;39;38;39;36;43;37;23;23;24;22;38;36;37;36
australia;2021-01-31T00:00:00+01:00;+;New Zealand;19;Auckland;25;Suburb;2;Preowend;2;Cat. B;2;60;60;61;59;54;49;58;54;31;30;33;30;60;55;62;61
australia;2021-02-28T00:00:00+01:00;+;New Zealand;19;Auckland;25;City;1;New;1;Cat. A;1;29;29;29;30;37;34;35;37;56;52;56;55;24;24;25;23
australia;2021-02-28T00:00:00+01:00;+;New Zealand;19;Auckland;25;City;1;Preowend;2;Cat. A;1;10;13;10;10;51;55;56;51;59;59;62;59;14;17;12;16
australia;2021-02-28T00:00:00+01:00;+;New Zealand;19;Auckland;25;Suburb;2;New;1;Cat. A;1;12;11;10;13;50;46;49;51;33;28;32;31;17;17;14;18
australia;2021-02-28T00:00:00+01:00;+;New Zealand;19;Auckland;25;Suburb;2;Preowend;2;Cat. B;2;37;31;39;37;37;37;37;36;22;26;24;22;42;45;43;40
australia;2021-02-28T00:00:00+01:00;+;New Zealand;19;Auckland;25;Suburb;2;Preowend;2;Cat. B;2;64;65;60;64;52;57;48;52;33;37;32;33;61;66;63;62
australia;2021-03-31T00:00:00+01:00;+;New Zealand;19;Auckland;25;City;1;New;1;Cat. A;1;26;24;29;27;34;35;35;34;52;52;56;52;24;23;29;24
australia;2021-03-31T00:00:00+01:00;+;New Zealand;19;Auckland;25;City;1;Preowend;2;Cat. A;1;10;10;10;10;54;56;56;55;56;61;57;56;11;14;10;11
australia;2021-03-31T00:00:00+01:00;+;New Zealand;19;Auckland;25;Suburb;2;New;1;Cat. A;1;16;19;14;18;52;51;49;52;32;34;28;33;17;18;18;19
australia;2021-03-31T00:00:00+01:00;+;New Zealand;19;Auckland;25;Suburb;2;Preowend;2;Cat. B;2;38;41;33;38;36;36;35;36;24;24;27;23;38;40;38;38
australia;2021-03-31T00:00:00+01:00;+;New Zealand;19;Auckland;25;Suburb;2;Preowend;2;Cat. B;2;59;61;56;59;52;53;47;53;33;31;36;35;56;61;55;58
australia;2021-04-30T00:00:00+01:00;+;New Zealand;19;Auckland;25;City;1;New;1;Cat. A;1;28;30;24;29;37;33;40;36;54;58;58;53;27;24;27;28
australia;2021-04-30T00:00:00+01:00;+;New Zealand;19;Auckland;25;City;1;Preowend;2;Cat. A;1;10;13;12;10;51;48;49;52;55;52;54;55;11;10;10;10
australia;2021-04-30T00:00:00+01:00;+;New Zealand;19;Auckland;25;Suburb;2;New;1;Cat. A;1;16;17;17;16;53;52;51;53;33;34;34;33;14;10;10;13
australia;2021-04-30T00:00:00+01:00;+;New Zealand;19;Auckland;25;Suburb;2;Preowend;2;Cat. B;2;37;38;33;35;35;37;41;35;22;22;24;23;37;40;34;39
australia;2021-04-30T00:00:00+01:00;+;New Zealand;19;Auckland;25;Suburb;2;Preowend;2;Cat. B;2;61;60;57;61;52;53;53;52;28;29;31;28;64;67;68;64
australia;2021-05-31T00:00:00+01:00;+;New Zealand;19;Auckland;25;City;1;New;1;Cat. A;1;23;24;26;24;36;40;34;38;52;55;53;52;28;25;26;27
australia;2021-05-31T00:00:00+01:00;+;New Zealand;19;Auckland;25;City;1;Preowend;2;Cat. A;1;15;11;13;16;55;54;54;53;55;58;52;54;12;14;13;12
australia;2021-05-31T00:00:00+01:00;+;New Zealand;19;Auckland;25;Suburb;2;New;1;Cat. A;1;14;16;17;14;50;53;51;50;31;32;26;31;17;21;19;16
australia;2021-05-31T00:00:00+01:00;+;New Zealand;19;Auckland;25;Suburb;2;Preowend;2;Cat. B;2;40;37;39;40;33;38;33;35;20;26;20;21;35;37;34;34
australia;2021-05-31T00:00:00+01:00;+;New Zealand;19;Auckland;25;Suburb;2;Preowend;2;Cat. B;2;60;58;58;60;51;46;51;51;31;26;25;32;58;56;59;59
australia;2021-06-30T00:00:00+01:00;+;New Zealand;19;Auckland;25;City;1;New;1;Cat. A;1;23;27;25;23;37;35;33;36;54;50;53;54;26;23;29;24
australia;2021-06-30T00:00:00+01:00;+;New Zealand;19;Auckland;25;City;1;Preowend;2;Cat. A;1;11;10;10;11;53;53;56;52;55;58;51;56;13;14;10;12
australia;2021-06-30T00:00:00+01:00;+;New Zealand;19;Auckland;25;Suburb;2;New;1;Cat. A;1;14;12;11;13;53;56;56;54;34;36;33;33;17;20;14;18
australia;2021-06-30T00:00:00+01:00;+;New Zealand;19;Auckland;25;Suburb;2;Preowend;2;Cat. B;2;39;40;41;38;34;36;33;34;23;23;20;23;37;36;33;37
australia;2021-06-30T00:00:00+01:00;+;New Zealand;19;Auckland;25;Suburb;2;Preowend;2;Cat. B;2;57;56;62;59;56;55;53;54;35;32;34;34;60;66;58;61
australia;2021-07-31T00:00:00+01:00;+;New Zealand;19;Auckland;25;City;1;New;1;Cat. A;1;26;25;28;26;35;34;35;36;52;52;51;50;28;26;32;29
australia;2021-07-31T00:00:00+01:00;+;New Zealand;19;Auckland;25;City;1;Preowend;2;Cat. A;1;10;10;10;11;51;49;50;51;55;60;52;55;15;12;10;14
australia;2021-07-31T00:00:00+01:00;+;New Zealand;19;Auckland;25;Suburb;2;New;1;Cat. A;1;12;13;14;13;56;57;57;56;31;28;29;33;13;13;13;13
australia;2021-07-31T00:00:00+01:00;+;New Zealand;19;Auckland;25;Suburb;2;Preowend;2;Cat. B;2;41;36;40;40;36;41;38;36;21;19;17;20;41;44;42;40
australia;2021-07-31T00:00:00+01:00;+;New Zealand;19;Auckland;25;Suburb;2;Preowend;2;Cat. B;2;62;67;65;63;55;62;53;55;28;28;29;30;60;56;54;59
australia;2021-08-31T00:00:00+01:00;+;New Zealand;19;Auckland;25;City;1;New;1;Cat. A;1;27;30;29;27;33;36;32;35;54;54;49;54;29;29;26;28
australia;2021-08-31T00:00:00+01:00;+;New Zealand;19;Auckland;25;City;1;Preowend;2;Cat. A;1;10;13;10;11;49;52;51;49;55;56;58;56;12;12;11;11
australia;2021-08-31T00:00:00+01:00;+;New Zealand;19;Auckland;25;Suburb;2;New;1;Cat. A;1;18;13;16;18;49;51;52;50;29;32;30;30;19;14;15;19
australia;2021-08-31T00:00:00+01:00;+;New Zealand;19;Auckland;25;Suburb;2;Preowend;2;Cat. B;2;40;44;45;40;40;45;38;40;22;23;28;23;38;39;44;40
australia;2021-08-31T00:00:00+01:00;+;New Zealand;19;Auckland;25;Suburb;2;Preowend;2;Cat. B;2;64;67;63;64;54;47;54;54;30;24;35;28;64;61;68;63
australia;2021-09-30T00:00:00+01:00;+;New Zealand;19;Auckland;25;City;1;New;1;Cat. A;1;28;29;25;29;35;34;31;35;58;58;53;57;24;27;21;24
australia;2021-09-30T00:00:00+01:00;+;New Zealand;19;Auckland;25;City;1;Preowend;2;Cat. A;1;12;12;11;11;51;51;47;49;57;60;54;59;12;13;10;10
australia;2021-09-30T00:00:00+01:00;+;New Zealand;19;Auckland;25;Suburb;2;New;1;Cat. A;1;17;19;15;17;55;53;56;54;33;33;31;34;15;14;16;14
australia;2021-09-30T00:00:00+01:00;+;New Zealand;19;Auckland;25;Suburb;2;Preowend;2;Cat. B;2;36;35;33;37;39;40;39;41;22;18;27;22;42;39;37;42
australia;2021-09-30T00:00:00+01:00;+;New Zealand;19;Auckland;25;Suburb;2;Preowend;2;Cat. B;2;59;56;53;59;51;47;53;49;30;28;37;31;62;66;67;62
australia;2021-10-31T00:00:00+01:00;+;New Zealand;19;Auckland;25;City;1;New;1;Cat. A;1;23;26;22;23;33;34;34;34;56;58;54;57;27;30;28;27
australia;2021-10-31T00:00:00+01:00;+;New Zealand;19;Auckland;25;City;1;Preowend;2;Cat. A;1;16;14;14;16;51;52;51;51;56;58;54;58;13;16;13;12
australia;2021-10-31T00:00:00+01:00;+;New Zealand;19;Auckland;25;Suburb;2;New;1;Cat. A;1;17;12;17;16;51;56;51;53;33;37;32;32;14;10;17;14
australia;2021-10-31T00:00:00+01:00;+;New Zealand;19;Auckland;25;Suburb;2;Preowend;2;Cat. B;2;40;44;43;40;38;36;38;38;26;20;27;25;37;38;34;38
australia;2021-10-31T00:00:00+01:00;+;New Zealand;19;Auckland;25;Suburb;2;Preowend;2;Cat. B;2;60;60;53;58;54;56;50;56;34;35;34;33;61;61;59;59
australia;2021-11-30T00:00:00+01:00;+;New Zealand;19;Auckland;25;City;1;New;1;Cat. A;1;28;27;25;29;36;34;32;36;55;51;58;55;28;25;31;29
australia;2021-11-30T00:00:00+01:00;+;New Zealand;19;Auckland;25;City;1;Preowend;2;Cat. A;1;12;11;10;12;52;52;52;51;56;58;54;56;11;15;10;13
australia;2021-11-30T00:00:00+01:00;+;New Zealand;19;Auckland;25;Suburb;2;New;1;Cat. A;1;16;14;14;16;52;52;55;53;33;31;36;35;18;17;15;17
australia;2021-11-30T00:00:00+01:00;+;New Zealand;19;Auckland;25;Suburb;2;Preowend;2;Cat. B;2;35;40;36;35;39;35;34;39;26;29;23;25;37;40;38;38
australia;2021-11-30T00:00:00+01:00;+;New Zealand;19;Auckland;25;Suburb;2;Preowend;2;Cat. B;2;58;61;56;58;52;57;57;50;32;37;27;32;63;62;57;63
australia;2021-12-31T00:00:00+01:00;+;New Zealand;19;Auckland;25;City;1;New;1;Cat. A;1;28;30;27;30;35;32;39;36;51;54;54;53;25;24;23;23
australia;2021-12-31T00:00:00+01:00;+;New Zealand;19;Auckland;25;City;1;Preowend;2;Cat. A;1;13;11;17;14;52;50;55;53;51;51;50;52;15;15;15;15
australia;2021-12-31T00:00:00+01:00;+;New Zealand;19;Auckland;25;Suburb;2;New;1;Cat. A;1;12;10;14;12;50;48;52;49;33;36;30;31;12;10;16;11
australia;2021-12-31T00:00:00+01:00;+;New Zealand;19;Auckland;25;Suburb;2;Preowend;2;Cat. B;2;36;30;38;36;34;36;38;35;23;17;18;23;35;38;31;37
australia;2021-12-31T00:00:00+01:00;+;New Zealand;19;Auckland;25;Suburb;2;Preowend;2;Cat. B;2;59;63;63;59;57;55;58;57;31;32;37;31;59;62;53;58
australia;2022-01-31T00:00:00+01:00;+;New Zealand;19;Auckland;25;City;1;New;1;Cat. A;1;30;32;30;30;38;37;40;38;51;48;51;53;26;30;26;27
australia;2022-01-31T00:00:00+01:00;+;New Zealand;19;Auckland;25;City;1;Preowend;2;Cat. A;1;13;13;10;15;55;56;57;55;54;55;54;54;11;15;10;10
australia;2022-01-31T00:00:00+01:00;+;New Zealand;19;Auckland;25;Suburb;2;New;1;Cat. A;1;17;14;16;18;52;53;53;52;35;36;34;36;13;14;12;13
australia;2022-01-31T00:00:00+01:00;+;New Zealand;19;Auckland;25;Suburb;2;Preowend;2;Cat. B;2;34;35;31;34;37;34;42;36;19;18;20;21;38;35;41;38
australia;2022-01-31T00:00:00+01:00;+;New Zealand;19;Auckland;25;Suburb;2;Preowend;2;Cat. B;2;59;62;66;59;52;49;53;52;34;27;35;34;59;63;58;59
australia;2022-02-28T00:00:00+01:00;+;New Zealand;19;Auckland;25;City;1;New;1;Cat. A;1;23;27;19;23;32;31;28;32;52;55;55;51;28;26;27;29
australia;2022-02-28T00:00:00+01:00;+;New Zealand;19;Auckland;25;City;1;Preowend;2;Cat. A;1;10;10;13;10;56;58;57;55;54;56;53;54;13;11;15;13
australia;2022-02-28T00:00:00+01:00;+;New Zealand;19;Auckland;25;Suburb;2;New;1;Cat. A;1;12;10;10;13;54;57;59;55;35;36;34;34;16;15;12;15
australia;2022-02-28T00:00:00+01:00;+;New Zealand;19;Auckland;25;Suburb;2;Preowend;2;Cat. B;2;39;37;39;39;36;35;33;36;21;20;18;21;40;41;43;41
australia;2022-02-28T00:00:00+01:00;+;New Zealand;19;Auckland;25;Suburb;2;Preowend;2;Cat. B;2;61;64;65;60;55;55;60;53;33;35;31;31;63;67;63;62
australia;2022-03-31T00:00:00+01:00;+;New Zealand;19;Auckland;25;City;1;New;1;Cat. A;1;25;23;27;25;36;34;37;38;53;48;53;53;29;24;31;29
australia;2022-03-31T00:00:00+01:00;+;New Zealand;19;Auckland;25;City;1;Preowend;2;Cat. A;1;14;17;14;14;49;46;50;50;54;52;55;55;15;16;11;15
australia;2022-03-31T00:00:00+01:00;+;New Zealand;19;Auckland;25;Suburb;2;New;1;Cat. A;1;13;13;11;11;52;51;48;51;33;30;36;33;18;21;14;17
australia;2022-03-31T00:00:00+01:00;+;New Zealand;19;Auckland;25;Suburb;2;Preowend;2;Cat. B;2;40;35;45;39;38;43;42;38;24;20;29;25;37;37;36;38
australia;2022-03-31T00:00:00+01:00;+;New Zealand;19;Auckland;25;Suburb;2;Preowend;2;Cat. B;2;62;62;63;64;53;59;56;54;29;32;33;28;60;61;56;60
australia;2022-04-30T00:00:00+01:00;+;New Zealand;19;Auckland;25;City;1;New;1;Cat. A;1;28;31;30;27;33;38;37;35;51;50;47;52;28;28;31;28
australia;2022-04-30T00:00:00+01:00;+;New Zealand;19;Auckland;25;City;1;Preowend;2;Cat. A;1;10;12;14;10;55;54;58;54;56;55;58;56;10;10;14;11
australia;2022-04-30T00:00:00+01:00;+;New Zealand;19;Auckland;25;Suburb;2;New;1;Cat. A;1;16;16;20;15;49;47;52;49;32;32;30;32;14;18;11;13
australia;2022-04-30T00:00:00+01:00;+;New Zealand;19;Auckland;25;Suburb;2;Preowend;2;Cat. B;2;40;41;41;39;40;35;39;39;26;27;24;25;39;40;39;40
australia;2022-04-30T00:00:00+01:00;+;New Zealand;19;Auckland;25;Suburb;2;Preowend;2;Cat. B;2;58;58;61;58;57;62;55;55;34;37;30;33;58;57;53;58
australia;2022-05-31T00:00:00+01:00;+;New Zealand;19;Auckland;25;City;1;New;1;Cat. A;1;24;21;27;23;33;33;36;32;54;54;49;54;27;29;31;28
australia;2022-05-31T00:00:00+01:00;+;New Zealand;19;Auckland;25;City;1;Preowend;2;Cat. A;1;13;17;16;14;52;56;55;53;57;54;56;58;14;12;10;12
australia;2022-05-31T00:00:00+01:00;+;New Zealand;19;Auckland;25;Suburb;2;New;1;Cat. A;1;16;14;14;15;53;52;56;51;30;27;29;29;14;15;19;16
australia;2022-05-31T00:00:00+01:00;+;New Zealand;19;Auckland;25;Suburb;2;Preowend;2;Cat. B;2;36;33;35;34;37;33;39;37;26;25;24;25;34;34;31;34
australia;2022-05-31T00:00:00+01:00;+;New Zealand;19;Auckland;25;Suburb;2;Preowend;2;Cat. B;2;61;56;66;61;56;60;62;56;31;35;36;33;63;57;66;61
australia;2022-06-30T00:00:00+01:00;+;New Zealand;19;Auckland;25;City;1;New;1;Cat. A;1;30;28;30;30;36;36;40;37;54;52;53;55;29;26;27;29
australia;2022-06-30T00:00:00+01:00;+;New Zealand;19;Auckland;25;City;1;Preowend;2;Cat. A;1;12;16;13;11;56;51;52;56;52;52;52;52;12;11;10;12
australia;2022-06-30T00:00:00+01:00;+;New Zealand;19;Auckland;25;Suburb;2;New;1;Cat. A;1;13;10;10;13;55;50;56;54;29;32;31;31;13;12;10;11
australia;2022-06-30T00:00:00+01:00;+;New Zealand;19;Auckland;25;Suburb;2;Preowend;2;Cat. B;2;40;39;40;39;38;43;38;39;20;17;23;19;37;36;41;38
australia;2022-06-30T00:00:00+01:00;+;New Zealand;19;Auckland;25;Suburb;2;Preowend;2;Cat. B;2;58;53;61;58;53;56;55;52;30;24;31;30;61;54;54;61
australia;2022-07-31T00:00:00+01:00;+;New Zealand;19;Auckland;25;City;1;New;1;Cat. A;1;23;27;28;23;33;34;36;33;51;49;49;50;24;21;28;24
australia;2022-07-31T00:00:00+01:00;+;New Zealand;19;Auckland;25;City;1;Preowend;2;Cat. A;1;10;10;10;10;57;59;58;57;56;54;53;56;10;10;10;10
australia;2022-07-31T00:00:00+01:00;+;New Zealand;19;Auckland;25;Suburb;2;New;1;Cat. A;1;12;10;10;12;54;51;51;54;34;33;31;34;13;14;11;12
australia;2022-07-31T00:00:00+01:00;+;New Zealand;19;Auckland;25;Suburb;2;Preowend;2;Cat. B;2;39;43;36;40;40;38;43;41;26;28;27;26;37;35;40;36
australia;2022-07-31T00:00:00+01:00;+;New Zealand;19;Auckland;25;Suburb;2;Preowend;2;Cat. B;2;60;55;65;60;53;51;53;54;29;30;27;28;56;59;61;56
australia;2022-08-31T00:00:00+01:00;+;New Zealand;19;Auckland;25;City;1;New;1;Cat. A;1;26;29;22;25;34;31;36;35;57;59;57;55;23;22;26;23
australia;2022-08-31T00:00:00+01:00;+;New Zealand;19;Auckland;25;City;1;Preowend;2;Cat. A;1;12;10;11;10;55;58;56;56;57;54;52;55;13;17;10;13
australia;2022-08-31T00:00:00+01:00;+;New Zealand;19;Auckland;25;Suburb;2;New;1;Cat. A;1;13;11;18;15;54;58;53;56;31;32;35;31;17;19;16;17
australia;2022-08-31T00:00:00+01:00;+;New Zealand;19;Auckland;25;Suburb;2;Preowend;2;Cat. B;2;38;34;38;36;35;37;35;34;26;28;20;25;36;32;30;34
australia;2022-08-31T00:00:00+01:00;+;New Zealand;19;Auckland;25;Suburb;2;Preowend;2;Cat. B;2;61;62;67;60;54;58;56;55;32;39;37;34;57;58;56;58
australia;2022-09-30T00:00:00+01:00;+;New Zealand;19;Auckland;25;City;1;New;1;Cat. A;1;24;25;25;25;37;41;33;38;56;59;55;55;25;20;20;23
australia;2022-09-30T00:00:00+01:00;+;New Zealand;19;Auckland;25;City;1;Preowend;2;Cat. A;1;10;10;10;11;54;55;53;55;58;57;60;58;12;10;11;13
australia;2022-09-30T00:00:00+01:00;+;New Zealand;19;Auckland;25;Suburb;2;New;1;Cat. A;1;12;15;10;12;54;53;55;52;35;35;37;35;12;10;12;13
australia;2022-09-30T00:00:00+01:00;+;New Zealand;19;Auckland;25;Suburb;2;Preowend;2;Cat. B;2;38;36;33;39;38;35;37;37;20;26;24;22;37;42;34;39
australia;2022-09-30T00:00:00+01:00;+;New Zealand;19;Auckland;25;Suburb;2;Preowend;2;Cat. B;2;57;54;55;58;50;48;54;51;32;35;27;33;61;56;66;61
australia;2022-10-31T00:00:00+01:00;+;New Zealand;19;Auckland;25;City;1;New;1;Cat. A;1;25;27;25;24;32;32;35;34;52;49;55;51;25;26;28;25
australia;2022-10-31T00:00:00+01:00;+;New Zealand;19;Auckland;25;City;1;Preowend;2;Cat. A;1;14;18;16;15;52;54;56;52;53;56;56;54;11;13;14;10
australia;2022-10-31T00:00:00+01:00;+;New Zealand;19;Auckland;25;Suburb;2;New;1;Cat. A;1;18;20;14;16;51;48;48;51;31;32;31;31;19;18;19;17
australia;2022-10-31T00:00:00+01:00;+;New Zealand;19;Auckland;25;Suburb;2;Preowend;2;Cat. B;2;37;36;33;37;36;41;41;37;22;21;24;21;39;35;38;39
australia;2022-10-31T00:00:00+01:00;+;New Zealand;19;Auckland;25;Suburb;2;Preowend;2;Cat. B;2;57;54;63;56;52;46;52;53;33;37;28;32;63;57;65;62
australia;2022-11-30T00:00:00+01:00;+;New Zealand;19;Auckland;25;City;1;New;1;Cat. A;1;29;31;29;29;33;33;33;33;52;50;50;53;28;24;26;26
australia;2022-11-30T00:00:00+01:00;+;New Zealand;19;Auckland;25;City;1;Preowend;2;Cat. A;1;15;17;17;15;50;48;55;50;53;56;57;55;10;10;10;10
australia;2022-11-30T00:00:00+01:00;+;New Zealand;19;Auckland;25;Suburb;2;New;1;Cat. A;1;13;10;16;12;56;53;58;54;31;30;33;32;16;19;16;17
australia;2022-11-30T00:00:00+01:00;+;New Zealand;19;Auckland;25;Suburb;2;Preowend;2;Cat. B;2;36;37;39;37;40;37;42;39;20;22;26;22;40;44;46;41
australia;2022-11-30T00:00:00+01:00;+;New Zealand;19;Auckland;25;Suburb;2;Preowend;2;Cat. B;2;64;62;65;64;52;55;51;52;30;37;34;31;60;58;55;60
australia;2022-12-31T00:00:00+01:00;+;New Zealand;19;Auckland;25;City;1;New;1;Cat. A;1;24;19;19;23;36;34;35;37;53;55;55;55;29;29;25;28
australia;2022-12-31T00:00:00+01:00;+;New Zealand;19;Auckland;25;City;1;Preowend;2;Cat. A;1;14;15;15;15;56;58;57;56;57;53;54;56;16;12;14;14
australia;2022-12-31T00:00:00+01:00;+;New Zealand;19;Auckland;25;Suburb;2;New;1;Cat. A;1;14;12;19;16;54;52;54;54;30;27;28;31;14;15;16;16
australia;2022-12-31T00:00:00+01:00;+;New Zealand;19;Auckland;25;Suburb;2;Preowend;2;Cat. B;2;40;43;35;41;34;34;35;35;20;16;16;20;35;38;35;35
australia;2022-12-31T00:00:00+01:00;+;New Zealand;19;Auckland;25;Suburb;2;Preowend;2;Cat. B;2;60;55;61;59;49;46;51;51;33;30;31;33;59;57;63;58
australia;2023-01-31T00:00:00+01:00;+;New Zealand;19;Auckland;25;City;1;New;1;Cat. A;1;23;26;20;25;36;38;35;36;56;55;55;56;24;25;19;22
australia;2023-01-31T00:00:00+01:00;+;New Zealand;19;Auckland;25;City;1;Preowend;2;Cat. A;1;13;15;16;14;54;57;53;56;56;58;51;54;10;10;10;10
australia;2023-01-31T00:00:00+01:00;+;New Zealand;19;Auckland;25;Suburb;2;New;1;Cat. A;1;18;16;18;16;54;52;53;55;29;33;30;28;14;14;18;14
australia;2023-01-31T00:00:00+01:00;+;New Zealand;19;Auckland;25;Suburb;2;Preowend;2;Cat. B;2;35;34;36;36;38;39;34;36;19;14;19;20;40;38;35;40
australia;2023-01-31T00:00:00+01:00;+;New Zealand;19;Auckland;25;Suburb;2;Preowend;2;Cat. B;2;56;51;55;57;51;52;53;49;29;28;33;28;60;59;55;62
australia;2023-02-28T00:00:00+01:00;+;New Zealand;19;Auckland;25;City;1;New;1;Cat. A;1;26;30;25;25;32;33;33;32;56;61;58;58;26;22;29;24
australia;2023-02-28T00:00:00+01:00;+;New Zealand;19;Auckland;25;City;1;Preowend;2;Cat. A;1;14;16;13;14;52;56;48;51;53;54;56;54;12;12;17;12
australia;2023-02-28T00:00:00+01:00;+;New Zealand;19;Auckland;25;Suburb;2;New;1;Cat. A;1;15;17;11;16;54;53;49;53;34;37;35;33;12;16;14;12
australia;2023-02-28T00:00:00+01:00;+;New Zealand;19;Auckland;25;Suburb;2;Preowend;2;Cat. B;2;37;37;37;38;38;41;42;38;23;29;25;24;42;42;45;41
australia;2023-02-28T00:00:00+01:00;+;New Zealand;19;Auckland;25;Suburb;2;Preowend;2;Cat. B;2;64;59;59;62;55;54;52;55;33;30;27;32;62;59;67;61
australia;2023-03-31T00:00:00+01:00;+;New Zealand;19;Auckland;25;City;1;New;1;Cat. A;1;27;30;24;28;31;34;31;32;58;54;54;57;24;21;19;22
australia;2023-03-31T00:00:00+01:00;+;New Zealand;19;Auckland;25;City;1;Preowend;2;Cat. A;1;12;12;11;14;53;50;53;52;53;50;52;52;10;10;10;10
australia;2023-03-31T00:00:00+01:00;+;New Zealand;19;Auckland;25;Suburb;2;New;1;Cat. A;1;17;16;13;16;52;51;49;52;29;27;29;29;13;17;11;14
australia;2023-03-31T00:00:00+01:00;+;New Zealand;19;Auckland;25;Suburb;2;Preowend;2;Cat. B;2;41;38;40;39;40;43;41;40;19;18;20;19;36;41;37;37
australia;2023-03-31T00:00:00+01:00;+;New Zealand;19;Auckland;25;Suburb;2;Preowend;2;Cat. B;2;56;60;55;58;56;57;53;55;32;32;37;31;60;54;66;61
australia;2023-04-30T00:00:00+01:00;+;New Zealand;19;Auckland;25;City;1;New;1;Cat. A;1;29;32;30;28;38;35;38;37;56;54;51;56;29;25;25;29
australia;2023-04-30T00:00:00+01:00;+;New Zealand;19;Auckland;25;City;1;Preowend;2;Cat. A;1;10;13;10;10;52;52;53;51;56;53;57;54;10;10;11;10
australia;2023-04-30T00:00:00+01:00;+;New Zealand;19;Auckland;25;Suburb;2;New;1;Cat. A;1;17;20;19;17;50;53;49;51;32;29;31;30;15;12;11;14
australia;2023-04-30T00:00:00+01:00;+;New Zealand;19;Auckland;25;Suburb;2;Preowend;2;Cat. B;2;37;35;35;39;34;33;38;36;22;21;26;23;35;33;34;36
australia;2023-04-30T00:00:00+01:00;+;New Zealand;19;Auckland;25;Suburb;2;Preowend;2;Cat. B;2;61;65;55;62;51;48;44;51;32;26;29;31;57;54;56;58
australia;2023-05-31T00:00:00+01:00;+;New Zealand;19;Auckland;25;City;1;New;1;Cat. A;1;24;25;26;24;34;29;37;34;56;54;54;56;25;25;20;24
australia;2023-05-31T00:00:00+01:00;+;New Zealand;19;Auckland;25;City;1;Preowend;2;Cat. A;1;13;11;11;13;51;51;48;51;56;58;61;58;12;12;17;13
australia;2023-05-31T00:00:00+01:00;+;New Zealand;19;Auckland;25;Suburb;2;New;1;Cat. A;1;17;13;12;16;53;50;54;54;34;36;34;34;14;10;18;15
australia;2023-05-31T00:00:00+01:00;+;New Zealand;19;Auckland;25;Suburb;2;Preowend;2;Cat. B;2;35;34;33;37;37;41;34;35;24;27;20;26;38;34;41;38
australia;2023-05-31T00:00:00+01:00;+;New Zealand;19;Auckland;25;Suburb;2;Preowend;2;Cat. B;2;61;61;65;61;56;57;61;57;30;26;35;31;60;59;63;60
australia;2023-06-30T00:00:00+01:00;+;New Zealand;19;Auckland;25;City;1;New;1;Cat. A;1;28;24;32;29;34;32;32;34;57;52;54;56;25;27;26;27
australia;2023-06-30T00:00:00+01:00;+;New Zealand;19;Auckland;25;City;1;Preowend;2;Cat. A;1;10;10;10;10;57;58;54;57;52;49;50;52;15;16;17;14
australia;2023-06-30T00:00:00+01:00;+;New Zealand;19;Auckland;25;Suburb;2;New;1;Cat. A;1;18;17;13;18;53;55;53;53;28;28;28;29;18;16;18;18
australia;2023-06-30T00:00:00+01:00;+;New Zealand;19;Auckland;25;Suburb;2;Preowend;2;Cat. B;2;40;42;41;41;36;33;32;35;25;20;23;23;36;31;41;35
australia;2023-06-30T00:00:00+01:00;+;New Zealand;19;Auckland;25;Suburb;2;Preowend;2;Cat. B;2;61;58;57;59;49;53;45;50;31;30;32;29;59;52;61;59
australia;2023-07-31T00:00:00+01:00;+;New Zealand;19;Auckland;25;City;1;New;1;Cat. A;1;26;23;23;25;32;35;33;34;56;56;59;57;23;19;25;23
australia;2023-07-31T00:00:00+01:00;+;New Zealand;19;Auckland;25;City;1;Preowend;2;Cat. A;1;14;14;12;15;55;54;51;55;58;53;60;58;11;10;10;13
australia;2023-07-31T00:00:00+01:00;+;New Zealand;19;Auckland;25;Suburb;2;New;1;Cat. A;1;12;16;10;12;49;49;47;48;29;34;33;30;15;10;10;14
australia;2023-07-31T00:00:00+01:00;+;New Zealand;19;Auckland;25;Suburb;2;Preowend;2;Cat. B;2;36;42;32;37;37;36;34;39;19;23;16;18;41;45;45;40
australia;2023-07-31T00:00:00+01:00;+;New Zealand;19;Auckland;25;Suburb;2;Preowend;2;Cat. B;2;56;55;52;56;54;49;56;54;32;29;35;30;58;53;65;59
australia;2023-08-31T00:00:00+01:00;+;New Zealand;19;Auckland;25;City;1;New;1;Cat. A;1;24;26;29;26;38;42;39;37;51;53;47;51;24;25;21;24
australia;2023-08-31T00:00:00+01:00;+;New Zealand;19;Auckland;25;City;1;Preowend;2;Cat. A;1;10;10;10;10;51;53;49;52;57;54;59;56;10;10;10;10
australia;2023-08-31T00:00:00+01:00;+;New Zealand;19;Auckland;25;Suburb;2;New;1;Cat. A;1;17;15;19;17;49;47;52;49;34;36;30;33;14;16;14;15
australia;2023-08-31T00:00:00+01:00;+;New Zealand;19;Auckland;25;Suburb;2;Preowend;2;Cat. B;2;36;36;35;34;35;33;36;33;22;22;20;21;36;30;37;34
australia;2023-08-31T00:00:00+01:00;+;New Zealand;19;Auckland;25;Suburb;2;Preowend;2;Cat. B;2;59;61;56;60;51;44;52;51;29;28;34;30;57;56;52;59
australia;2023-09-30T00:00:00+01:00;+;New Zealand;19;Auckland;25;City;1;New;1;Cat. A;1;26;29;25;27;34;34;37;34;55;52;55;55;30;26;29;28
australia;2023-09-30T00:00:00+01:00;+;New Zealand;19;Auckland;25;City;1;Preowend;2;Cat. A;1;10;13;10;10;57;59;53;57;55;54;60;57;13;13;10;13
australia;2023-09-30T00:00:00+01:00;+;New Zealand;19;Auckland;25;Suburb;2;New;1;Cat. A;1;18;15;18;17;54;52;53;54;35;31;33;35;14;14;12;14
australia;2023-09-30T00:00:00+01:00;+;New Zealand;19;Auckland;25;Suburb;2;Preowend;2;Cat. B;2;37;40;37;36;38;41;34;37;23;24;20;23;39;43;35;39
australia;2023-09-30T00:00:00+01:00;+;New Zealand;19;Auckland;25;Suburb;2;Preowend;2;Cat. B;2;59;54;65;60;51;52;52;52;35;31;38;34;59;60;61;58
australia;2023-10-31T00:00:00+01:00;+;New Zealand;19;Auckland;25;City;1;New;1;Cat. A;1;24;21;23;22;36;34;36;34;52;50;50;52;26;28;30;28
australia;2023-10-31T00:00:00+01:00;+;New Zealand;19;Auckland;25;City;1;Preowend;2;Cat. A;1;11;10;12;10;49;52;48;49;55;59;54;57;10;10;10;10
australia;2023-10-31T00:00:00+01:00;+;New Zealand;19;Auckland;25;Suburb;2;New;1;Cat. A;1;16;21;19;18;55;52;52;54;36;35;31;36;14;11;13;16
australia;2023-10-31T00:00:00+01:00;+;New Zealand;19;Auckland;25;Suburb;2;Preowend;2;Cat. B;2;40;38;41;39;40;40;37;38;21;26;26;23;38;33;39;38
australia;2023-10-31T00:00:00+01:00;+;New Zealand;19;Auckland;25;Suburb;2;Preowend;2;Cat. B;2;62;56;68;63;53;52;47;54;34;27;37;32;60;54;64;61
australia;2023-11-30T00:00:00+01:00;+;New Zealand;19;Auckland;25;City;1;New;1;Cat. A;1;23;21;24;22;37;40;32;36;52;54;52;52;22;23;20;22
australia;2023-11-30T00:00:00+01:00;+;New Zealand;19;Auckland;25;City;1;Preowend;2;Cat. A;1;11;10;12;10;52;49;47;51;55;52;52;56;10;10;10;10
australia;2023-11-30T00:00:00+01:00;+;New Zealand;19;Auckland;25;Suburb;2;New;1;Cat. A;1;17;16;12;15;49;47;53;50;32;29;29;32;15;18;16;15
australia;2023-11-30T00:00:00+01:00;+;New Zealand;19;Auckland;25;Suburb;2;Preowend;2;Cat. B;2;34;34;33;35;39;44;37;40;23;24;26;24;42;46;38;40
australia;2023-11-30T00:00:00+01:00;+;New Zealand;19;Auckland;25;Suburb;2;Preowend;2;Cat. B;2;62;58;63;61;51;49;55;51;27;28;29;28;63;62;63;62
australia;2023-12-31T00:00:00+01:00;+;New Zealand;19;Auckland;25;City;1;New;1;Cat. A;1;25;27;23;26;34;35;38;35;52;51;56;52;30;26;27;28
australia;2023-12-31T00:00:00+01:00;+;New Zealand;19;Auckland;25;City;1;Preowend;2;Cat. A;1;13;10;11;12;55;51;50;53;51;51;50;51;16;13;14;15
australia;2023-12-31T00:00:00+01:00;+;New Zealand;19;Auckland;25;Suburb;2;New;1;Cat. A;1;11;10;15;12;55;59;59;55;34;37;37;34;16;11;18;15
australia;2023-12-31T00:00:00+01:00;+;New Zealand;19;Auckland;25;Suburb;2;Preowend;2;Cat. B;2;36;36;35;38;36;41;37;37;20;22;26;20;38;36;41;40
australia;2023-12-31T00:00:00+01:00;+;New Zealand;19;Auckland;25;Suburb;2;Preowend;2;Cat. B;2;62;57;62;63;54;59;47;52;30;29;23;30;59;62;64;60
australia;2024-01-31T00:00:00+01:00;+;New Zealand;19;Auckland;25;City;1;New;1;Cat. A;1;30;30;27;28;39;42;39;38;55;58;56;54;26;24;24;26
australia;2024-01-31T00:00:00+01:00;+;New Zealand;19;Auckland;25;City;1;Preowend;2;Cat. A;1;12;10;17;12;52;52;57;53;55;57;56;53;12;11;11;11
australia;2024-01-31T00:00:00+01:00;+;New Zealand;19;Auckland;25;Suburb;2;New;1;Cat. A;1;12;16;12;13;55;50;50;55;34;37;35;33;19;21;18;18
australia;2024-01-31T00:00:00+01:00;+;New Zealand;19;Auckland;25;Suburb;2;Preowend;2;Cat. B;2;39;36;43;38;39;44;35;39;19;19;24;19;36;37;38;35
australia;2024-01-31T00:00:00+01:00;+;New Zealand;19;Auckland;25;Suburb;2;Preowend;2;Cat. B;2;58;63;62;57;56;51;62;55;28;35;29;29;59;64;53;60
australia;2024-02-29T00:00:00+01:00;+;New Zealand;19;Auckland;25;City;1;New;1;Cat. A;1;26;29;29;27;36;38;39;36;50;51;49;52;23;25;24;24
australia;2024-02-29T00:00:00+01:00;+;New Zealand;19;Auckland;25;City;1;Preowend;2;Cat. A;1;11;11;10;11;57;52;56;57;56;57;52;57;10;14;12;10
australia;2024-02-29T00:00:00+01:00;+;New Zealand;19;Auckland;25;Suburb;2;New;1;Cat. A;1;16;18;12;17;49;50;50;51;35;36;30;33;15;16;15;13
australia;2024-02-29T00:00:00+01:00;+;New Zealand;19;Auckland;25;Suburb;2;Preowend;2;Cat. B;2;35;32;36;37;38;34;41;38;23;27;19;24;39;39;43;41
australia;2024-02-29T00:00:00+01:00;+;New Zealand;19;Auckland;25;Suburb;2;Preowend;2;Cat. B;2;59;59;54;61;55;60;58;53;30;29;37;31;56;53;60;58
australia;2024-03-31T00:00:00+01:00;+;New Zealand;19;Auckland;25;City;1;New;1;Cat. A;1;24;25;24;23;37;35;35;36;57;60;53;56;29;31;28;27
australia;2024-03-31T00:00:00+01:00;+;New Zealand;19;Auckland;25;City;1;Preowend;2;Cat. A;1;11;10;15;10;49;49;51;51;54;51;58;56;15;18;18;15
australia;2024-03-31T00:00:00+01:00;+;New Zealand;19;Auckland;25;Suburb;2;New;1;Cat. A;1;14;13;15;14;50;51;45;50;28;31;32;28;17;20;15;18
australia;2024-03-31T00:00:00+01:00;+;New Zealand;19;Auckland;25;Suburb;2;Preowend;2;Cat. B;2;35;36;32;36;37;34;33;37;22;23;23;23;36;42;36;38
australia;2024-03-31T00:00:00+01:00;+;New Zealand;19;Auckland;25;Suburb;2;Preowend;2;Cat. B;2;62;68;61;64;55;56;54;57;34;29;35;35;61;67;63;63
australia;2024-04-30T00:00:00+01:00;+;New Zealand;19;Auckland;25;City;1;New;1;Cat. A;1;24;21;27;24;37;39;33;36;54;54;51;55;26;26;22;27
australia;2024-04-30T00:00:00+01:00;+;New Zealand;19;Auckland;25;City;1;Preowend;2;Cat. A;1;10;10;10;10;51;54;49;51;58;60;56;58;15;13;18;14
australia;2024-04-30T00:00:00+01:00;+;New Zealand;19;Auckland;25;Suburb;2;New;1;Cat. A;1;15;11;13;14;52;55;49;52;32;29;31;32;14;10;12;15
australia;2024-04-30T00:00:00+01:00;+;New Zealand;19;Auckland;25;Suburb;2;Preowend;2;Cat. B;2;40;45;41;40;39;44;38;41;20;22;20;20;37;40;38;38
australia;2024-04-30T00:00:00+01:00;+;New Zealand;19;Auckland;25;Suburb;2;Preowend;2;Cat. B;2;58;56;65;59;56;59;57;56;33;37;35;34;60;58;58;58
australia;2024-05-31T00:00:00+01:00;+;New Zealand;19;Auckland;25;City;1;New;1;Cat. A;1;25;24;22;27;37;40;33;37;53;53;56;53;28;32;27;29
australia;2024-05-31T00:00:00+01:00;+;New Zealand;19;Auckland;25;City;1;Preowend;2;Cat. A;1;13;11;18;15;57;59;58;57;58;55;60;56;15;14;19;16
australia;2024-05-31T00:00:00+01:00;+;New Zealand;19;Auckland;25;Suburb;2;New;1;Cat. A;1;15;17;11;14;55;58;53;54;31;30;29;29;17;21;17;19
australia;2024-05-31T00:00:00+01:00;+;New Zealand;19;Auckland;25;Suburb;2;Preowend;2;Cat. B;2;36;36;32;36;37;35;39;35;21;22;24;22;41;46;45;42
australia;2024-05-31T00:00:00+01:00;+;New Zealand;19;Auckland;25;Suburb;2;Preowend;2;Cat. B;2;62;66;62;61;54;53;59;54;32;28;30;32;57;52;52;57
australia;2024-06-30T00:00:00+01:00;+;New Zealand;19;Auckland;25;City;1;New;1;Cat. A;1;26;30;23;26;36;33;38;35;53;57;53;54;24;21;23;25
australia;2024-06-30T00:00:00+01:00;+;New Zealand;19;Auckland;25;City;1;Preowend;2;Cat. A;1;12;13;10;14;56;54;52;56;56;52;57;55;10;10;12;10
australia;2024-06-30T00:00:00+01:00;+;New Zealand;19;Auckland;25;Suburb;2;New;1;Cat. A;1;14;18;18;15;55;56;57;54;33;31;38;33;16;17;20;18
australia;2024-06-30T00:00:00+01:00;+;New Zealand;19;Auckland;25;Suburb;2;Preowend;2;Cat. B;2;40;42;41;41;40;40;41;38;21;22;16;20;36;32;41;36
australia;2024-06-30T00:00:00+01:00;+;New Zealand;19;Auckland;25;Suburb;2;Preowend;2;Cat. B;2;61;64;57;61;55;57;54;56;31;29;31;31;60;61;53;58
australia;2024-07-31T00:00:00+01:00;+;New Zealand;19;Auckland;25;City;1;New;1;Cat. A;1;28;28;32;28;36;37;36;35;52;55;49;51;25;26;29;24
australia;2024-07-31T00:00:00+01:00;+;New Zealand;19;Auckland;25;City;1;Preowend;2;Cat. A;1;14;16;12;15;50;47;54;50;52;55;55;53;13;12;10;12
australia;2024-07-31T00:00:00+01:00;+;New Zealand;19;Auckland;25;Suburb;2;New;1;Cat. A;1;12;13;11;13;54;54;57;55;34;36;36;34;14;16;14;14
australia;2024-07-31T00:00:00+01:00;+;New Zealand;19;Auckland;25;Suburb;2;Preowend;2;Cat. B;2;39;36;35;39;38;39;38;40;24;26;24;25;39;39;44;41
australia;2024-07-31T00:00:00+01:00;+;New Zealand;19;Auckland;25;Suburb;2;Preowend;2;Cat. B;2;63;68;68;62;54;48;51;53;31;36;31;29;63;63;65;64
australia;2024-08-31T00:00:00+01:00;+;New Zealand;19;Auckland;25;City;1;New;1;Cat. A;1;27;26;24;27;33;32;34;33;53;55;52;53;27;31;31;28
australia;2024-08-31T00:00:00+01:00;+;New Zealand;19;Auckland;25;City;1;Preowend;2;Cat. A;1;15;14;17;16;51;51;51;52;56;52;51;56;13;12;11;13
australia;2024-08-31T00:00:00+01:00;+;New Zealand;19;Auckland;25;Suburb;2;New;1;Cat. A;1;19;16;14;18;53;48;52;51;36;35;33;36;14;11;10;12
australia;2024-08-31T00:00:00+01:00;+;New Zealand;19;Auckland;25;Suburb;2;Preowend;2;Cat. B;2;39;38;37;40;41;40;35;40;21;25;22;21;36;32;41;38
australia;2024-08-31T00:00:00+01:00;+;New Zealand;19;Auckland;25;Suburb;2;Preowend;2;Cat. B;2;61;57;57;61;50;48;53;50;33;35;35;33;59;63;66;61
australia;2024-09-30T00:00:00+01:00;+;New Zealand;19;Auckland;25;City;1;New;1;Cat. A;1;28;30;30;29;32;34;29;32;52;47;53;52;24;24;21;25
australia;2024-09-30T00:00:00+01:00;+;New Zealand;19;Auckland;25;City;1;Preowend;2;Cat. A;1;14;14;16;15;55;53;55;55;52;51;51;52;10;10;12;10
australia;2024-09-30T00:00:00+01:00;+;New Zealand;19;Auckland;25;Suburb;2;New;1;Cat. A;1;12;10;14;13;51;51;48;51;28;32;26;30;17;13;14;16
australia;2024-09-30T00:00:00+01:00;+;New Zealand;19;Auckland;25;Suburb;2;Preowend;2;Cat. B;2;39;39;38;39;37;33;31;36;20;18;22;20;37;39;33;39
australia;2024-09-30T00:00:00+01:00;+;New Zealand;19;Auckland;25;Suburb;2;Preowend;2;Cat. B;2;58;51;52;56;50;54;47;51;31;25;34;31;63;60;66;63
australia;2024-10-31T00:00:00+01:00;+;New Zealand;19;Auckland;25;City;1;New;1;Cat. A;1;26;25;28;24;36;33;33;38;57;53;54;57;23;25;23;25
australia;2024-10-31T00:00:00+01:00;+;New Zealand;19;Auckland;25;City;1;Preowend;2;Cat. A;1;14;16;17;16;49;50;54;51;55;58;58;53;10;13;10;10
australia;2024-10-31T00:00:00+01:00;+;New Zealand;19;Auckland;25;Suburb;2;New;1;Cat. A;1;15;16;16;14;52;53;50;50;34;33;29;33;18;20;17;16
australia;2024-10-31T00:00:00+01:00;+;New Zealand;19;Auckland;25;Suburb;2;Preowend;2;Cat. B;2;35;33;39;34;40;34;37;40;24;27;19;24;36;37;38;36
australia;2024-10-31T00:00:00+01:00;+;New Zealand;19;Auckland;25;Suburb;2;Preowend;2;Cat. B;2;63;61;58;61;51;49;54;51;32;34;37;31;63;68;60;64
australia;2024-11-30T00:00:00+01:00;+;New Zealand;19;Auckland;25;City;1;New;1;Cat. A;1;24;29;29;26;32;34;37;34;55;58;59;54;24;27;19;22
australia;2024-11-30T00:00:00+01:00;+;New Zealand;19;Auckland;25;City;1;Preowend;2;Cat. A;1;12;11;10;11;49;51;54;51;53;53;57;53;11;10;15;12
australia;2024-11-30T00:00:00+01:00;+;New Zealand;19;Auckland;25;Suburb;2;New;1;Cat. A;1;15;16;12;17;53;53;49;52;32;34;29;34;11;16;10;11
australia;2024-11-30T00:00:00+01:00;+;New Zealand;19;Auckland;25;Suburb;2;Preowend;2;Cat. B;2;39;42;35;39;39;39;43;40;24;29;20;25;39;35;43;37
australia;2024-11-30T00:00:00+01:00;+;New Zealand;19;Auckland;25;Suburb;2;Preowend;2;Cat. B;2;61;67;65;62;53;51;48;52;32;29;37;33;57;53;56;57
australia;2024-12-31T00:00:00+01:00;+;New Zealand;19;Auckland;25;City;1;New;1;Cat. A;1;25;24;30;26;31;29;28;33;52;51;50;53;24;25;22;25
australia;2024-12-31T00:00:00+01:00;+;New Zealand;19;Auckland;25;City;1;Preowend;2;Cat. A;1;14;15;19;14;52;53;49;54;52;53;50;53;10;10;10;10
australia;2024-12-31T00:00:00+01:00;+;New Zealand;19;Auckland;25;Suburb;2;New;1;Cat. A;1;16;15;19;14;56;51;51;54;34;33;34;34;16;11;12;15
australia;2024-12-31T00:00:00+01:00;+;New Zealand;19;Auckland;25;Suburb;2;Preowend;2;Cat. B;2;38;38;43;38;39;40;36;37;24;28;30;24;38;41;37;37
australia;2024-12-31T00:00:00+01:00;+;New Zealand;19;Auckland;25;Suburb;2;Preowend;2;Cat. B;2;59;55;55;60;50;56;52;51;31;33;34;29;59;56;61;60
australia;2025-01-31T00:00:00+01:00;+;New Zealand;19;Auckland;25;City;1;New;1;Cat. A;1;30;25;30;30;38;38;33;38;56;55;53;56;30;26;31;30
australia;2025-01-31T00:00:00+01:00;+;New Zealand;19;Auckland;25;City;1;Preowend;2;Cat. A;1;10;13;10;10;52;57;56;52;53;53;50;52;11;10;12;12
australia;2025-01-31T00:00:00+01:00;+;New Zealand;19;Auckland;25;Suburb;2;New;1;Cat. A;1;16;12;16;15;55;52;59;55;34;34;34;32;17;18;16;15
australia;2025-01-31T00:00:00+01:00;+;New Zealand;19;Auckland;25;Suburb;2;Preowend;2;Cat. B;2;39;42;38;39;37;35;33;36;21;22;25;21;35;40;39;35
australia;2025-01-31T00:00:00+01:00;+;New Zealand;19;Auckland;25;Suburb;2;Preowend;2;Cat. B;2;63;57;66;62;50;51;50;50;29;32;25;29;58;54;52;58
australia;2025-02-28T00:00:00+01:00;+;New Zealand;19;Auckland;25;City;1;New;1;Cat. A;1;29;25;27;27;34;35;36;33;58;58;56;56;25;22;24;26
australia;2025-02-28T00:00:00+01:00;+;New Zealand;19;Auckland;25;City;1;Preowend;2;Cat. A;1;14;12;12;14;49;50;52;50;53;51;50;53;10;12;12;10
australia;2025-02-28T00:00:00+01:00;+;New Zealand;19;Auckland;25;Suburb;2;New;1;Cat. A;1;17;18;15;18;54;58;58;54;35;32;36;33;13;12;15;12
australia;2025-02-28T00:00:00+01:00;+;New Zealand;19;Auckland;25;Suburb;2;Preowend;2;Cat. B;2;40;42;41;40;38;39;40;40;23;23;27;22;38;35;37;39
australia;2025-02-28T00:00:00+01:00;+;New Zealand;19;Auckland;25;Suburb;2;Preowend;2;Cat. B;2;57;63;55;58;57;56;57;55;32;32;36;31;61;59;65;62
australia;2025-03-31T00:00:00+01:00;+;New Zealand;19;Auckland;25;City;1;New;1;Cat. A;1;26;24;27;27;32;28;33;33;50;49;47;50;25;24;29;25
australia;2025-03-31T00:00:00+01:00;+;New Zealand;19;Auckland;25;City;1;Preowend;2;Cat. A;1;15;15;13;13;53;50;51;53;52;53;52;52;10;12;10;10
australia;2025-03-31T00:00:00+01:00;+;New Zealand;19;Auckland;25;Suburb;2;New;1;Cat. A;1;16;18;15;16;54;56;57;53;35;32;32;36;17;17;13;15
australia;2025-03-31T00:00:00+01:00;+;New Zealand;19;Auckland;25;Suburb;2;Preowend;2;Cat. B;2;35;32;33;36;35;34;38;35;22;27;22;23;39;34;36;39
australia;2025-03-31T00:00:00+01:00;+;New Zealand;19;Auckland;25;Suburb;2;Preowend;2;Cat. B;2;58;64;57;59;52;53;56;51;30;29;34;30;59;61;55;60
australia;2025-04-30T00:00:00+01:00;+;New Zealand;19;Auckland;25;City;1;New;1;Cat. A;1;26;22;30;27;36;38;40;38;54;52;58;56;26;26;26;25
australia;2025-04-30T00:00:00+01:00;+;New Zealand;19;Auckland;25;City;1;Preowend;2;Cat. A;1;10;13;10;10;51;51;50;51;58;56;59;57;12;10;12;12
australia;2025-04-30T00:00:00+01:00;+;New Zealand;19;Auckland;25;Suburb;2;New;1;Cat. A;1;17;19;13;15;56;59;52;55;31;36;30;33;18;21;17;18
australia;2025-04-30T00:00:00+01:00;+;New Zealand;19;Auckland;25;Suburb;2;Preowend;2;Cat. B;2;42;42;43;42;38;36;37;38;21;24;20;23;36;42;42;38
australia;2025-04-30T00:00:00+01:00;+;New Zealand;19;Auckland;25;Suburb;2;Preowend;2;Cat. B;2;58;52;56;57;55;54;53;54;31;38;31;32;64;69;67;63
australia;2025-05-31T00:00:00+01:00;+;New Zealand;19;Auckland;25;City;1;New;1;Cat. A;1;25;21;28;26;38;33;40;37;55;50;54;55;28;28;28;26
australia;2025-05-31T00:00:00+01:00;+;New Zealand;19;Auckland;25;City;1;Preowend;2;Cat. A;1;10;10;10;10;49;53;48;50;53;50;49;53;11;16;13;12
australia;2025-05-31T00:00:00+01:00;+;New Zealand;19;Auckland;25;Suburb;2;New;1;Cat. A;1;14;16;16;15;55;52;55;53;30;33;30;31;15;15;16;14
australia;2025-05-31T00:00:00+01:00;+;New Zealand;19;Auckland;25;Suburb;2;Preowend;2;Cat. B;2;35;35;34;36;39;36;42;40;21;19;17;21;36;32;36;36
australia;2025-05-31T00:00:00+01:00;+;New Zealand;19;Auckland;25;Suburb;2;Preowend;2;Cat. B;2;57;51;58;56;53;52;49;54;29;34;25;31;61;63;62;61
australia;2025-06-30T00:00:00+01:00;+;New Zealand;19;Auckland;25;City;1;New;1;Cat. A;1;22;26;21;23;35;32;35;35;53;55;56;55;27;25;24;25
australia;2025-06-30T00:00:00+01:00;+;New Zealand;19;Auckland;25;City;1;Preowend;2;Cat. A;1;12;12;10;11;56;57;52;56;53;53;56;53;12;12;13;11
australia;2025-06-30T00:00:00+01:00;+;New Zealand;19;Auckland;25;Suburb;2;New;1;Cat. A;1;13;10;10;14;51;48;50;51;32;33;34;31;17;12;16;15
australia;2025-06-30T00:00:00+01:00;+;New Zealand;19;Auckland;25;Suburb;2;Preowend;2;Cat. B;2;40;37;41;40;38;39;37;36;21;21;22;21;35;40;37;35
australia;2025-06-30T00:00:00+01:00;+;New Zealand;19;Auckland;25;Suburb;2;Preowend;2;Cat. B;2;58;54;57;60;53;52;50;53;30;32;25;31;58;54;65;60
australia;2025-07-31T00:00:00+01:00;+;New Zealand;19;Auckland;25;City;1;New;1;Cat. A;1;22;21;27;23;35;36;39;36;53;56;57;54;23;28;26;23
australia;2025-07-31T00:00:00+01:00;+;New Zealand;19;Auckland;25;City;1;Preowend;2;Cat. A;1;10;12;13;10;52;57;57;52;57;55;55;57;11;13;10;13
australia;2025-07-31T00:00:00+01:00;+;New Zealand;19;Auckland;25;Suburb;2;New;1;Cat. A;1;15;17;14;15;49;53;53;50;29;30;30;31;15;18;15;17
australia;2025-07-31T00:00:00+01:00;+;New Zealand;19;Auckland;25;Suburb;2;Preowend;2;Cat. B;2;37;40;37;37;36;37;31;36;20;18;22;20;39;39;39;40
australia;2025-07-31T00:00:00+01:00;+;New Zealand;19;Auckland;25;Suburb;2;Preowend;2;Cat. B;2;58;56;63;60;52;52;45;50;30;29;35;31;60;66;61;62
australia;2025-08-31T00:00:00+01:00;+;New Zealand;19;Auckland;25;City;1;New;1;Cat. A;1;29;32;31;28;36;35;39;38;58;58;57;57;22;19;23;22
australia;2025-08-31T00:00:00+01:00;+;New Zealand;19;Auckland;25;City;1;Preowend;2;Cat. A;1;11;14;15;11;53;49;52;53;58;56;57;58;10;10;11;10
australia;2025-08-31T00:00:00+01:00;+;New Zealand;19;Auckland;25;Suburb;2;New;1;Cat. A;1;14;10;14;15;55;52;52;56;32;27;33;31;18;17;16;17
australia;2025-08-31T00:00:00+01:00;+;New Zealand;19;Auckland;25;Suburb;2;Preowend;2;Cat. B;2;39;36;36;40;38;37;33;36;22;26;19;23;39;36;43;38
australia;2025-08-31T00:00:00+01:00;+;New Zealand;19;Auckland;25;Suburb;2;Preowend;2;Cat. B;2;59;56;63;59;54;51;56;54;29;32;31;30;58;58;53;58
australia;2025-09-30T00:00:00+01:00;+;New Zealand;19;Auckland;25;City;1;New;1;Cat. A;1;25;24;26;26;35;38;33;34;56;52;59;57;27;25;25;27
australia;2025-09-30T00:00:00+01:00;+;New Zealand;19;Auckland;25;City;1;Preowend;2;Cat. A;1;12;10;14;12;49;52;47;50;57;54;58;56;11;12;12;11
australia;2025-09-30T00:00:00+01:00;+;New Zealand;19;Auckland;25;Suburb;2;New;1;Cat. A;1;16;17;18;16;48;45;45;48;32;31;36;33;11;11;14;13
australia;2025-09-30T00:00:00+01:00;+;New Zealand;19;Auckland;25;Suburb;2;Preowend;2;Cat. B;2;40;45;38;42;33;32;32;34;20;20;18;22;37;36;40;38
australia;2025-09-30T00:00:00+01:00;+;New Zealand;19;Auckland;25;Suburb;2;Preowend;2;Cat. B;2;61;57;63;59;57;52;60;56;30;34;31;30;60;63;59;60
australia;2025-10-31T00:00:00+01:00;+;New Zealand;19;Auckland;25;City;1;New;1;Cat. A;1;25;22;23;25;36;34;37;36;58;61;56;56;26;22;29;25
australia;2025-10-31T00:00:00+01:00;+;New Zealand;19;Auckland;25;City;1;Preowend;2;Cat. A;1;16;16;19;14;55;56;51;55;53;48;56;51;16;19;19;16
australia;2025-10-31T00:00:00+01:00;+;New Zealand;19;Auckland;25;Suburb;2;New;1;Cat. A;1;11;11;14;13;50;54;49;51;29;30;27;28;16;17;16;15
australia;2025-10-31T00:00:00+01:00;+;New Zealand;19;Auckland;25;Suburb;2;Preowend;2;Cat. B;2;37;40;35;37;36;33;37;37;19;17;20;19;40;42;45;42
australia;2025-10-31T00:00:00+01:00;+;New Zealand;19;Auckland;25;Suburb;2;Preowend;2;Cat. B;2;59;59;56;58;55;51;61;57;34;33;39;33;58;52;60;58
australia;2025-11-30T00:00:00+01:00;+;New Zealand;19;Auckland;25;City;1;New;1;Cat. A;1;25;25;21;23;37;40;40;39;52;54;56;53;28;31;31;30
australia;2025-11-30T00:00:00+01:00;+;New Zealand;19;Auckland;25;City;1;Preowend;2;Cat. A;1;10;15;10;10;52;49;56;52;51;49;49;53;14;16;15;14
australia;2025-11-30T00:00:00+01:00;+;New Zealand;19;Auckland;25;Suburb;2;New;1;Cat. A;1;17;20;22;18;48;51;52;50;35;36;36;36;16;12;17;15
australia;2025-11-30T00:00:00+01:00;+;New Zealand;19;Auckland;25;Suburb;2;Preowend;2;Cat. B;2;40;36;36;38;37;36;36;38;23;26;22;23;34;34;33;35
australia;2025-11-30T00:00:00+01:00;+;New Zealand;19;Auckland;25;Suburb;2;Preowend;2;Cat. B;2;61;66;60;61;50;53;45;50;32;33;30;32;59;60;60;59
australia;2025-12-31T00:00:00+01:00;+;New Zealand;19;Auckland;25;City;1;New;1;Cat. A;1;27;25;26;29;34;32;31;35;53;55;51;53;23;20;23;24
australia;2025-12-31T00:00:00+01:00;+;New Zealand;19;Auckland;25;City;1;Preowend;2;Cat. A;1;12;10;10;13;50;52;55;50;53;56;53;51;13;11;11;11
australia;2025-12-31T00:00:00+01:00;+;New Zealand;19;Auckland;25;Suburb;2;New;1;Cat. A;1;15;14;16;14;48;50;51;50;28;29;28;28;15;17;11;15
australia;2025-12-31T00:00:00+01:00;+;New Zealand;19;Auckland;25;Suburb;2;Preowend;2;Cat. B;2;39;38;40;40;39;44;35;40;19;18;17;18;39;43;41;37
australia;2025-12-31T00:00:00+01:00;+;New Zealand;19;Auckland;25;Suburb;2;Preowend;2;Cat. B;2;59;61;62;58;53;56;48;51;28;30;24;29;61;63;65;60
australia;2026-01-31T00:00:00+01:00;+;New Zealand;19;Auckland;25;City;1;New;1;Cat. A;1;24;23;29;25;38;41;35;39;56;57;52;56;29;32;25;28
australia;2026-01-31T00:00:00+01:00;+;New Zealand;19;Auckland;25;City;1;Preowend;2;Cat. A;1;15;13;11;14;51;50;53;51;53;53;53;55;11;10;10;11
australia;2026-01-31T00:00:00+01:00;+;New Zealand;19;Auckland;25;Suburb;2;New;1;Cat. A;1;15;12;17;14;54;50;55;54;30;30;34;32;17;21;17;18
australia;2026-01-31T00:00:00+01:00;+;New Zealand;19;Auckland;25;Suburb;2;Preowend;2;Cat. B;2;39;37;40;37;34;38;34;33;19;17;16;20;39;42;37;37
australia;2026-01-31T00:00:00+01:00;+;New Zealand;19;Auckland;25;Suburb;2;Preowend;2;Cat. B;2;62;58;65;62;55;51;49;55;30;33;31;30;62;58;56;62
australia;2026-02-28T00:00:00+01:00;+;New Zealand;19;Auckland;25;City;1;New;1;Cat. A;1;29;33;32;29;33;36;34;33;56;59;56;55;25;24;27;26
australia;2026-02-28T00:00:00+01:00;+;New Zealand;19;Auckland;25;City;1;Preowend;2;Cat. A;1;10;10;10;10;49;52;47;50;56;54;59;56;11;10;10;12
australia;2026-02-28T00:00:00+01:00;+;New Zealand;19;Auckland;25;Suburb;2;New;1;Cat. A;1;18;21;19;18;52;55;54;53;31;26;30;29;18;16;19;19
australia;2026-02-28T00:00:00+01:00;+;New Zealand;19;Auckland;25;Suburb;2;Preowend;2;Cat. B;2;41;39;42;42;35;29;32;35;23;28;23;22;38;40;34;36
australia;2026-02-28T00:00:00+01:00;+;New Zealand;19;Auckland;25;Suburb;2;Preowend;2;Cat. B;2;58;57;58;58;50;49;48;51;30;34;33;30;61;64;64;60
australia;2026-03-31T00:00:00+01:00;+;New Zealand;19;Auckland;25;City;1;New;1;Cat. A;1;29;31;28;30;36;40;38;37;55;52;52;54;30;29;28;29
australia;2026-03-31T00:00:00+01:00;+;New Zealand;19;Auckland;25;City;1;Preowend;2;Cat. A;1;14;12;18;14;52;50;56;52;53;54;52;54;12;13;13;11
australia;2026-03-31T00:00:00+01:00;+;New Zealand;19;Auckland;25;Suburb;2;New;1;Cat. A;1;15;18;20;17;51;55;49;52;31;35;33;30;17;21;16;19
australia;2026-03-31T00:00:00+01:00;+;New Zealand;19;Auckland;25;Suburb;2;Preowend;2;Cat. B;2;37;33;39;38;35;40;35;35;23;23;28;25;39;39;37;39
australia;2026-03-31T00:00:00+01:00;+;New Zealand;19;Auckland;25;Suburb;2;Preowend;2;Cat. B;2;58;62;59;59;52;48;50;51;31;29;31;30;61;60;56;62
australia;2026-04-30T00:00:00+01:00;+;New Zealand;19;Auckland;25;City;1;New;1;Cat. A;1;24;27;20;23;37;37;40;37;56;55;52;56;29;31;31;28
australia;2026-04-30T00:00:00+01:00;+;New Zealand;19;Auckland;25;City;1;Preowend;2;Cat. A;1;10;10;11;10;56;56;52;56;57;53;60;56;10;10;11;10
australia;2026-04-30T00:00:00+01:00;+;New Zealand;19;Auckland;25;Suburb;2;New;1;Cat. A;1;13;11;17;13;55;52;52;53;28;27;30;28;15;13;10;13
australia;2026-04-30T00:00:00+01:00;+;New Zealand;19;Auckland;25;Suburb;2;Preowend;2;Cat. B;2;35;32;32;36;38;37;43;38;23;28;28;23;38;37;37;37
australia;2026-04-30T00:00:00+01:00;+;New Zealand;19;Auckland;25;Suburb;2;Preowend;2;Cat. B;2;57;63;61;57;51;54;52;51;31;36;37;31;61;61;63;61
australia;2026-05-31T00:00:00+01:00;+;New Zealand;19;Auckland;25;City;1;New;1;Cat. A;1;24;24;24;24;34;37;37;33;58;59;58;56;27;22;25;27
australia;2026-05-31T00:00:00+01:00;+;New Zealand;19;Auckland;25;City;1;Preowend;2;Cat. A;1;10;15;10;11;53;53;50;53;53;49;55;54;15;15;11;14
australia;2026-05-31T00:00:00+01:00;+;New Zealand;19;Auckland;25;Suburb;2;New;1;Cat. A;1;13;14;11;14;55;57;53;53;34;33;30;35;16;13;20;17
australia;2026-05-31T00:00:00+01:00;+;New Zealand;19;Auckland;25;Suburb;2;Preowend;2;Cat. B;2;42;44;38;40;35;40;30;35;26;23;29;24;34;31;38;35
australia;2026-05-31T00:00:00+01:00;+;New Zealand;19;Auckland;25;Suburb;2;Preowend;2;Cat. B;2;59;64;55;61;54;57;61;54;32;30;35;34;60;61;64;62
australia;2026-06-30T00:00:00+01:00;+;New Zealand;19;Auckland;25;City;1;New;1;Cat. A;1;25;27;29;27;32;31;33;32;57;57;54;56;29;27;29;28
australia;2026-06-30T00:00:00+01:00;+;New Zealand;19;Auckland;25;City;1;Preowend;2;Cat. A;1;16;17;14;16;54;55;51;53;56;55;56;58;11;10;10;10
australia;2026-06-30T00:00:00+01:00;+;New Zealand;19;Auckland;25;Suburb;2;New;1;Cat. A;1;13;10;13;13;48;45;45;50;31;33;35;31;18;19;16;18
australia;2026-06-30T00:00:00+01:00;+;New Zealand;19;Auckland;25;Suburb;2;Preowend;2;Cat. B;2;36;32;38;38;35;33;33;34;24;20;25;23;40;38;39;41
australia;2026-06-30T00:00:00+01:00;+;New Zealand;19;Auckland;25;Suburb;2;Preowend;2;Cat. B;2;63;60;65;62;50;52;53;51;35;30;31;35;58;60;57;59
australia;2026-07-31T00:00:00+01:00;+;New Zealand;19;Auckland;25;City;1;New;1;Cat. A;1;24;21;22;26;38;38;37;37;52;56;52;52;24;21;19;23
australia;2026-07-31T00:00:00+01:00;+;New Zealand;19;Auckland;25;City;1;Preowend;2;Cat. A;1;12;15;14;10;49;48;48;49;55;57;57;54;10;10;10;10
australia;2026-07-31T00:00:00+01:00;+;New Zealand;19;Auckland;25;Suburb;2;New;1;Cat. A;1;19;22;17;19;50;47;50;50;33;34;31;35;16;16;20;16
australia;2026-07-31T00:00:00+01:00;+;New Zealand;19;Auckland;25;Suburb;2;Preowend;2;Cat. B;2;38;43;41;38;41;40;42;40;19;15;16;19;34;37;30;36
australia;2026-07-31T00:00:00+01:00;+;New Zealand;19;Auckland;25;Suburb;2;Preowend;2;Cat. B;2;57;63;61;58;52;50;58;52;33;30;33;33;61;61;61;61
australia;2026-08-31T00:00:00+01:00;+;New Zealand;19;Auckland;25;City;1;New;1;Cat. A;1;28;26;27;29;36;38;34;35;54;54;55;55;28;28;31;26
australia;2026-08-31T00:00:00+01:00;+;New Zealand;19;Auckland;25;City;1;Preowend;2;Cat. A;1;14;16;12;13;55;52;55;55;53;54;54;53;12;15;13;11
australia;2026-08-31T00:00:00+01:00;+;New Zealand;19;Auckland;25;Suburb;2;New;1;Cat. A;1;17;21;22;19;51;53;54;52;33;33;36;32;18;21;20;18
australia;2026-08-31T00:00:00+01:00;+;New Zealand;19;Auckland;25;Suburb;2;Preowend;2;Cat. B;2;40;41;41;40;35;36;32;37;24;24;19;24;37;41;41;37
australia;2026-08-31T00:00:00+01:00;+;New Zealand;19;Auckland;25;Suburb;2;Preowend;2;Cat. B;2;58;58;62;60;55;55;59;55;30;30;32;30;56;55;53;57
australia;2026-09-30T00:00:00+01:00;+;New Zealand;19;Auckland;25;City;1;New;1;Cat. A;1;26;26;21;26;36;31;35;36;55;57;51;56;27;28;25;27
australia;2026-09-30T00:00:00+01:00;+;New Zealand;19;Auckland;25;City;1;Preowend;2;Cat. A;1;13;18;15;13;57;56;53;56;57;61;59;57;16;13;11;16
australia;2026-09-30T00:00:00+01:00;+;New Zealand;19;Auckland;25;Suburb;2;New;1;Cat. A;1;15;13;14;15;51;46;48;51;31;30;30;31;14;12;17;14
australia;2026-09-30T00:00:00+01:00;+;New Zealand;19;Auckland;25;Suburb;2;Preowend;2;Cat. B;2;36;39;38;36;37;38;41;35;24;29;20;23;36;39;35;35
australia;2026-09-30T00:00:00+01:00;+;New Zealand;19;Auckland;25;Suburb;2;Preowend;2;Cat. B;2;60;56;64;60;56;53;60;55;34;36;38;34;62;64;65;62
australia;2026-10-31T00:00:00+01:00;+;New Zealand;19;Auckland;25;City;1;New;1;Cat. A;1;27;30;29;27;36;37;34;35;58;60;58;56;28;25;25;28
australia;2026-10-31T00:00:00+01:00;+;New Zealand;19;Auckland;25;City;1;Preowend;2;Cat. A;1;13;16;12;12;49;47;50;51;55;54;54;55;13;18;11;13
australia;2026-10-31T00:00:00+01:00;+;New Zealand;19;Auckland;25;Suburb;2;New;1;Cat. A;1;15;15;16;15;53;57;54;53;28;30;32;29;15;13;14;15
australia;2026-10-31T00:00:00+01:00;+;New Zealand;19;Auckland;25;Suburb;2;Preowend;2;Cat. B;2;37;34;33;36;37;35;33;35;24;26;22;22;41;37;43;41
australia;2026-10-31T00:00:00+01:00;+;New Zealand;19;Auckland;25;Suburb;2;Preowend;2;Cat. B;2;59;61;62;60;51;51;51;51;31;29;28;29;61;56;64;60
northamerica;2020-01-31T00:00:00+01:00;+;USA;1;San Francisco;26;City;1;New;1;Cat. A;1;27;30;23;27;34;35;29;34;54;51;56;55;25;22;24;25
northamerica;2020-01-31T00:00:00+01:00;+;USA;1;San Francisco;26;City;1;Preowend;2;Cat. A;1;16;15;19;14;50;51;51;51;53;57;51;53;15;11;17;16
northamerica;2020-01-31T00:00:00+01:00;+;USA;1;San Francisco;26;Suburb;2;New;1;Cat. A;1;16;13;17;16;56;55;51;55;29;34;28;30;13;10;10;12
northamerica;2020-01-31T00:00:00+01:00;+;USA;1;San Francisco;26;Suburb;2;Preowend;2;Cat. B;2;35;41;33;35;40;38;39;40;21;21;24;19;37;39;35;38
northamerica;2020-01-31T00:00:00+01:00;+;USA;1;San Francisco;26;Suburb;2;Preowend;2;Cat. B;2;60;58;63;60;54;51;51;54;30;33;32;31;59;56;61;59
northamerica;2020-02-29T00:00:00+01:00;+;USA;1;San Francisco;26;City;1;New;1;Cat. A;1;24;26;27;23;32;30;37;34;55;53;53;57;26;26;30;28
northamerica;2020-02-29T00:00:00+01:00;+;USA;1;San Francisco;26;City;1;Preowend;2;Cat. A;1;10;10;11;10;54;55;52;56;53;49;56;52;10;13;14;10
northamerica;2020-02-29T00:00:00+01:00;+;USA;1;San Francisco;26;Suburb;2;New;1;Cat. A;1;17;22;21;19;54;49;57;54;31;31;30;31;14;10;17;12
northamerica;2020-02-29T00:00:00+01:00;+;USA;1;San Francisco;26;Suburb;2;Preowend;2;Cat. B;2;37;35;41;37;33;34;30;35;21;24;24;20;37;36;41;37
northamerica;2020-02-29T00:00:00+01:00;+;USA;1;San Francisco;26;Suburb;2;Preowend;2;Cat. B;2;59;66;58;59;51;49;53;51;33;28;39;35;62;65;61;62
northamerica;2020-03-31T00:00:00+01:00;+;USA;1;San Francisco;26;City;1;New;1;Cat. A;1;24;20;21;25;35;33;31;33;57;60;57;56;23;19;22;22
northamerica;2020-03-31T00:00:00+01:00;+;USA;1;San Francisco;26;City;1;Preowend;2;Cat. A;1;15;13;16;16;53;49;55;51;56;56;58;58;13;13;16;15
northamerica;2020-03-31T00:00:00+01:00;+;USA;1;San Francisco;26;Suburb;2;New;1;Cat. A;1;12;14;11;14;56;58;57;56;30;30;32;29;11;10;14;12
northamerica;2020-03-31T00:00:00+01:00;+;USA;1;San Francisco;26;Suburb;2;Preowend;2;Cat. B;2;34;30;38;34;38;36;38;38;19;24;20;19;38;43;43;38
northamerica;2020-03-31T00:00:00+01:00;+;USA;1;San Francisco;26;Suburb;2;Preowend;2;Cat. B;2;61;65;58;61;57;53;61;56;28;33;24;28;59;58;58;61
northamerica;2020-04-30T00:00:00+01:00;+;USA;1;San Francisco;26;City;1;New;1;Cat. A;1;27;27;22;27;35;33;40;36;57;56;57;56;30;29;32;28
northamerica;2020-04-30T00:00:00+01:00;+;USA;1;San Francisco;26;City;1;Preowend;2;Cat. A;1;10;10;11;11;52;52;50;53;54;58;56;55;14;15;11;15
northamerica;2020-04-30T00:00:00+01:00;+;USA;1;San Francisco;26;Suburb;2;New;1;Cat. A;1;18;18;18;18;52;53;55;52;32;28;31;32;12;10;13;11
northamerica;2020-04-30T00:00:00+01:00;+;USA;1;San Francisco;26;Suburb;2;Preowend;2;Cat. B;2;41;45;41;40;38;38;33;39;26;23;20;25;38;35;41;40
northamerica;2020-04-30T00:00:00+01:00;+;USA;1;San Francisco;26;Suburb;2;Preowend;2;Cat. B;2;60;54;56;59;52;54;54;51;28;26;30;27;59;55;59;58
northamerica;2020-05-31T00:00:00+01:00;+;USA;1;San Francisco;26;City;1;New;1;Cat. A;1;26;23;27;26;32;31;33;32;55;57;52;57;28;33;28;29
northamerica;2020-05-31T00:00:00+01:00;+;USA;1;San Francisco;26;City;1;Preowend;2;Cat. A;1;15;13;13;14;50;48;46;50;53;50;56;53;10;14;10;12
northamerica;2020-05-31T00:00:00+01:00;+;USA;1;San Francisco;26;Suburb;2;New;1;Cat. A;1;11;11;16;13;56;59;58;55;31;31;33;31;12;10;17;13
northamerica;2020-05-31T00:00:00+01:00;+;USA;1;San Francisco;26;Suburb;2;Preowend;2;Cat. B;2;39;39;44;40;34;36;33;34;23;27;28;24;38;34;33;39
northamerica;2020-05-31T00:00:00+01:00;+;USA;1;San Francisco;26;Suburb;2;Preowend;2;Cat. B;2;62;66;66;62;53;57;56;51;35;29;29;35;62;59;57;62
northamerica;2020-06-30T00:00:00+01:00;+;USA;1;San Francisco;26;City;1;New;1;Cat. A;1;24;22;23;22;36;31;37;35;56;56;58;57;27;28;27;27
northamerica;2020-06-30T00:00:00+01:00;+;USA;1;San Francisco;26;City;1;Preowend;2;Cat. A;1;12;10;14;10;55;50;54;53;58;56;55;57;11;12;11;13
northamerica;2020-06-30T00:00:00+01:00;+;USA;1;San Francisco;26;Suburb;2;New;1;Cat. A;1;17;15;21;17;54;57;54;54;34;35;34;34;13;16;15;11
northamerica;2020-06-30T00:00:00+01:00;+;USA;1;San Francisco;26;Suburb;2;Preowend;2;Cat. B;2;36;41;32;37;35;33;32;35;22;24;26;23;40;40;43;38
northamerica;2020-06-30T00:00:00+01:00;+;USA;1;San Francisco;26;Suburb;2;Preowend;2;Cat. B;2;56;60;59;58;50;52;57;50;30;28;34;31;63;59;57;63
northamerica;2020-07-31T00:00:00+01:00;+;USA;1;San Francisco;26;City;1;New;1;Cat. A;1;25;27;24;27;35;33;33;37;55;58;59;56;28;25;30;28
northamerica;2020-07-31T00:00:00+01:00;+;USA;1;San Francisco;26;City;1;Preowend;2;Cat. A;1;12;10;10;11;56;56;52;55;52;55;54;51;10;10;10;10
northamerica;2020-07-31T00:00:00+01:00;+;USA;1;San Francisco;26;Suburb;2;New;1;Cat. A;1;15;16;12;14;49;46;49;50;31;35;32;31;18;17;21;19
northamerica;2020-07-31T00:00:00+01:00;+;USA;1;San Francisco;26;Suburb;2;Preowend;2;Cat. B;2;36;41;32;37;39;41;37;38;22;17;22;20;40;38;37;40
northamerica;2020-07-31T00:00:00+01:00;+;USA;1;San Francisco;26;Suburb;2;Preowend;2;Cat. B;2;60;58;61;60;56;52;55;55;27;24;31;29;62;55;66;60
northamerica;2020-08-31T00:00:00+01:00;+;USA;1;San Francisco;26;City;1;New;1;Cat. A;1;28;31;27;28;37;33;38;36;51;54;51;52;24;21;24;22
northamerica;2020-08-31T00:00:00+01:00;+;USA;1;San Francisco;26;City;1;Preowend;2;Cat. A;1;15;15;17;15;52;51;54;51;55;53;58;57;10;10;11;10
northamerica;2020-08-31T00:00:00+01:00;+;USA;1;San Francisco;26;Suburb;2;New;1;Cat. A;1;16;17;15;16;56;55;53;54;29;27;29;29;13;16;15;14
northamerica;2020-08-31T00:00:00+01:00;+;USA;1;San Francisco;26;Suburb;2;Preowend;2;Cat. B;2;42;43;42;40;35;34;40;35;21;15;19;20;38;35;35;38
northamerica;2020-08-31T00:00:00+01:00;+;USA;1;San Francisco;26;Suburb;2;Preowend;2;Cat. B;2;61;61;65;62;56;52;55;56;30;30;31;28;62;60;59;62
northamerica;2020-09-30T00:00:00+01:00;+;USA;1;San Francisco;26;City;1;New;1;Cat. A;1;23;19;22;23;37;39;35;35;56;59;53;56;28;30;29;27
northamerica;2020-09-30T00:00:00+01:00;+;USA;1;San Francisco;26;City;1;Preowend;2;Cat. A;1;12;10;14;13;53;54;50;53;54;50;54;53;11;13;10;11
northamerica;2020-09-30T00:00:00+01:00;+;USA;1;San Francisco;26;Suburb;2;New;1;Cat. A;1;15;20;20;15;52;56;53;52;36;34;37;35;16;16;20;16
northamerica;2020-09-30T00:00:00+01:00;+;USA;1;San Francisco;26;Suburb;2;Preowend;2;Cat. B;2;38;41;39;37;39;40;39;39;24;27;28;22;39;37;36;38
northamerica;2020-09-30T00:00:00+01:00;+;USA;1;San Francisco;26;Suburb;2;Preowend;2;Cat. B;2;61;61;63;61;52;52;55;52;34;28;40;35;60;62;64;60
northamerica;2020-10-31T00:00:00+01:00;+;USA;1;San Francisco;26;City;1;New;1;Cat. A;1;29;28;25;30;34;36;39;34;53;54;55;53;30;29;30;28
northamerica;2020-10-31T00:00:00+01:00;+;USA;1;San Francisco;26;City;1;Preowend;2;Cat. A;1;10;10;10;10;56;53;54;56;56;54;55;56;10;10;10;11
northamerica;2020-10-31T00:00:00+01:00;+;USA;1;San Francisco;26;Suburb;2;New;1;Cat. A;1;13;15;12;13;53;58;57;54;35;31;36;34;15;12;15;16
northamerica;2020-10-31T00:00:00+01:00;+;USA;1;San Francisco;26;Suburb;2;Preowend;2;Cat. B;2;34;31;34;35;35;34;31;36;24;21;28;25;40;36;45;39
northamerica;2020-10-31T00:00:00+01:00;+;USA;1;San Francisco;26;Suburb;2;Preowend;2;Cat. B;2;59;52;58;59;54;50;49;54;32;37;37;32;60;62;57;58
northamerica;2020-11-30T00:00:00+01:00;+;USA;1;San Francisco;26;City;1;New;1;Cat. A;1;22;19;22;24;32;28;35;31;55;54;56;54;24;19;27;23
northamerica;2020-11-30T00:00:00+01:00;+;USA;1;San Francisco;26;City;1;Preowend;2;Cat. A;1;12;11;10;12;57;54;59;56;58;55;60;57;10;10;10;10
northamerica;2020-11-30T00:00:00+01:00;+;USA;1;San Francisco;26;Suburb;2;New;1;Cat. A;1;13;15;15;12;51;48;55;51;33;38;33;33;16;18;18;17
northamerica;2020-11-30T00:00:00+01:00;+;USA;1;San Francisco;26;Suburb;2;Preowend;2;Cat. B;2;41;37;36;42;34;32;36;33;22;25;18;22;34;30;32;34
northamerica;2020-11-30T00:00:00+01:00;+;USA;1;San Francisco;26;Suburb;2;Preowend;2;Cat. B;2;59;58;60;57;56;49;54;54;29;22;23;27;59;53;63;58
northamerica;2020-12-31T00:00:00+01:00;+;USA;1;San Francisco;26;City;1;New;1;Cat. A;1;28;24;23;27;33;35;37;33;56;53;54;57;26;25;22;24
northamerica;2020-12-31T00:00:00+01:00;+;USA;1;San Francisco;26;City;1;Preowend;2;Cat. A;1;14;13;19;14;57;54;57;55;59;60;58;57;13;13;16;13
northamerica;2020-12-31T00:00:00+01:00;+;USA;1;San Francisco;26;Suburb;2;New;1;Cat. A;1;14;12;12;15;48;47;50;49;32;34;33;32;14;13;15;16
northamerica;2020-12-31T00:00:00+01:00;+;USA;1;San Francisco;26;Suburb;2;Preowend;2;Cat. B;2;37;41;33;36;39;44;42;38;19;21;19;20;41;36;38;41
northamerica;2020-12-31T00:00:00+01:00;+;USA;1;San Francisco;26;Suburb;2;Preowend;2;Cat. B;2;57;58;55;57;52;48;49;51;34;34;37;33;63;65;64;63
northamerica;2021-01-31T00:00:00+01:00;+;USA;1;San Francisco;26;City;1;New;1;Cat. A;1;22;19;21;22;38;35;37;39;57;54;52;55;23;28;26;24
northamerica;2021-01-31T00:00:00+01:00;+;USA;1;San Francisco;26;City;1;Preowend;2;Cat. A;1;12;12;12;13;55;54;60;57;57;61;53;57;14;11;11;15
northamerica;2021-01-31T00:00:00+01:00;+;USA;1;San Francisco;26;Suburb;2;New;1;Cat. A;1;17;18;18;16;52;54;50;53;30;26;28;31;13;14;12;13
northamerica;2021-01-31T00:00:00+01:00;+;USA;1;San Francisco;26;Suburb;2;Preowend;2;Cat. B;2;39;41;35;39;34;38;34;34;24;29;27;24;36;34;36;35
northamerica;2021-01-31T00:00:00+01:00;+;USA;1;San Francisco;26;Suburb;2;Preowend;2;Cat. B;2;59;65;64;60;52;52;50;53;32;34;35;34;58;54;61;56
northamerica;2021-02-28T00:00:00+01:00;+;USA;1;San Francisco;26;City;1;New;1;Cat. A;1;26;25;25;27;38;40;39;38;55;58;54;53;29;29;29;29
northamerica;2021-02-28T00:00:00+01:00;+;USA;1;San Francisco;26;City;1;Preowend;2;Cat. A;1;14;10;13;15;51;48;50;53;53;54;53;54;14;15;14;14
northamerica;2021-02-28T00:00:00+01:00;+;USA;1;San Francisco;26;Suburb;2;New;1;Cat. A;1;12;11;12;13;53;52;52;53;33;35;37;32;12;17;15;13
northamerica;2021-02-28T00:00:00+01:00;+;USA;1;San Francisco;26;Suburb;2;Preowend;2;Cat. B;2;41;45;46;40;38;32;35;38;25;27;19;23;36;35;42;37
northamerica;2021-02-28T00:00:00+01:00;+;USA;1;San Francisco;26;Suburb;2;Preowend;2;Cat. B;2;63;57;61;63;53;54;47;52;28;23;23;27;63;68;69;64
northamerica;2021-03-31T00:00:00+01:00;+;USA;1;San Francisco;26;City;1;New;1;Cat. A;1;22;22;20;23;36;37;35;38;53;51;55;55;29;31;30;28
northamerica;2021-03-31T00:00:00+01:00;+;USA;1;San Francisco;26;City;1;Preowend;2;Cat. A;1;12;16;14;12;56;59;54;55;52;49;48;53;13;16;10;11
northamerica;2021-03-31T00:00:00+01:00;+;USA;1;San Francisco;26;Suburb;2;New;1;Cat. A;1;12;12;11;11;53;52;57;54;32;31;29;34;18;19;20;19
northamerica;2021-03-31T00:00:00+01:00;+;USA;1;San Francisco;26;Suburb;2;Preowend;2;Cat. B;2;37;42;35;38;34;40;38;34;22;20;19;22;40;41;38;41
northamerica;2021-03-31T00:00:00+01:00;+;USA;1;San Francisco;26;Suburb;2;Preowend;2;Cat. B;2;61;57;67;61;50;49;47;51;29;29;23;28;58;57;55;59
northamerica;2021-04-30T00:00:00+01:00;+;USA;1;San Francisco;26;City;1;New;1;Cat. A;1;27;24;30;29;34;36;31;34;51;56;51;53;28;24;29;27
northamerica;2021-04-30T00:00:00+01:00;+;USA;1;San Francisco;26;City;1;Preowend;2;Cat. A;1;12;15;12;11;54;56;59;55;58;60;57;56;11;10;13;10
northamerica;2021-04-30T00:00:00+01:00;+;USA;1;San Francisco;26;Suburb;2;New;1;Cat. A;1;13;11;13;13;56;58;59;56;34;31;31;33;16;17;16;15
northamerica;2021-04-30T00:00:00+01:00;+;USA;1;San Francisco;26;Suburb;2;Preowend;2;Cat. B;2;39;35;35;39;39;44;43;40;21;17;17;21;36;39;36;36
northamerica;2021-04-30T00:00:00+01:00;+;USA;1;San Francisco;26;Suburb;2;Preowend;2;Cat. B;2;60;53;64;59;51;56;54;52;32;32;28;33;62;65;58;61
northamerica;2021-05-31T00:00:00+01:00;+;USA;1;San Francisco;26;City;1;New;1;Cat. A;1;23;20;20;25;37;34;37;37;53;52;54;54;28;30;31;30
northamerica;2021-05-31T00:00:00+01:00;+;USA;1;San Francisco;26;City;1;Preowend;2;Cat. A;1;10;10;10;10;53;51;53;53;59;61;54;57;14;12;12;14
northamerica;2021-05-31T00:00:00+01:00;+;USA;1;San Francisco;26;Suburb;2;New;1;Cat. A;1;14;14;16;16;50;53;49;51;30;27;26;29;14;16;17;16
northamerica;2021-05-31T00:00:00+01:00;+;USA;1;San Francisco;26;Suburb;2;Preowend;2;Cat. B;2;37;40;39;36;36;32;34;36;21;24;18;20;40;44;42;40
northamerica;2021-05-31T00:00:00+01:00;+;USA;1;San Francisco;26;Suburb;2;Preowend;2;Cat. B;2;61;63;67;60;50;50;46;51;28;25;31;28;59;56;63;58
northamerica;2021-06-30T00:00:00+01:00;+;USA;1;San Francisco;26;City;1;New;1;Cat. A;1;28;25;27;30;32;36;35;33;54;52;57;54;23;20;24;22
northamerica;2021-06-30T00:00:00+01:00;+;USA;1;San Francisco;26;City;1;Preowend;2;Cat. A;1;11;10;15;13;55;51;57;55;56;52;53;56;16;16;17;16
northamerica;2021-06-30T00:00:00+01:00;+;USA;1;San Francisco;26;Suburb;2;New;1;Cat. A;1;14;11;16;14;54;52;52;52;34;32;36;35;15;18;15;14
northamerica;2021-06-30T00:00:00+01:00;+;USA;1;San Francisco;26;Suburb;2;Preowend;2;Cat. B;2;34;31;38;34;35;40;30;36;21;23;20;21;39;45;40;41
northamerica;2021-06-30T00:00:00+01:00;+;USA;1;San Francisco;26;Suburb;2;Preowend;2;Cat. B;2;56;53;60;58;53;54;53;54;29;27;35;29;63;68;69;62
northamerica;2021-07-31T00:00:00+01:00;+;USA;1;San Francisco;26;City;1;New;1;Cat. A;1;28;29;33;29;37;37;36;36;54;51;51;55;27;26;27;27
northamerica;2021-07-31T00:00:00+01:00;+;USA;1;San Francisco;26;City;1;Preowend;2;Cat. A;1;15;15;12;16;53;55;54;52;58;56;54;57;11;11;10;12
northamerica;2021-07-31T00:00:00+01:00;+;USA;1;San Francisco;26;Suburb;2;New;1;Cat. A;1;14;15;12;12;55;58;56;55;36;39;37;35;12;16;10;12
northamerica;2021-07-31T00:00:00+01:00;+;USA;1;San Francisco;26;Suburb;2;Preowend;2;Cat. B;2;41;42;42;41;39;41;44;41;22;21;16;22;35;32;36;34
northamerica;2021-07-31T00:00:00+01:00;+;USA;1;San Francisco;26;Suburb;2;Preowend;2;Cat. B;2;57;56;56;58;52;49;53;53;32;30;27;33;62;59;56;60
northamerica;2021-08-31T00:00:00+01:00;+;USA;1;San Francisco;26;City;1;New;1;Cat. A;1;28;27;30;29;34;38;33;34;52;53;47;50;27;25;32;29
northamerica;2021-08-31T00:00:00+01:00;+;USA;1;San Francisco;26;City;1;Preowend;2;Cat. A;1;14;11;16;15;50;55;55;50;53;51;50;52;12;10;17;14
northamerica;2021-08-31T00:00:00+01:00;+;USA;1;San Francisco;26;Suburb;2;New;1;Cat. A;1;15;20;19;17;54;52;57;55;29;27;34;29;16;17;19;16
northamerica;2021-08-31T00:00:00+01:00;+;USA;1;San Francisco;26;Suburb;2;Preowend;2;Cat. B;2;39;43;41;41;34;39;34;35;18;16;20;18;39;43;35;39
northamerica;2021-08-31T00:00:00+01:00;+;USA;1;San Francisco;26;Suburb;2;Preowend;2;Cat. B;2;57;54;60;57;55;55;54;56;31;33;33;31;60;58;56;62
northamerica;2021-09-30T00:00:00+01:00;+;USA;1;San Francisco;26;City;1;New;1;Cat. A;1;30;28;26;28;38;36;41;39;54;52;55;54;26;24;28;25
northamerica;2021-09-30T00:00:00+01:00;+;USA;1;San Francisco;26;City;1;Preowend;2;Cat. A;1;15;12;15;14;52;53;49;52;51;49;55;51;10;10;10;10
northamerica;2021-09-30T00:00:00+01:00;+;USA;1;San Francisco;26;Suburb;2;New;1;Cat. A;1;15;20;13;17;53;54;51;53;30;26;29;29;15;17;11;16
northamerica;2021-09-30T00:00:00+01:00;+;USA;1;San Francisco;26;Suburb;2;Preowend;2;Cat. B;2;39;41;40;38;36;35;41;37;23;24;23;23;39;37;41;37
northamerica;2021-09-30T00:00:00+01:00;+;USA;1;San Francisco;26;Suburb;2;Preowend;2;Cat. B;2;57;54;60;58;55;50;49;53;34;33;36;35;63;64;61;62
northamerica;2021-10-31T00:00:00+01:00;+;USA;1;San Francisco;26;City;1;New;1;Cat. A;1;28;30;26;28;34;36;35;33;52;53;52;52;24;26;23;25
northamerica;2021-10-31T00:00:00+01:00;+;USA;1;San Francisco;26;City;1;Preowend;2;Cat. A;1;12;15;10;11;56;53;54;56;55;53;58;55;12;10;11;10
northamerica;2021-10-31T00:00:00+01:00;+;USA;1;San Francisco;26;Suburb;2;New;1;Cat. A;1;12;10;15;12;52;53;54;51;32;27;33;31;19;14;17;19
northamerica;2021-10-31T00:00:00+01:00;+;USA;1;San Francisco;26;Suburb;2;Preowend;2;Cat. B;2;37;38;38;36;35;31;30;36;23;25;21;21;39;40;34;39
northamerica;2021-10-31T00:00:00+01:00;+;USA;1;San Francisco;26;Suburb;2;Preowend;2;Cat. B;2;62;68;57;62;55;60;54;55;29;33;25;28;62;67;63;60
northamerica;2021-11-30T00:00:00+01:00;+;USA;1;San Francisco;26;City;1;New;1;Cat. A;1;26;25;24;25;36;34;33;37;56;58;56;56;24;24;20;24
northamerica;2021-11-30T00:00:00+01:00;+;USA;1;San Francisco;26;City;1;Preowend;2;Cat. A;1;12;14;14;12;54;57;53;53;57;59;57;56;16;18;12;14
northamerica;2021-11-30T00:00:00+01:00;+;USA;1;San Francisco;26;Suburb;2;New;1;Cat. A;1;14;14;16;13;56;51;57;56;34;31;32;34;13;13;10;11
northamerica;2021-11-30T00:00:00+01:00;+;USA;1;San Francisco;26;Suburb;2;Preowend;2;Cat. B;2;40;37;36;39;41;43;41;40;25;25;27;25;42;45;44;41
northamerica;2021-11-30T00:00:00+01:00;+;USA;1;San Francisco;26;Suburb;2;Preowend;2;Cat. B;2;57;58;64;58;49;54;47;49;28;24;26;27;57;56;64;57
northamerica;2021-12-31T00:00:00+01:00;+;USA;1;San Francisco;26;City;1;New;1;Cat. A;1;23;20;22;22;37;35;37;38;54;57;56;53;25;28;23;25
northamerica;2021-12-31T00:00:00+01:00;+;USA;1;San Francisco;26;City;1;Preowend;2;Cat. A;1;14;11;16;12;52;53;51;53;58;62;61;58;13;12;17;14
northamerica;2021-12-31T00:00:00+01:00;+;USA;1;San Francisco;26;Suburb;2;New;1;Cat. A;1;16;14;16;15;53;53;54;51;30;29;27;30;13;11;16;13
northamerica;2021-12-31T00:00:00+01:00;+;USA;1;San Francisco;26;Suburb;2;Preowend;2;Cat. B;2;37;40;40;37;39;37;35;38;20;16;24;21;40;34;38;38
northamerica;2021-12-31T00:00:00+01:00;+;USA;1;San Francisco;26;Suburb;2;Preowend;2;Cat. B;2;63;58;67;63;49;47;50;51;34;30;31;34;59;55;55;57
northamerica;2022-01-31T00:00:00+01:00;+;USA;1;San Francisco;26;City;1;New;1;Cat. A;1;23;24;21;24;35;37;31;35;58;60;59;56;27;31;31;29
northamerica;2022-01-31T00:00:00+01:00;+;USA;1;San Francisco;26;City;1;Preowend;2;Cat. A;1;16;15;13;16;56;53;52;54;57;61;56;58;14;18;12;13
northamerica;2022-01-31T00:00:00+01:00;+;USA;1;San Francisco;26;Suburb;2;New;1;Cat. A;1;17;13;20;18;52;53;50;50;28;27;29;30;14;15;17;14
northamerica;2022-01-31T00:00:00+01:00;+;USA;1;San Francisco;26;Suburb;2;Preowend;2;Cat. B;2;40;39;35;40;37;38;34;37;23;23;24;24;39;41;40;41
northamerica;2022-01-31T00:00:00+01:00;+;USA;1;San Francisco;26;Suburb;2;Preowend;2;Cat. B;2;62;61;57;60;55;57;54;56;31;32;26;32;63;58;59;62
northamerica;2022-02-28T00:00:00+01:00;+;USA;1;San Francisco;26;City;1;New;1;Cat. A;1;28;24;30;27;37;39;32;37;55;51;51;54;23;27;26;23
northamerica;2022-02-28T00:00:00+01:00;+;USA;1;San Francisco;26;City;1;Preowend;2;Cat. A;1;13;17;18;14;51;48;48;51;55;58;57;55;12;10;13;11
northamerica;2022-02-28T00:00:00+01:00;+;USA;1;San Francisco;26;Suburb;2;New;1;Cat. A;1;15;12;19;15;52;51;55;51;36;35;34;36;15;12;15;17
northamerica;2022-02-28T00:00:00+01:00;+;USA;1;San Francisco;26;Suburb;2;Preowend;2;Cat. B;2;40;40;42;39;34;40;40;34;20;20;20;21;38;41;38;38
northamerica;2022-02-28T00:00:00+01:00;+;USA;1;San Francisco;26;Suburb;2;Preowend;2;Cat. B;2;59;58;56;58;54;49;51;54;33;31;30;32;63;57;59;61
northamerica;2022-03-31T00:00:00+01:00;+;USA;1;San Francisco;26;City;1;New;1;Cat. A;1;24;20;24;23;32;31;35;33;53;52;54;54;25;26;27;26
northamerica;2022-03-31T00:00:00+01:00;+;USA;1;San Francisco;26;City;1;Preowend;2;Cat. A;1;13;11;14;15;54;57;57;54;56;57;60;57;12;10;11;13
northamerica;2022-03-31T00:00:00+01:00;+;USA;1;San Francisco;26;Suburb;2;New;1;Cat. A;1;12;16;10;12;54;53;55;55;35;38;36;34;15;19;15;17
northamerica;2022-03-31T00:00:00+01:00;+;USA;1;San Francisco;26;Suburb;2;Preowend;2;Cat. B;2;39;43;37;40;41;38;44;39;21;25;20;23;38;42;41;39
northamerica;2022-03-31T00:00:00+01:00;+;USA;1;San Francisco;26;Suburb;2;Preowend;2;Cat. B;2;62;67;61;62;55;60;56;53;29;31;24;29;60;63;66;61
northamerica;2022-04-30T00:00:00+01:00;+;USA;1;San Francisco;26;City;1;New;1;Cat. A;1;26;25;26;27;31;35;31;32;55;57;53;55;26;26;23;24
northamerica;2022-04-30T00:00:00+01:00;+;USA;1;San Francisco;26;City;1;Preowend;2;Cat. A;1;13;17;13;14;54;50;53;53;56;54;57;55;10;11;12;10
northamerica;2022-04-30T00:00:00+01:00;+;USA;1;San Francisco;26;Suburb;2;New;1;Cat. A;1;18;19;15;18;49;46;53;50;32;35;35;33;17;20;16;18
northamerica;2022-04-30T00:00:00+01:00;+;USA;1;San Francisco;26;Suburb;2;Preowend;2;Cat. B;2;38;43;34;39;38;41;39;37;19;22;23;20;38;37;34;39
northamerica;2022-04-30T00:00:00+01:00;+;USA;1;San Francisco;26;Suburb;2;Preowend;2;Cat. B;2;57;62;58;57;55;51;55;54;30;36;28;30;58;57;61;60
northamerica;2022-05-31T00:00:00+01:00;+;USA;1;San Francisco;26;City;1;New;1;Cat. A;1;26;23;30;27;35;32;39;35;52;49;51;51;27;26;22;26
northamerica;2022-05-31T00:00:00+01:00;+;USA;1;San Francisco;26;City;1;Preowend;2;Cat. A;1;10;13;12;10;53;56;53;52;54;57;59;55;10;10;13;10
northamerica;2022-05-31T00:00:00+01:00;+;USA;1;San Francisco;26;Suburb;2;New;1;Cat. A;1;15;20;17;17;53;50;58;54;34;32;34;35;14;10;15;13
northamerica;2022-05-31T00:00:00+01:00;+;USA;1;San Francisco;26;Suburb;2;Preowend;2;Cat. B;2;41;44;43;42;35;36;40;36;23;22;21;23;35;33;36;35
northamerica;2022-05-31T00:00:00+01:00;+;USA;1;San Francisco;26;Suburb;2;Preowend;2;Cat. B;2;62;55;62;61;55;57;57;55;31;32;27;30;56;53;62;57
northamerica;2022-06-30T00:00:00+01:00;+;USA;1;San Francisco;26;City;1;New;1;Cat. A;1;26;22;26;24;37;34;34;37;54;50;52;54;28;24;31;28
northamerica;2022-06-30T00:00:00+01:00;+;USA;1;San Francisco;26;City;1;Preowend;2;Cat. A;1;16;17;14;16;57;52;57;55;56;57;55;57;12;10;10;12
northamerica;2022-06-30T00:00:00+01:00;+;USA;1;San Francisco;26;Suburb;2;New;1;Cat. A;1;15;19;17;15;54;51;57;56;30;26;30;29;14;14;12;14
northamerica;2022-06-30T00:00:00+01:00;+;USA;1;San Francisco;26;Suburb;2;Preowend;2;Cat. B;2;40;39;40;40;35;35;32;34;24;22;21;25;37;39;40;36
northamerica;2022-06-30T00:00:00+01:00;+;USA;1;San Francisco;26;Suburb;2;Preowend;2;Cat. B;2;60;65;65;60;57;55;60;55;28;28;31;29;57;55;52;57
northamerica;2022-07-31T00:00:00+01:00;+;USA;1;San Francisco;26;City;1;New;1;Cat. A;1;28;28;23;27;31;33;34;33;53;50;49;53;25;28;23;27
northamerica;2022-07-31T00:00:00+01:00;+;USA;1;San Francisco;26;City;1;Preowend;2;Cat. A;1;16;18;15;14;51;54;47;49;58;57;54;59;10;10;14;10
northamerica;2022-07-31T00:00:00+01:00;+;USA;1;San Francisco;26;Suburb;2;New;1;Cat. A;1;13;15;16;13;52;53;49;52;32;30;27;32;12;17;13;12
northamerica;2022-07-31T00:00:00+01:00;+;USA;1;San Francisco;26;Suburb;2;Preowend;2;Cat. B;2;37;32;37;37;34;38;33;36;18;23;15;18;40;40;34;39
northamerica;2022-07-31T00:00:00+01:00;+;USA;1;San Francisco;26;Suburb;2;Preowend;2;Cat. B;2;63;64;65;62;55;53;58;56;31;34;30;32;58;62;56;60
northamerica;2022-08-31T00:00:00+01:00;+;USA;1;San Francisco;26;City;1;New;1;Cat. A;1;29;26;27;29;36;31;36;35;54;56;53;54;25;21;26;25
northamerica;2022-08-31T00:00:00+01:00;+;USA;1;San Francisco;26;City;1;Preowend;2;Cat. A;1;13;10;13;12;50;51;51;52;53;50;54;52;10;10;10;10
northamerica;2022-08-31T00:00:00+01:00;+;USA;1;San Francisco;26;Suburb;2;New;1;Cat. A;1;12;14;14;11;52;48;53;53;31;36;33;33;17;20;19;17
northamerica;2022-08-31T00:00:00+01:00;+;USA;1;San Francisco;26;Suburb;2;Preowend;2;Cat. B;2;38;42;36;39;37;42;37;38;23;21;25;22;37;40;31;37
northamerica;2022-08-31T00:00:00+01:00;+;USA;1;San Francisco;26;Suburb;2;Preowend;2;Cat. B;2;57;63;64;59;53;52;58;51;35;29;28;33;58;58;64;58
northamerica;2022-09-30T00:00:00+01:00;+;USA;1;San Francisco;26;City;1;New;1;Cat. A;1;26;24;26;27;33;31;30;31;56;54;53;56;29;31;27;28
northamerica;2022-09-30T00:00:00+01:00;+;USA;1;San Francisco;26;City;1;Preowend;2;Cat. A;1;13;10;11;11;52;57;52;52;53;54;51;52;14;18;10;13
northamerica;2022-09-30T00:00:00+01:00;+;USA;1;San Francisco;26;Suburb;2;New;1;Cat. A;1;13;12;18;14;52;50;53;52;30;32;34;30;18;22;14;19
northamerica;2022-09-30T00:00:00+01:00;+;USA;1;San Francisco;26;Suburb;2;Preowend;2;Cat. B;2;39;35;40;41;37;41;36;37;22;26;19;23;35;35;30;34
northamerica;2022-09-30T00:00:00+01:00;+;USA;1;San Francisco;26;Suburb;2;Preowend;2;Cat. B;2;64;65;68;64;52;53;54;51;31;34;24;30;58;61;63;58
northamerica;2022-10-31T00:00:00+01:00;+;USA;1;San Francisco;26;City;1;New;1;Cat. A;1;27;31;31;26;37;34;37;37;51;53;48;52;30;30;29;28
northamerica;2022-10-31T00:00:00+01:00;+;USA;1;San Francisco;26;City;1;Preowend;2;Cat. A;1;12;13;14;11;50;52;52;51;53;53;52;52;10;10;10;10
northamerica;2022-10-31T00:00:00+01:00;+;USA;1;San Francisco;26;Suburb;2;New;1;Cat. A;1;17;19;19;17;53;53;48;51;31;29;30;30;14;14;19;14
northamerica;2022-10-31T00:00:00+01:00;+;USA;1;San Francisco;26;Suburb;2;Preowend;2;Cat. B;2;41;42;40;42;37;41;42;36;21;25;21;19;36;37;33;37
northamerica;2022-10-31T00:00:00+01:00;+;USA;1;San Francisco;26;Suburb;2;Preowend;2;Cat. B;2;62;60;63;60;52;50;57;50;30;26;35;31;57;62;55;57
northamerica;2022-11-30T00:00:00+01:00;+;USA;1;San Francisco;26;City;1;New;1;Cat. A;1;27;25;31;27;32;36;37;33;53;52;53;53;26;25;29;25
northamerica;2022-11-30T00:00:00+01:00;+;USA;1;San Francisco;26;City;1;Preowend;2;Cat. A;1;15;11;17;14;50;53;55;50;52;54;57;54;15;19;15;16
northamerica;2022-11-30T00:00:00+01:00;+;USA;1;San Francisco;26;Suburb;2;New;1;Cat. A;1;14;14;16;13;48;53;52;49;30;30;26;30;16;20;15;18
northamerica;2022-11-30T00:00:00+01:00;+;USA;1;San Francisco;26;Suburb;2;Preowend;2;Cat. B;2;40;40;41;40;37;39;41;38;18;20;15;20;39;39;39;39
northamerica;2022-11-30T00:00:00+01:00;+;USA;1;San Francisco;26;Suburb;2;Preowend;2;Cat. B;2;58;62;58;59;50;49;45;51;29;24;26;27;61;57;63;61
northamerica;2022-12-31T00:00:00+01:00;+;USA;1;San Francisco;26;City;1;New;1;Cat. A;1;23;21;26;23;35;37;30;35;56;57;55;56;24;25;25;25
northamerica;2022-12-31T00:00:00+01:00;+;USA;1;San Francisco;26;City;1;Preowend;2;Cat. A;1;10;10;10;10;51;53;48;51;55;52;57;56;14;11;15;14
northamerica;2022-12-31T00:00:00+01:00;+;USA;1;San Francisco;26;Suburb;2;New;1;Cat. A;1;14;13;10;14;51;47;49;50;31;35;36;31;14;11;18;14
northamerica;2022-12-31T00:00:00+01:00;+;USA;1;San Francisco;26;Suburb;2;Preowend;2;Cat. B;2;38;44;38;39;35;35;40;36;21;21;26;23;41;40;40;41
northamerica;2022-12-31T00:00:00+01:00;+;USA;1;San Francisco;26;Suburb;2;Preowend;2;Cat. B;2;62;63;65;62;51;47;54;51;32;37;27;33;59;62;58;59
northamerica;2023-01-31T00:00:00+01:00;+;USA;1;San Francisco;26;City;1;New;1;Cat. A;1;28;27;31;26;36;34;35;37;50;47;54;50;26;28;26;26
northamerica;2023-01-31T00:00:00+01:00;+;USA;1;San Francisco;26;City;1;Preowend;2;Cat. A;1;12;10;13;12;49;50;51;51;54;50;49;54;10;13;12;10
northamerica;2023-01-31T00:00:00+01:00;+;USA;1;San Francisco;26;Suburb;2;New;1;Cat. A;1;13;15;12;14;48;52;47;48;28;32;28;29;14;14;10;13
northamerica;2023-01-31T00:00:00+01:00;+;USA;1;San Francisco;26;Suburb;2;Preowend;2;Cat. B;2;41;36;41;42;34;34;37;34;20;18;20;19;39;41;45;40
northamerica;2023-01-31T00:00:00+01:00;+;USA;1;San Francisco;26;Suburb;2;Preowend;2;Cat. B;2;59;56;62;59;53;60;52;54;28;26;33;30;57;63;60;58
northamerica;2023-02-28T00:00:00+01:00;+;USA;1;San Francisco;26;City;1;New;1;Cat. A;1;25;28;22;27;33;38;37;33;52;52;48;53;26;23;26;27
northamerica;2023-02-28T00:00:00+01:00;+;USA;1;San Francisco;26;City;1;Preowend;2;Cat. A;1;14;14;11;13;52;48;50;51;52;54;52;53;14;13;16;15
northamerica;2023-02-28T00:00:00+01:00;+;USA;1;San Francisco;26;Suburb;2;New;1;Cat. A;1;17;20;16;19;51;48;48;49;33;32;31;32;12;11;16;13
northamerica;2023-02-28T00:00:00+01:00;+;USA;1;San Francisco;26;Suburb;2;Preowend;2;Cat. B;2;39;42;43;38;35;36;32;37;23;22;25;23;36;41;36;38
northamerica;2023-02-28T00:00:00+01:00;+;USA;1;San Francisco;26;Suburb;2;Preowend;2;Cat. B;2;60;59;55;59;54;59;59;54;31;33;34;30;60;57;62;59
northamerica;2023-03-31T00:00:00+01:00;+;USA;1;San Francisco;26;City;1;New;1;Cat. A;1;26;29;22;25;34;31;32;34;53;51;53;53;27;30;29;26
northamerica;2023-03-31T00:00:00+01:00;+;USA;1;San Francisco;26;City;1;Preowend;2;Cat. A;1;16;15;13;14;51;51;55;50;57;57;58;57;15;19;19;16
northamerica;2023-03-31T00:00:00+01:00;+;USA;1;San Francisco;26;Suburb;2;New;1;Cat. A;1;18;16;21;18;49;51;48;50;33;32;29;34;14;16;14;15
northamerica;2023-03-31T00:00:00+01:00;+;USA;1;San Francisco;26;Suburb;2;Preowend;2;Cat. B;2;36;34;41;36;34;35;29;34;22;25;26;22;36;32;34;35
northamerica;2023-03-31T00:00:00+01:00;+;USA;1;San Francisco;26;Suburb;2;Preowend;2;Cat. B;2;57;57;52;56;53;46;56;51;30;37;28;30;62;59;58;64
northamerica;2023-04-30T00:00:00+01:00;+;USA;1;San Francisco;26;City;1;New;1;Cat. A;1;24;21;22;23;33;37;32;32;54;53;59;55;25;22;25;24
northamerica;2023-04-30T00:00:00+01:00;+;USA;1;San Francisco;26;City;1;Preowend;2;Cat. A;1;11;10;12;11;54;51;50;53;58;59;57;58;10;11;10;10
northamerica;2023-04-30T00:00:00+01:00;+;USA;1;San Francisco;26;Suburb;2;New;1;Cat. A;1;14;17;18;14;49;53;53;48;34;32;36;36;15;15;14;16
northamerica;2023-04-30T00:00:00+01:00;+;USA;1;San Francisco;26;Suburb;2;Preowend;2;Cat. B;2;38;44;40;38;36;36;35;36;21;25;15;19;35;37;40;37
northamerica;2023-04-30T00:00:00+01:00;+;USA;1;San Francisco;26;Suburb;2;Preowend;2;Cat. B;2;58;59;53;59;50;47;46;49;29;30;23;28;63;62;62;62
northamerica;2023-05-31T00:00:00+01:00;+;USA;1;San Francisco;26;City;1;New;1;Cat. A;1;26;24;28;25;35;35;37;36;56;52;55;55;27;30;28;27
northamerica;2023-05-31T00:00:00+01:00;+;USA;1;San Francisco;26;City;1;Preowend;2;Cat. A;1;13;10;16;14;51;52;53;51;56;55;60;55;15;11;14;15
northamerica;2023-05-31T00:00:00+01:00;+;USA;1;San Francisco;26;Suburb;2;New;1;Cat. A;1;18;15;16;17;55;51;50;53;31;32;29;32;14;11;17;14
northamerica;2023-05-31T00:00:00+01:00;+;USA;1;San Francisco;26;Suburb;2;Preowend;2;Cat. B;2;39;37;39;38;39;37;42;39;21;25;26;23;36;37;37;37
northamerica;2023-05-31T00:00:00+01:00;+;USA;1;San Francisco;26;Suburb;2;Preowend;2;Cat. B;2;61;65;58;59;55;51;56;55;31;26;37;33;60;59;58;58
northamerica;2023-06-30T00:00:00+01:00;+;USA;1;San Francisco;26;City;1;New;1;Cat. A;1;25;24;27;26;37;37;36;36;54;56;56;55;25;22;21;24
northamerica;2023-06-30T00:00:00+01:00;+;USA;1;San Francisco;26;City;1;Preowend;2;Cat. A;1;13;17;15;15;50;46;54;51;58;58;61;57;16;18;14;15
northamerica;2023-06-30T00:00:00+01:00;+;USA;1;San Francisco;26;Suburb;2;New;1;Cat. A;1;18;16;17;17;53;53;54;52;32;28;29;31;14;17;15;12
northamerica;2023-06-30T00:00:00+01:00;+;USA;1;San Francisco;26;Suburb;2;Preowend;2;Cat. B;2;37;42;41;37;36;30;40;35;23;29;28;25;42;45;45;40
northamerica;2023-06-30T00:00:00+01:00;+;USA;1;San Francisco;26;Suburb;2;Preowend;2;Cat. B;2;60;54;57;58;50;56;44;51;34;28;38;33;60;56;63;59
northamerica;2023-07-31T00:00:00+01:00;+;USA;1;San Francisco;26;City;1;New;1;Cat. A;1;25;28;25;26;37;34;35;36;53;53;56;52;28;28;27;29
northamerica;2023-07-31T00:00:00+01:00;+;USA;1;San Francisco;26;City;1;Preowend;2;Cat. A;1;13;14;12;14;56;57;51;55;57;58;54;59;10;13;10;11
northamerica;2023-07-31T00:00:00+01:00;+;USA;1;San Francisco;26;Suburb;2;New;1;Cat. A;1;18;16;19;18;52;52;49;51;30;34;28;29;15;11;18;15
northamerica;2023-07-31T00:00:00+01:00;+;USA;1;San Francisco;26;Suburb;2;Preowend;2;Cat. B;2;39;40;40;38;34;31;37;33;21;22;15;19;35;40;38;37
northamerica;2023-07-31T00:00:00+01:00;+;USA;1;San Francisco;26;Suburb;2;Preowend;2;Cat. B;2;63;59;61;61;51;49;53;49;31;33;31;33;59;57;55;60
northamerica;2023-08-31T00:00:00+01:00;+;USA;1;San Francisco;26;City;1;New;1;Cat. A;1;23;22;22;23;34;36;29;34;56;52;56;57;28;32;32;29
northamerica;2023-08-31T00:00:00+01:00;+;USA;1;San Francisco;26;City;1;Preowend;2;Cat. A;1;13;12;16;12;53;51;49;54;52;54;52;52;14;11;11;14
northamerica;2023-08-31T00:00:00+01:00;+;USA;1;San Francisco;26;Suburb;2;New;1;Cat. A;1;19;20;18;18;50;47;49;49;30;28;32;30;16;17;19;14
northamerica;2023-08-31T00:00:00+01:00;+;USA;1;San Francisco;26;Suburb;2;Preowend;2;Cat. B;2;40;38;36;38;36;41;37;35;22;23;22;22;40;45;45;40
northamerica;2023-08-31T00:00:00+01:00;+;USA;1;San Francisco;26;Suburb;2;Preowend;2;Cat. B;2;59;61;53;57;54;54;55;56;33;30;38;33;59;60;54;58
northamerica;2023-09-30T00:00:00+01:00;+;USA;1;San Francisco;26;City;1;New;1;Cat. A;1;25;27;23;27;34;35;32;33;55;52;53;53;28;27;28;29
northamerica;2023-09-30T00:00:00+01:00;+;USA;1;San Francisco;26;City;1;Preowend;2;Cat. A;1;15;17;13;15;52;54;53;52;57;58;61;56;11;10;11;10
northamerica;2023-09-30T00:00:00+01:00;+;USA;1;San Francisco;26;Suburb;2;New;1;Cat. A;1;11;14;12;11;54;54;51;53;32;30;34;33;14;13;15;15
northamerica;2023-09-30T00:00:00+01:00;+;USA;1;San Francisco;26;Suburb;2;Preowend;2;Cat. B;2;38;38;33;37;38;36;35;38;21;15;18;21;35;39;31;35
northamerica;2023-09-30T00:00:00+01:00;+;USA;1;San Francisco;26;Suburb;2;Preowend;2;Cat. B;2;57;53;57;58;57;56;53;56;28;24;29;27;63;57;58;62
northamerica;2023-10-31T00:00:00+01:00;+;USA;1;San Francisco;26;City;1;New;1;Cat. A;1;24;27;28;25;38;40;39;37;54;53;55;53;26;23;27;26
northamerica;2023-10-31T00:00:00+01:00;+;USA;1;San Francisco;26;City;1;Preowend;2;Cat. A;1;12;10;12;12;52;51;56;54;58;61;55;56;10;10;10;11
northamerica;2023-10-31T00:00:00+01:00;+;USA;1;San Francisco;26;Suburb;2;New;1;Cat. A;1;14;17;12;15;55;54;51;55;35;32;35;36;15;16;17;14
northamerica;2023-10-31T00:00:00+01:00;+;USA;1;San Francisco;26;Suburb;2;Preowend;2;Cat. B;2;37;41;37;39;39;36;40;38;19;22;16;18;42;43;45;41
northamerica;2023-10-31T00:00:00+01:00;+;USA;1;San Francisco;26;Suburb;2;Preowend;2;Cat. B;2;61;68;56;63;53;53;48;54;28;31;24;29;58;55;64;59
northamerica;2023-11-30T00:00:00+01:00;+;USA;1;San Francisco;26;City;1;New;1;Cat. A;1;27;30;27;25;36;32;35;35;56;54;55;56;24;26;20;22
northamerica;2023-11-30T00:00:00+01:00;+;USA;1;San Francisco;26;City;1;Preowend;2;Cat. A;1;10;10;10;10;51;51;51;51;52;51;51;52;12;10;10;11
northamerica;2023-11-30T00:00:00+01:00;+;USA;1;San Francisco;26;Suburb;2;New;1;Cat. A;1;12;16;10;11;54;59;56;54;29;27;29;31;14;16;16;12
northamerica;2023-11-30T00:00:00+01:00;+;USA;1;San Francisco;26;Suburb;2;Preowend;2;Cat. B;2;40;36;41;40;40;41;42;41;23;22;25;23;39;41;37;37
northamerica;2023-11-30T00:00:00+01:00;+;USA;1;San Francisco;26;Suburb;2;Preowend;2;Cat. B;2;58;57;53;58;54;58;52;55;34;33;35;34;59;54;60;59
northamerica;2023-12-31T00:00:00+01:00;+;USA;1;San Francisco;26;City;1;New;1;Cat. A;1;28;29;33;30;32;29;36;33;54;52;50;53;28;31;24;26
northamerica;2023-12-31T00:00:00+01:00;+;USA;1;San Francisco;26;City;1;Preowend;2;Cat. A;1;11;10;10;11;49;47;50;49;59;62;55;57;10;12;11;10
northamerica;2023-12-31T00:00:00+01:00;+;USA;1;San Francisco;26;Suburb;2;New;1;Cat. A;1;12;16;13;14;49;45;49;49;33;32;37;33;15;12;18;15
northamerica;2023-12-31T00:00:00+01:00;+;USA;1;San Francisco;26;Suburb;2;Preowend;2;Cat. B;2;35;40;34;34;35;31;40;35;25;22;29;24;38;38;34;40
northamerica;2023-12-31T00:00:00+01:00;+;USA;1;San Francisco;26;Suburb;2;Preowend;2;Cat. B;2;61;66;66;62;53;50;51;55;33;31;35;33;60;58;60;60
northamerica;2024-01-31T00:00:00+01:00;+;USA;1;San Francisco;26;City;1;New;1;Cat. A;1;27;31;30;27;33;36;35;35;51;48;52;50;23;27;22;24
northamerica;2024-01-31T00:00:00+01:00;+;USA;1;San Francisco;26;City;1;Preowend;2;Cat. A;1;10;12;14;12;49;47;52;50;58;60;60;59;12;15;10;11
northamerica;2024-01-31T00:00:00+01:00;+;USA;1;San Francisco;26;Suburb;2;New;1;Cat. A;1;12;10;11;14;55;51;55;55;34;34;30;32;13;13;16;11
northamerica;2024-01-31T00:00:00+01:00;+;USA;1;San Francisco;26;Suburb;2;Preowend;2;Cat. B;2;35;36;30;34;39;40;38;40;20;23;20;20;34;38;39;34
northamerica;2024-01-31T00:00:00+01:00;+;USA;1;San Francisco;26;Suburb;2;Preowend;2;Cat. B;2;58;52;53;58;55;55;56;55;29;30;31;30;57;51;53;57
northamerica;2024-02-29T00:00:00+01:00;+;USA;1;San Francisco;26;City;1;New;1;Cat. A;1;22;26;27;24;36;39;35;35;56;58;52;56;26;26;31;26
northamerica;2024-02-29T00:00:00+01:00;+;USA;1;San Francisco;26;City;1;Preowend;2;Cat. A;1;12;10;12;10;52;53;56;52;56;61;53;56;13;10;10;11
northamerica;2024-02-29T00:00:00+01:00;+;USA;1;San Francisco;26;Suburb;2;New;1;Cat. A;1;12;16;10;12;55;51;54;55;28;25;29;29;17;19;20;18
northamerica;2024-02-29T00:00:00+01:00;+;USA;1;San Francisco;26;Suburb;2;Preowend;2;Cat. B;2;40;44;41;39;38;42;33;37;20;25;23;21;37;40;34;35
northamerica;2024-02-29T00:00:00+01:00;+;USA;1;San Francisco;26;Suburb;2;Preowend;2;Cat. B;2;59;54;62;59;51;56;47;51;29;22;25;27;57;63;57;57
northamerica;2024-03-31T00:00:00+01:00;+;USA;1;San Francisco;26;City;1;New;1;Cat. A;1;24;20;25;24;36;37;39;36;51;53;51;52;27;24;22;27
northamerica;2024-03-31T00:00:00+01:00;+;USA;1;San Francisco;26;City;1;Preowend;2;Cat. A;1;13;17;10;14;52;57;55;54;53;51;52;53;13;13;10;13
northamerica;2024-03-31T00:00:00+01:00;+;USA;1;San Francisco;26;Suburb;2;New;1;Cat. A;1;14;17;17;13;51;51;54;51;31;32;28;29;19;15;20;17
northamerica;2024-03-31T00:00:00+01:00;+;USA;1;San Francisco;26;Suburb;2;Preowend;2;Cat. B;2;40;36;42;41;37;33;34;35;24;18;19;23;39;41;41;41
northamerica;2024-03-31T00:00:00+01:00;+;USA;1;San Francisco;26;Suburb;2;Preowend;2;Cat. B;2;59;55;65;61;51;57;53;52;33;33;36;34;61;65;66;61
northamerica;2024-04-30T00:00:00+01:00;+;USA;1;San Francisco;26;City;1;New;1;Cat. A;1;23;19;24;24;38;35;36;38;57;59;58;57;26;25;22;26
northamerica;2024-04-30T00:00:00+01:00;+;USA;1;San Francisco;26;City;1;Preowend;2;Cat. A;1;12;15;10;12;52;49;49;51;54;51;58;54;11;16;10;13
northamerica;2024-04-30T00:00:00+01:00;+;USA;1;San Francisco;26;Suburb;2;New;1;Cat. A;1;15;13;15;15;54;57;52;54;32;34;34;32;18;21;20;17
northamerica;2024-04-30T00:00:00+01:00;+;USA;1;San Francisco;26;Suburb;2;Preowend;2;Cat. B;2;36;35;37;38;35;37;39;34;25;19;27;24;39;43;41;41
northamerica;2024-04-30T00:00:00+01:00;+;USA;1;San Francisco;26;Suburb;2;Preowend;2;Cat. B;2;64;68;60;62;55;52;53;54;32;36;36;34;62;64;61;61
northamerica;2024-05-31T00:00:00+01:00;+;USA;1;San Francisco;26;City;1;New;1;Cat. A;1;25;20;21;25;37;37;42;39;56;53;53;57;22;19;22;23
northamerica;2024-05-31T00:00:00+01:00;+;USA;1;San Francisco;26;City;1;Preowend;2;Cat. A;1;16;15;11;14;56;52;57;56;55;51;53;55;11;15;14;10
northamerica;2024-05-31T00:00:00+01:00;+;USA;1;San Francisco;26;Suburb;2;New;1;Cat. A;1;18;13;18;18;53;52;57;55;36;31;35;35;17;20;15;19
northamerica;2024-05-31T00:00:00+01:00;+;USA;1;San Francisco;26;Suburb;2;Preowend;2;Cat. B;2;40;44;42;41;39;41;36;38;18;20;23;19;38;40;37;39
northamerica;2024-05-31T00:00:00+01:00;+;USA;1;San Francisco;26;Suburb;2;Preowend;2;Cat. B;2;60;65;61;60;54;58;55;56;32;34;36;31;58;63;53;58
northamerica;2024-06-30T00:00:00+01:00;+;USA;1;San Francisco;26;City;1;New;1;Cat. A;1;26;30;29;27;37;33;36;35;52;49;51;51;24;28;28;24
northamerica;2024-06-30T00:00:00+01:00;+;USA;1;San Francisco;26;City;1;Preowend;2;Cat. A;1;11;12;12;10;50;52;48;50;58;62;55;59;14;17;17;14
northamerica;2024-06-30T00:00:00+01:00;+;USA;1;San Francisco;26;Suburb;2;New;1;Cat. A;1;19;19;14;17;51;49;51;53;32;28;35;32;17;13;16;15
northamerica;2024-06-30T00:00:00+01:00;+;USA;1;San Francisco;26;Suburb;2;Preowend;2;Cat. B;2;36;40;38;35;33;37;31;35;21;16;19;19;37;38;34;37
northamerica;2024-06-30T00:00:00+01:00;+;USA;1;San Francisco;26;Suburb;2;Preowend;2;Cat. B;2;61;57;66;60;54;60;50;53;31;35;27;31;61;59;56;63
northamerica;2024-07-31T00:00:00+01:00;+;USA;1;San Francisco;26;City;1;New;1;Cat. A;1;28;29;28;28;36;40;36;35;50;48;47;52;24;24;26;25
northamerica;2024-07-31T00:00:00+01:00;+;USA;1;San Francisco;26;City;1;Preowend;2;Cat. A;1;13;11;10;12;51;46;47;51;56;59;55;55;12;14;10;12
northamerica;2024-07-31T00:00:00+01:00;+;USA;1;San Francisco;26;Suburb;2;New;1;Cat. A;1;11;10;10;11;54;54;55;54;32;34;36;34;14;12;11;13
northamerica;2024-07-31T00:00:00+01:00;+;USA;1;San Francisco;26;Suburb;2;Preowend;2;Cat. B;2;39;43;35;40;39;43;39;39;22;18;18;23;35;34;31;35
northamerica;2024-07-31T00:00:00+01:00;+;USA;1;San Francisco;26;Suburb;2;Preowend;2;Cat. B;2;60;64;57;59;56;61;57;55;34;33;34;33;62;57;59;62
northamerica;2024-08-31T00:00:00+01:00;+;USA;1;San Francisco;26;City;1;New;1;Cat. A;1;25;30;25;27;35;30;35;33;55;51;52;56;26;30;29;28
northamerica;2024-08-31T00:00:00+01:00;+;USA;1;San Francisco;26;City;1;Preowend;2;Cat. A;1;13;10;13;13;51;50;54;51;56;55;56;58;12;15;13;12
northamerica;2024-08-31T00:00:00+01:00;+;USA;1;San Francisco;26;Suburb;2;New;1;Cat. A;1;15;17;19;15;51;50;52;51;33;37;33;32;14;18;18;15
northamerica;2024-08-31T00:00:00+01:00;+;USA;1;San Francisco;26;Suburb;2;Preowend;2;Cat. B;2;40;42;45;40;34;34;37;34;23;24;25;22;38;37;38;37
northamerica;2024-08-31T00:00:00+01:00;+;USA;1;San Francisco;26;Suburb;2;Preowend;2;Cat. B;2;63;59;64;64;54;53;55;56;33;28;36;33;59;60;57;57
northamerica;2024-09-30T00:00:00+01:00;+;USA;1;San Francisco;26;City;1;New;1;Cat. A;1;27;30;29;25;34;31;31;35;52;55;56;52;23;24;21;24
northamerica;2024-09-30T00:00:00+01:00;+;USA;1;San Francisco;26;City;1;Preowend;2;Cat. A;1;11;14;11;11;54;53;57;55;56;52;51;54;13;18;18;14
northamerica;2024-09-30T00:00:00+01:00;+;USA;1;San Francisco;26;Suburb;2;New;1;Cat. A;1;18;21;20;17;55;59;59;56;36;37;38;36;14;13;11;12
northamerica;2024-09-30T00:00:00+01:00;+;USA;1;San Francisco;26;Suburb;2;Preowend;2;Cat. B;2;38;37;39;38;39;40;36;38;23;25;22;24;35;35;31;36
northamerica;2024-09-30T00:00:00+01:00;+;USA;1;San Francisco;26;Suburb;2;Preowend;2;Cat. B;2;61;61;59;61;52;48;51;52;35;31;39;35;58;63;62;60
northamerica;2024-10-31T00:00:00+01:00;+;USA;1;San Francisco;26;City;1;New;1;Cat. A;1;27;32;30;29;39;40;39;37;55;54;56;54;26;24;30;26
northamerica;2024-10-31T00:00:00+01:00;+;USA;1;San Francisco;26;City;1;Preowend;2;Cat. A;1;16;14;17;15;55;53;57;56;58;55;55;57;11;10;10;11
northamerica;2024-10-31T00:00:00+01:00;+;USA;1;San Francisco;26;Suburb;2;New;1;Cat. A;1;16;16;18;16;51;50;52;50;31;35;30;30;12;11;11;13
northamerica;2024-10-31T00:00:00+01:00;+;USA;1;San Francisco;26;Suburb;2;Preowend;2;Cat. B;2;41;36;43;39;33;31;30;35;19;23;22;18;35;39;35;36
northamerica;2024-10-31T00:00:00+01:00;+;USA;1;San Francisco;26;Suburb;2;Preowend;2;Cat. B;2;62;61;63;63;52;49;50;53;35;31;30;35;62;60;66;62
northamerica;2024-11-30T00:00:00+01:00;+;USA;1;San Francisco;26;City;1;New;1;Cat. A;1;23;28;23;24;33;33;37;32;56;60;52;57;28;30;32;28
northamerica;2024-11-30T00:00:00+01:00;+;USA;1;San Francisco;26;City;1;Preowend;2;Cat. A;1;10;11;14;10;51;53;49;51;55;55;59;55;16;13;15;15
northamerica;2024-11-30T00:00:00+01:00;+;USA;1;San Francisco;26;Suburb;2;New;1;Cat. A;1;15;16;19;16;56;51;51;55;33;29;33;33;17;15;12;16
northamerica;2024-11-30T00:00:00+01:00;+;USA;1;San Francisco;26;Suburb;2;Preowend;2;Cat. B;2;36;36;39;37;41;44;43;40;21;21;21;22;37;35;33;36
northamerica;2024-11-30T00:00:00+01:00;+;USA;1;San Francisco;26;Suburb;2;Preowend;2;Cat. B;2;61;66;56;63;53;55;52;55;32;37;36;32;60;61;54;60
northamerica;2024-12-31T00:00:00+01:00;+;USA;1;San Francisco;26;City;1;New;1;Cat. A;1;22;20;24;24;32;31;37;33;51;51;54;53;23;19;24;23
northamerica;2024-12-31T00:00:00+01:00;+;USA;1;San Francisco;26;City;1;Preowend;2;Cat. A;1;16;16;13;14;50;46;46;51;57;60;60;57;11;10;10;11
northamerica;2024-12-31T00:00:00+01:00;+;USA;1;San Francisco;26;Suburb;2;New;1;Cat. A;1;12;16;12;13;50;54;50;49;33;36;37;34;16;15;17;15
northamerica;2024-12-31T00:00:00+01:00;+;USA;1;San Francisco;26;Suburb;2;Preowend;2;Cat. B;2;39;38;37;39;34;38;40;35;19;17;21;20;41;43;39;40
northamerica;2024-12-31T00:00:00+01:00;+;USA;1;San Francisco;26;Suburb;2;Preowend;2;Cat. B;2;63;58;57;63;52;57;50;52;33;35;32;33;58;55;57;58
northamerica;2025-01-31T00:00:00+01:00;+;USA;1;San Francisco;26;City;1;New;1;Cat. A;1;22;21;24;23;34;37;37;32;57;54;55;55;28;32;25;28
northamerica;2025-01-31T00:00:00+01:00;+;USA;1;San Francisco;26;City;1;Preowend;2;Cat. A;1;10;12;10;10;51;54;47;51;58;56;58;58;16;16;15;16
northamerica;2025-01-31T00:00:00+01:00;+;USA;1;San Francisco;26;Suburb;2;New;1;Cat. A;1;19;21;15;17;51;49;53;53;31;35;34;30;16;13;15;17
northamerica;2025-01-31T00:00:00+01:00;+;USA;1;San Francisco;26;Suburb;2;Preowend;2;Cat. B;2;36;40;37;35;38;36;38;38;25;25;28;24;38;33;32;38
northamerica;2025-01-31T00:00:00+01:00;+;USA;1;San Francisco;26;Suburb;2;Preowend;2;Cat. B;2;58;61;56;58;52;52;47;51;33;38;30;35;59;58;53;58
northamerica;2025-02-28T00:00:00+01:00;+;USA;1;San Francisco;26;City;1;New;1;Cat. A;1;25;28;26;25;36;33;35;36;52;54;49;52;28;23;30;26
northamerica;2025-02-28T00:00:00+01:00;+;USA;1;San Francisco;26;City;1;Preowend;2;Cat. A;1;13;12;15;11;53;54;49;54;58;54;59;58;16;15;14;16
northamerica;2025-02-28T00:00:00+01:00;+;USA;1;San Francisco;26;Suburb;2;New;1;Cat. A;1;17;15;16;18;54;50;52;53;29;27;34;30;13;10;10;13
northamerica;2025-02-28T00:00:00+01:00;+;USA;1;San Francisco;26;Suburb;2;Preowend;2;Cat. B;2;38;34;39;38;39;37;35;41;21;18;24;21;36;37;31;37
northamerica;2025-02-28T00:00:00+01:00;+;USA;1;San Francisco;26;Suburb;2;Preowend;2;Cat. B;2;61;61;56;61;53;48;49;54;28;30;24;28;59;58;62;60
northamerica;2025-03-31T00:00:00+01:00;+;USA;1;San Francisco;26;City;1;New;1;Cat. A;1;28;27;24;28;32;33;28;33;57;61;61;58;24;27;24;23
northamerica;2025-03-31T00:00:00+01:00;+;USA;1;San Francisco;26;City;1;Preowend;2;Cat. A;1;13;17;13;13;53;49;52;53;57;56;58;58;10;11;10;10
northamerica;2025-03-31T00:00:00+01:00;+;USA;1;San Francisco;26;Suburb;2;New;1;Cat. A;1;16;18;15;17;51;54;52;53;36;36;37;35;18;22;20;18
northamerica;2025-03-31T00:00:00+01:00;+;USA;1;San Francisco;26;Suburb;2;Preowend;2;Cat. B;2;39;37;39;39;36;36;34;38;26;24;20;24;39;35;36;39
northamerica;2025-03-31T00:00:00+01:00;+;USA;1;San Francisco;26;Suburb;2;Preowend;2;Cat. B;2;63;65;61;63;54;48;47;53;29;32;36;29;57;54;54;58
northamerica;2025-04-30T00:00:00+01:00;+;USA;1;San Francisco;26;City;1;New;1;Cat. A;1;30;28;28;29;37;35;35;36;57;55;56;56;27;25;29;28
northamerica;2025-04-30T00:00:00+01:00;+;USA;1;San Francisco;26;City;1;Preowend;2;Cat. A;1;10;12;13;10;53;50;49;54;56;51;51;54;12;10;10;13
northamerica;2025-04-30T00:00:00+01:00;+;USA;1;San Francisco;26;Suburb;2;New;1;Cat. A;1;15;18;14;16;49;49;50;51;35;31;34;33;16;19;19;16
northamerica;2025-04-30T00:00:00+01:00;+;USA;1;San Francisco;26;Suburb;2;Preowend;2;Cat. B;2;36;35;40;36;35;41;31;37;24;24;26;24;37;37;33;38
northamerica;2025-04-30T00:00:00+01:00;+;USA;1;San Francisco;26;Suburb;2;Preowend;2;Cat. B;2;57;63;63;59;49;47;51;49;33;37;34;32;63;61;63;64
northamerica;2025-05-31T00:00:00+01:00;+;USA;1;San Francisco;26;City;1;New;1;Cat. A;1;29;27;32;27;33;38;35;35;52;51;48;52;23;21;22;22
northamerica;2025-05-31T00:00:00+01:00;+;USA;1;San Francisco;26;City;1;Preowend;2;Cat. A;1;12;10;10;12;55;54;54;55;55;50;51;53;11;12;10;11
northamerica;2025-05-31T00:00:00+01:00;+;USA;1;San Francisco;26;Suburb;2;New;1;Cat. A;1;13;15;10;11;51;50;48;52;30;35;29;31;17;21;21;18
northamerica;2025-05-31T00:00:00+01:00;+;USA;1;San Francisco;26;Suburb;2;Preowend;2;Cat. B;2;39;42;42;39;39;41;35;40;24;28;26;26;40;35;44;40
northamerica;2025-05-31T00:00:00+01:00;+;USA;1;San Francisco;26;Suburb;2;Preowend;2;Cat. B;2;59;55;65;61;52;55;56;52;33;39;28;34;63;65;63;63
northamerica;2025-06-30T00:00:00+01:00;+;USA;1;San Francisco;26;City;1;New;1;Cat. A;1;23;20;27;24;33;33;36;33;54;55;53;56;30;31;26;30
northamerica;2025-06-30T00:00:00+01:00;+;USA;1;San Francisco;26;City;1;Preowend;2;Cat. A;1;14;15;16;15;53;52;53;53;53;52;54;52;15;12;12;13
northamerica;2025-06-30T00:00:00+01:00;+;USA;1;San Francisco;26;Suburb;2;New;1;Cat. A;1;16;13;16;15;56;54;51;54;34;36;39;34;19;22;21;18
northamerica;2025-06-30T00:00:00+01:00;+;USA;1;San Francisco;26;Suburb;2;Preowend;2;Cat. B;2;39;37;42;37;40;34;42;40;20;18;19;21;38;35;33;38
northamerica;2025-06-30T00:00:00+01:00;+;USA;1;San Francisco;26;Suburb;2;Preowend;2;Cat. B;2;64;59;64;63;57;62;53;56;28;30;32;30;61;66;57;59
northamerica;2025-07-31T00:00:00+01:00;+;USA;1;San Francisco;26;City;1;New;1;Cat. A;1;27;30;24;27;32;29;29;31;54;55;51;54;22;26;22;23
northamerica;2025-07-31T00:00:00+01:00;+;USA;1;San Francisco;26;City;1;Preowend;2;Cat. A;1;10;10;10;10;54;50;57;53;55;58;50;53;10;10;10;10
northamerica;2025-07-31T00:00:00+01:00;+;USA;1;San Francisco;26;Suburb;2;New;1;Cat. A;1;14;11;10;13;51;46;50;49;28;26;28;30;19;16;15;18
northamerica;2025-07-31T00:00:00+01:00;+;USA;1;San Francisco;26;Suburb;2;Preowend;2;Cat. B;2;41;36;44;39;39;41;36;39;23;21;28;23;42;42;40;41
northamerica;2025-07-31T00:00:00+01:00;+;USA;1;San Francisco;26;Suburb;2;Preowend;2;Cat. B;2;61;58;60;61;51;45;49;51;33;34;37;31;61;62;61;63
northamerica;2025-08-31T00:00:00+01:00;+;USA;1;San Francisco;26;City;1;New;1;Cat. A;1;28;26;29;30;35;32;33;36;54;49;57;52;25;30;24;27
northamerica;2025-08-31T00:00:00+01:00;+;USA;1;San Francisco;26;City;1;Preowend;2;Cat. A;1;13;15;16;13;53;54;56;51;54;57;57;55;10;10;11;10
northamerica;2025-08-31T00:00:00+01:00;+;USA;1;San Francisco;26;Suburb;2;New;1;Cat. A;1;17;21;21;19;52;57;55;54;35;36;38;35;17;18;17;17
northamerica;2025-08-31T00:00:00+01:00;+;USA;1;San Francisco;26;Suburb;2;Preowend;2;Cat. B;2;39;40;40;38;37;35;42;38;25;19;19;24;37;32;38;38
northamerica;2025-08-31T00:00:00+01:00;+;USA;1;San Francisco;26;Suburb;2;Preowend;2;Cat. B;2;57;64;59;57;50;54;48;51;33;39;31;34;61;66;67;61
northamerica;2025-09-30T00:00:00+01:00;+;USA;1;San Francisco;26;City;1;New;1;Cat. A;1;26;27;29;25;35;34;39;35;55;57;51;56;28;28;25;26
northamerica;2025-09-30T00:00:00+01:00;+;USA;1;San Francisco;26;City;1;Preowend;2;Cat. A;1;11;11;10;13;51;55;54;52;54;51;57;54;10;10;10;10
northamerica;2025-09-30T00:00:00+01:00;+;USA;1;San Francisco;26;Suburb;2;New;1;Cat. A;1;17;19;16;16;56;59;59;54;31;27;34;32;15;11;10;14
northamerica;2025-09-30T00:00:00+01:00;+;USA;1;San Francisco;26;Suburb;2;Preowend;2;Cat. B;2;37;32;36;37;35;33;34;35;25;20;28;24;40;42;35;41
northamerica;2025-09-30T00:00:00+01:00;+;USA;1;San Francisco;26;Suburb;2;Preowend;2;Cat. B;2;61;62;56;60;53;53;58;51;32;35;34;33;62;65;62;61
northamerica;2025-10-31T00:00:00+01:00;+;USA;1;San Francisco;26;City;1;New;1;Cat. A;1;26;21;25;24;33;31;35;33;53;54;50;55;26;27;23;26
northamerica;2025-10-31T00:00:00+01:00;+;USA;1;San Francisco;26;City;1;Preowend;2;Cat. A;1;15;13;12;13;53;55;55;53;51;49;49;53;10;10;12;10
northamerica;2025-10-31T00:00:00+01:00;+;USA;1;San Francisco;26;Suburb;2;New;1;Cat. A;1;13;10;10;12;50;55;55;52;34;33;33;34;13;11;18;15
northamerica;2025-10-31T00:00:00+01:00;+;USA;1;San Francisco;26;Suburb;2;Preowend;2;Cat. B;2;39;38;39;40;36;42;33;37;18;18;15;19;38;36;33;37
northamerica;2025-10-31T00:00:00+01:00;+;USA;1;San Francisco;26;Suburb;2;Preowend;2;Cat. B;2;60;59;55;59;55;53;55;56;31;25;30;30;60;62;54;59
northamerica;2025-11-30T00:00:00+01:00;+;USA;1;San Francisco;26;City;1;New;1;Cat. A;1;27;27;30;27;34;39;37;36;54;58;56;54;23;20;27;24
northamerica;2025-11-30T00:00:00+01:00;+;USA;1;San Francisco;26;City;1;Preowend;2;Cat. A;1;11;10;10;12;50;53;52;50;54;54;57;53;10;12;12;11
northamerica;2025-11-30T00:00:00+01:00;+;USA;1;San Francisco;26;Suburb;2;New;1;Cat. A;1;19;15;17;18;53;54;55;53;32;32;36;32;15;12;16;14
northamerica;2025-11-30T00:00:00+01:00;+;USA;1;San Francisco;26;Suburb;2;Preowend;2;Cat. B;2;38;36;35;37;35;30;37;34;22;24;21;24;34;39;34;36
northamerica;2025-11-30T00:00:00+01:00;+;USA;1;San Francisco;26;Suburb;2;Preowend;2;Cat. B;2;61;58;63;61;52;47;51;54;31;33;25;29;57;63;63;57
northamerica;2025-12-31T00:00:00+01:00;+;USA;1;San Francisco;26;City;1;New;1;Cat. A;1;29;25;33;28;34;31;29;33;54;52;57;54;24;23;24;25
northamerica;2025-12-31T00:00:00+01:00;+;USA;1;San Francisco;26;City;1;Preowend;2;Cat. A;1;10;14;12;10;52;49;49;53;57;54;56;57;11;10;10;11
northamerica;2025-12-31T00:00:00+01:00;+;USA;1;San Francisco;26;Suburb;2;New;1;Cat. A;1;17;14;20;17;53;58;51;55;34;33;35;35;12;15;16;14
northamerica;2025-12-31T00:00:00+01:00;+;USA;1;San Francisco;26;Suburb;2;Preowend;2;Cat. B;2;34;40;39;35;36;39;41;36;21;24;19;23;37;36;36;39
northamerica;2025-12-31T00:00:00+01:00;+;USA;1;San Francisco;26;Suburb;2;Preowend;2;Cat. B;2;60;56;58;58;53;53;51;54;28;24;33;29;58;63;54;59
northamerica;2026-01-31T00:00:00+01:00;+;USA;1;San Francisco;26;City;1;New;1;Cat. A;1;26;21;25;26;35;30;34;33;56;59;59;55;29;33;27;30
northamerica;2026-01-31T00:00:00+01:00;+;USA;1;San Francisco;26;City;1;Preowend;2;Cat. A;1;13;18;12;14;54;56;58;53;55;58;55;56;10;13;10;10
northamerica;2026-01-31T00:00:00+01:00;+;USA;1;San Francisco;26;Suburb;2;New;1;Cat. A;1;16;19;15;15;53;50;51;51;34;35;33;35;16;20;21;18
northamerica;2026-01-31T00:00:00+01:00;+;USA;1;San Francisco;26;Suburb;2;Preowend;2;Cat. B;2;35;33;36;36;36;36;37;36;24;25;26;23;40;40;44;39
northamerica;2026-01-31T00:00:00+01:00;+;USA;1;San Francisco;26;Suburb;2;Preowend;2;Cat. B;2;60;54;60;59;52;49;50;52;30;25;30;31;60;57;63;60
northamerica;2026-02-28T00:00:00+01:00;+;USA;1;San Francisco;26;City;1;New;1;Cat. A;1;22;24;22;22;36;34;33;35;56;56;60;55;25;26;22;26
northamerica;2026-02-28T00:00:00+01:00;+;USA;1;San Francisco;26;City;1;Preowend;2;Cat. A;1;14;16;16;13;52;55;50;53;55;51;55;55;10;10;11;10
northamerica;2026-02-28T00:00:00+01:00;+;USA;1;San Francisco;26;Suburb;2;New;1;Cat. A;1;12;10;15;12;50;47;51;50;36;38;38;34;17;17;21;17
northamerica;2026-02-28T00:00:00+01:00;+;USA;1;San Francisco;26;Suburb;2;Preowend;2;Cat. B;2;37;33;37;35;36;33;39;37;24;21;18;23;37;40;34;38
northamerica;2026-02-28T00:00:00+01:00;+;USA;1;San Francisco;26;Suburb;2;Preowend;2;Cat. B;2;56;59;53;56;57;57;60;57;31;35;34;33;62;59;57;64
northamerica;2026-03-31T00:00:00+01:00;+;USA;1;San Francisco;26;City;1;New;1;Cat. A;1;30;26;25;30;34;33;31;32;54;54;53;53;25;21;23;23
northamerica;2026-03-31T00:00:00+01:00;+;USA;1;San Francisco;26;City;1;Preowend;2;Cat. A;1;15;12;10;13;51;48;47;50;56;53;53;55;16;19;13;15
northamerica;2026-03-31T00:00:00+01:00;+;USA;1;San Francisco;26;Suburb;2;New;1;Cat. A;1;19;22;22;17;52;52;51;51;33;29;32;32;17;18;14;19
northamerica;2026-03-31T00:00:00+01:00;+;USA;1;San Francisco;26;Suburb;2;Preowend;2;Cat. B;2;35;40;30;34;39;42;43;39;24;20;24;23;38;41;38;37
northamerica;2026-03-31T00:00:00+01:00;+;USA;1;San Francisco;26;Suburb;2;Preowend;2;Cat. B;2;60;61;65;60;53;56;49;54;27;30;27;27;61;56;67;60
northamerica;2026-04-30T00:00:00+01:00;+;USA;1;San Francisco;26;City;1;New;1;Cat. A;1;24;26;20;23;38;40;37;38;57;54;54;57;26;28;23;26
northamerica;2026-04-30T00:00:00+01:00;+;USA;1;San Francisco;26;City;1;Preowend;2;Cat. A;1;13;15;11;12;51;53;48;51;57;59;60;59;13;17;12;13
northamerica;2026-04-30T00:00:00+01:00;+;USA;1;San Francisco;26;Suburb;2;New;1;Cat. A;1;19;21;22;19;50;53;47;50;34;32;35;35;14;14;16;12
northamerica;2026-04-30T00:00:00+01:00;+;USA;1;San Francisco;26;Suburb;2;Preowend;2;Cat. B;2;42;46;43;40;37;40;34;39;20;26;16;20;38;36;36;38
northamerica;2026-04-30T00:00:00+01:00;+;USA;1;San Francisco;26;Suburb;2;Preowend;2;Cat. B;2;62;58;67;63;50;48;49;50;30;36;34;29;61;60;63;62
northamerica;2026-05-31T00:00:00+01:00;+;USA;1;San Francisco;26;City;1;New;1;Cat. A;1;26;24;27;28;36;41;40;36;54;51;51;54;26;24;23;25
northamerica;2026-05-31T00:00:00+01:00;+;USA;1;San Francisco;26;City;1;Preowend;2;Cat. A;1;16;16;15;16;56;52;53;56;57;58;57;57;16;16;12;15
northamerica;2026-05-31T00:00:00+01:00;+;USA;1;San Francisco;26;Suburb;2;New;1;Cat. A;1;13;15;13;14;49;50;49;49;31;35;32;31;18;13;14;18
northamerica;2026-05-31T00:00:00+01:00;+;USA;1;San Francisco;26;Suburb;2;Preowend;2;Cat. B;2;38;34;40;38;35;31;31;34;19;17;16;19;41;40;45;42
northamerica;2026-05-31T00:00:00+01:00;+;USA;1;San Francisco;26;Suburb;2;Preowend;2;Cat. B;2;60;63;63;60;49;54;53;50;34;37;37;33;61;56;62;62
northamerica;2026-06-30T00:00:00+01:00;+;USA;1;San Francisco;26;City;1;New;1;Cat. A;1;22;25;27;22;35;33;34;34;54;53;57;54;28;25;29;30
northamerica;2026-06-30T00:00:00+01:00;+;USA;1;San Francisco;26;City;1;Preowend;2;Cat. A;1;12;10;10;10;50;51;52;51;57;53;60;57;10;10;10;10
northamerica;2026-06-30T00:00:00+01:00;+;USA;1;San Francisco;26;Suburb;2;New;1;Cat. A;1;14;17;17;15;51;51;48;52;33;29;34;34;19;14;20;18
northamerica;2026-06-30T00:00:00+01:00;+;USA;1;San Francisco;26;Suburb;2;Preowend;2;Cat. B;2;35;37;31;34;39;34;40;39;19;19;15;18;35;39;32;34
northamerica;2026-06-30T00:00:00+01:00;+;USA;1;San Francisco;26;Suburb;2;Preowend;2;Cat. B;2;62;62;59;62;53;52;58;53;31;32;27;31;57;53;60;58
northamerica;2026-07-31T00:00:00+01:00;+;USA;1;San Francisco;26;City;1;New;1;Cat. A;1;29;30;29;30;37;38;41;39;55;54;58;57;27;30;23;25
northamerica;2026-07-31T00:00:00+01:00;+;USA;1;San Francisco;26;City;1;Preowend;2;Cat. A;1;13;16;14;13;56;54;53;54;57;61;54;59;13;10;17;15
northamerica;2026-07-31T00:00:00+01:00;+;USA;1;San Francisco;26;Suburb;2;New;1;Cat. A;1;19;20;16;17;54;51;54;53;30;33;26;28;16;12;13;16
northamerica;2026-07-31T00:00:00+01:00;+;USA;1;San Francisco;26;Suburb;2;Preowend;2;Cat. B;2;38;34;41;37;37;40;36;37;21;21;23;22;35;30;30;35
northamerica;2026-07-31T00:00:00+01:00;+;USA;1;San Francisco;26;Suburb;2;Preowend;2;Cat. B;2;63;66;64;63;55;56;50;54;29;27;27;29;64;61;69;63
northamerica;2026-08-31T00:00:00+01:00;+;USA;1;San Francisco;26;City;1;New;1;Cat. A;1;26;29;24;27;38;33;34;38;58;57;53;58;26;21;26;25
northamerica;2026-08-31T00:00:00+01:00;+;USA;1;San Francisco;26;City;1;Preowend;2;Cat. A;1;15;16;12;15;53;53;50;51;54;55;53;55;16;18;14;16
northamerica;2026-08-31T00:00:00+01:00;+;USA;1;San Francisco;26;Suburb;2;New;1;Cat. A;1;18;20;20;18;54;52;54;55;29;27;25;28;14;16;18;16
northamerica;2026-08-31T00:00:00+01:00;+;USA;1;San Francisco;26;Suburb;2;Preowend;2;Cat. B;2;39;42;35;38;36;36;37;36;19;21;22;18;38;36;38;37
northamerica;2026-08-31T00:00:00+01:00;+;USA;1;San Francisco;26;Suburb;2;Preowend;2;Cat. B;2;63;64;56;61;57;52;52;56;31;38;38;32;60;56;57;61
northamerica;2026-09-30T00:00:00+01:00;+;USA;1;San Francisco;26;City;1;New;1;Cat. A;1;28;24;25;28;34;36;31;33;53;54;57;52;23;22;26;23
northamerica;2026-09-30T00:00:00+01:00;+;USA;1;San Francisco;26;City;1;Preowend;2;Cat. A;1;10;10;13;10;51;56;50;51;56;55;53;56;14;16;14;14
northamerica;2026-09-30T00:00:00+01:00;+;USA;1;San Francisco;26;Suburb;2;New;1;Cat. A;1;14;17;14;13;55;52;59;56;35;34;34;34;16;18;19;17
northamerica;2026-09-30T00:00:00+01:00;+;USA;1;San Francisco;26;Suburb;2;Preowend;2;Cat. B;2;40;37;43;40;38;36;43;37;21;19;23;19;36;38;36;38
northamerica;2026-09-30T00:00:00+01:00;+;USA;1;San Francisco;26;Suburb;2;Preowend;2;Cat. B;2;59;61;58;58;50;52;51;49;30;30;27;31;59;55;63;57
northamerica;2026-10-31T00:00:00+01:00;+;USA;1;San Francisco;26;City;1;New;1;Cat. A;1;24;28;28;23;33;29;30;34;51;49;53;52;23;23;20;22
northamerica;2026-10-31T00:00:00+01:00;+;USA;1;San Francisco;26;City;1;Preowend;2;Cat. A;1;14;12;19;16;55;55;56;55;55;51;57;55;10;10;10;10
northamerica;2026-10-31T00:00:00+01:00;+;USA;1;San Francisco;26;Suburb;2;New;1;Cat. A;1;17;20;19;18;54;56;52;54;30;33;34;30;16;20;14;18
northamerica;2026-10-31T00:00:00+01:00;+;USA;1;San Francisco;26;Suburb;2;Preowend;2;Cat. B;2;36;38;35;35;35;36;34;34;20;24;17;19;36;32;34;36
northamerica;2026-10-31T00:00:00+01:00;+;USA;1;San Francisco;26;Suburb;2;Preowend;2;Cat. B;2;59;54;59;59;51;48;48;52;30;26;34;30;58;53;64;59
europe;2020-01-31T00:00:00+01:00;+;Germany;11;Munich;27;City;1;New;1;Cat. A;1;28;25;24;26;35;37;34;37;53;57;50;55;29;27;24;28
europe;2020-01-31T00:00:00+01:00;+;Germany;11;Munich;27;City;1;Preowend;2;Cat. A;1;15;13;11;16;54;50;50;53;56;54;52;54;13;10;11;13
europe;2020-01-31T00:00:00+01:00;+;Germany;11;Munich;27;Suburb;2;New;1;Cat. A;1;16;13;18;16;56;51;55;56;31;33;33;32;15;16;12;14
europe;2020-01-31T00:00:00+01:00;+;Germany;11;Munich;27;Suburb;2;Preowend;2;Cat. B;2;36;34;38;37;39;35;35;38;26;28;23;26;38;43;34;38
europe;2020-01-31T00:00:00+01:00;+;Germany;11;Munich;27;Suburb;2;Preowend;2;Cat. B;2;59;57;61;60;57;50;57;56;30;34;34;29;58;59;59;58
europe;2020-02-29T00:00:00+01:00;+;Germany;11;Munich;27;City;1;New;1;Cat. A;1;25;23;29;26;33;34;36;33;51;50;52;52;28;26;27;27
europe;2020-02-29T00:00:00+01:00;+;Germany;11;Munich;27;City;1;Preowend;2;Cat. A;1;10;10;13;10;55;58;54;55;57;61;54;58;13;12;12;13
europe;2020-02-29T00:00:00+01:00;+;Germany;11;Munich;27;Suburb;2;New;1;Cat. A;1;17;17;17;17;55;54;58;54;32;32;33;32;18;17;17;17
europe;2020-02-29T00:00:00+01:00;+;Germany;11;Munich;27;Suburb;2;Preowend;2;Cat. B;2;34;40;35;35;38;43;43;38;21;18;22;22;35;38;32;35
europe;2020-02-29T00:00:00+01:00;+;Germany;11;Munich;27;Suburb;2;Preowend;2;Cat. B;2;58;55;60;57;56;56;62;56;33;32;27;31;56;62;60;57
europe;2020-03-31T00:00:00+01:00;+;Germany;11;Munich;27;City;1;New;1;Cat. A;1;26;23;26;26;35;31;33;34;52;49;55;53;28;27;24;29
europe;2020-03-31T00:00:00+01:00;+;Germany;11;Munich;27;City;1;Preowend;2;Cat. A;1;13;13;14;14;54;55;51;52;57;59;57;55;10;10;10;10
europe;2020-03-31T00:00:00+01:00;+;Germany;11;Munich;27;Suburb;2;New;1;Cat. A;1;19;16;22;19;55;51;58;55;32;34;29;33;12;17;13;14
europe;2020-03-31T00:00:00+01:00;+;Germany;11;Munich;27;Suburb;2;Preowend;2;Cat. B;2;40;35;41;41;35;36;32;37;20;20;22;20;35;38;35;35
europe;2020-03-31T00:00:00+01:00;+;Germany;11;Munich;27;Suburb;2;Preowend;2;Cat. B;2;62;64;68;63;54;59;56;56;30;29;28;32;57;56;56;58
europe;2020-04-30T00:00:00+01:00;+;Germany;11;Munich;27;City;1;New;1;Cat. A;1;25;26;29;26;37;34;35;38;57;59;56;56;26;25;26;25
europe;2020-04-30T00:00:00+01:00;+;Germany;11;Munich;27;City;1;Preowend;2;Cat. A;1;10;10;10;10;51;56;56;52;59;55;57;57;10;10;10;10
europe;2020-04-30T00:00:00+01:00;+;Germany;11;Munich;27;Suburb;2;New;1;Cat. A;1;14;12;10;14;50;47;47;48;34;29;31;34;16;13;19;16
europe;2020-04-30T00:00:00+01:00;+;Germany;11;Munich;27;Suburb;2;Preowend;2;Cat. B;2;37;43;39;39;39;43;37;41;22;24;24;23;38;33;43;37
europe;2020-04-30T00:00:00+01:00;+;Germany;11;Munich;27;Suburb;2;Preowend;2;Cat. B;2;62;63;59;62;51;48;53;51;32;28;31;33;63;61;65;61
europe;2020-05-31T00:00:00+01:00;+;Germany;11;Munich;27;City;1;New;1;Cat. A;1;27;29;29;27;31;29;30;32;51;52;51;52;24;23;25;23
europe;2020-05-31T00:00:00+01:00;+;Germany;11;Munich;27;City;1;Preowend;2;Cat. A;1;13;16;14;13;51;51;47;50;56;52;55;56;10;10;10;10
europe;2020-05-31T00:00:00+01:00;+;Germany;11;Munich;27;Suburb;2;New;1;Cat. A;1;16;19;14;15;54;55;55;53;30;28;33;32;19;22;19;18
europe;2020-05-31T00:00:00+01:00;+;Germany;11;Munich;27;Suburb;2;Preowend;2;Cat. B;2;38;36;37;36;34;37;32;35;20;15;22;19;37;41;41;38
europe;2020-05-31T00:00:00+01:00;+;Germany;11;Munich;27;Suburb;2;Preowend;2;Cat. B;2;64;59;69;64;55;58;56;55;33;37;32;32;59;61;60;57
europe;2020-06-30T00:00:00+01:00;+;Germany;11;Munich;27;City;1;New;1;Cat. A;1;24;24;21;24;32;32;32;33;53;50;55;53;29;27;30;27
europe;2020-06-30T00:00:00+01:00;+;Germany;11;Munich;27;City;1;Preowend;2;Cat. A;1;11;10;14;10;56;54;59;56;59;56;54;57;10;10;10;10
europe;2020-06-30T00:00:00+01:00;+;Germany;11;Munich;27;Suburb;2;New;1;Cat. A;1;16;20;16;18;53;56;57;54;30;27;31;32;18;15;19;19
europe;2020-06-30T00:00:00+01:00;+;Germany;11;Munich;27;Suburb;2;Preowend;2;Cat. B;2;35;32;34;36;39;42;38;40;20;20;17;21;41;37;40;40
europe;2020-06-30T00:00:00+01:00;+;Germany;11;Munich;27;Suburb;2;Preowend;2;Cat. B;2;63;63;63;63;54;60;49;54;35;34;37;35;62;59;66;62
europe;2020-07-31T00:00:00+01:00;+;Germany;11;Munich;27;City;1;New;1;Cat. A;1;29;24;25;28;34;37;33;34;53;54;57;54;29;27;27;27
europe;2020-07-31T00:00:00+01:00;+;Germany;11;Munich;27;City;1;Preowend;2;Cat. A;1;15;18;12;15;53;55;52;55;57;55;60;57;13;16;13;12
europe;2020-07-31T00:00:00+01:00;+;Germany;11;Munich;27;Suburb;2;New;1;Cat. A;1;15;15;17;16;51;54;55;51;30;29;33;29;18;18;17;18
europe;2020-07-31T00:00:00+01:00;+;Germany;11;Munich;27;Suburb;2;Preowend;2;Cat. B;2;34;36;38;35;40;39;36;39;23;26;20;24;36;37;34;35
europe;2020-07-31T00:00:00+01:00;+;Germany;11;Munich;27;Suburb;2;Preowend;2;Cat. B;2;62;58;59;62;52;48;47;51;29;24;25;29;59;56;64;61
europe;2020-08-31T00:00:00+01:00;+;Germany;11;Munich;27;City;1;New;1;Cat. A;1;27;24;27;26;32;30;30;34;55;52;53;57;23;23;26;23
europe;2020-08-31T00:00:00+01:00;+;Germany;11;Munich;27;City;1;Preowend;2;Cat. A;1;15;17;16;13;55;54;52;53;53;48;50;53;10;10;11;11
europe;2020-08-31T00:00:00+01:00;+;Germany;11;Munich;27;Suburb;2;New;1;Cat. A;1;18;21;14;19;53;57;50;55;32;36;37;34;13;16;13;14
europe;2020-08-31T00:00:00+01:00;+;Germany;11;Munich;27;Suburb;2;Preowend;2;Cat. B;2;35;36;35;35;38;36;42;37;23;21;25;25;36;42;37;38
europe;2020-08-31T00:00:00+01:00;+;Germany;11;Munich;27;Suburb;2;Preowend;2;Cat. B;2;60;63;55;58;53;59;58;52;32;32;27;30;59;65;55;61
europe;2020-09-30T00:00:00+01:00;+;Germany;11;Munich;27;City;1;New;1;Cat. A;1;28;29;26;26;37;37;38;36;55;57;55;53;24;21;19;24
europe;2020-09-30T00:00:00+01:00;+;Germany;11;Munich;27;City;1;Preowend;2;Cat. A;1;10;14;10;10;55;54;54;53;56;60;61;56;11;10;13;12
europe;2020-09-30T00:00:00+01:00;+;Germany;11;Munich;27;Suburb;2;New;1;Cat. A;1;16;17;20;18;50;51;51;51;33;30;34;32;14;12;16;15
europe;2020-09-30T00:00:00+01:00;+;Germany;11;Munich;27;Suburb;2;Preowend;2;Cat. B;2;34;38;32;34;41;43;37;39;26;20;20;26;39;35;42;38
europe;2020-09-30T00:00:00+01:00;+;Germany;11;Munich;27;Suburb;2;Preowend;2;Cat. B;2;61;66;67;62;49;54;48;50;31;35;30;30;61;65;58;61
europe;2020-10-31T00:00:00+01:00;+;Germany;11;Munich;27;City;1;New;1;Cat. A;1;25;28;21;24;34;29;32;33;52;50;49;52;23;23;22;24
europe;2020-10-31T00:00:00+01:00;+;Germany;11;Munich;27;City;1;Preowend;2;Cat. A;1;10;10;10;10;50;55;50;52;55;51;54;55;12;11;15;12
europe;2020-10-31T00:00:00+01:00;+;Germany;11;Munich;27;Suburb;2;New;1;Cat. A;1;14;12;11;12;55;54;56;54;29;33;27;29;14;10;17;13
europe;2020-10-31T00:00:00+01:00;+;Germany;11;Munich;27;Suburb;2;Preowend;2;Cat. B;2;37;34;38;37;35;40;32;34;19;19;24;19;36;35;38;35
europe;2020-10-31T00:00:00+01:00;+;Germany;11;Munich;27;Suburb;2;Preowend;2;Cat. B;2;57;56;60;59;54;57;56;53;28;34;26;27;61;66;61;63
europe;2020-11-30T00:00:00+01:00;+;Germany;11;Munich;27;City;1;New;1;Cat. A;1;27;27;31;28;39;39;34;39;53;57;54;53;23;20;20;24
europe;2020-11-30T00:00:00+01:00;+;Germany;11;Munich;27;City;1;Preowend;2;Cat. A;1;15;13;10;15;50;53;49;50;59;60;61;58;15;15;18;14
europe;2020-11-30T00:00:00+01:00;+;Germany;11;Munich;27;Suburb;2;New;1;Cat. A;1;16;16;18;14;48;48;50;48;35;33;37;35;16;15;16;18
europe;2020-11-30T00:00:00+01:00;+;Germany;11;Munich;27;Suburb;2;Preowend;2;Cat. B;2;41;35;40;40;40;38;44;39;23;19;27;22;37;40;33;36
europe;2020-11-30T00:00:00+01:00;+;Germany;11;Munich;27;Suburb;2;Preowend;2;Cat. B;2;63;66;62;61;55;57;49;56;29;27;24;27;60;64;56;60
europe;2020-12-31T00:00:00+01:00;+;Germany;11;Munich;27;City;1;New;1;Cat. A;1;25;24;28;24;34;32;38;36;52;47;48;50;29;30;30;29
europe;2020-12-31T00:00:00+01:00;+;Germany;11;Munich;27;City;1;Preowend;2;Cat. A;1;14;17;13;14;52;49;55;53;56;55;55;55;13;16;10;13
europe;2020-12-31T00:00:00+01:00;+;Germany;11;Munich;27;Suburb;2;New;1;Cat. A;1;15;18;19;16;50;53;45;48;33;32;34;35;14;14;11;14
europe;2020-12-31T00:00:00+01:00;+;Germany;11;Munich;27;Suburb;2;Preowend;2;Cat. B;2;38;42;41;38;35;35;40;34;19;24;25;19;36;35;40;36
europe;2020-12-31T00:00:00+01:00;+;Germany;11;Munich;27;Suburb;2;Preowend;2;Cat. B;2;57;53;55;58;57;53;51;55;31;33;29;31;58;65;65;59
europe;2021-01-31T00:00:00+01:00;+;Germany;11;Munich;27;City;1;New;1;Cat. A;1;28;31;24;28;37;39;37;37;57;59;55;55;30;27;27;29
europe;2021-01-31T00:00:00+01:00;+;Germany;11;Munich;27;City;1;Preowend;2;Cat. A;1;12;17;12;14;51;54;52;49;57;53;52;56;12;10;13;13
europe;2021-01-31T00:00:00+01:00;+;Germany;11;Munich;27;Suburb;2;New;1;Cat. A;1;17;14;17;19;51;54;49;53;33;37;35;33;14;18;17;16
europe;2021-01-31T00:00:00+01:00;+;Germany;11;Munich;27;Suburb;2;Preowend;2;Cat. B;2;39;38;38;40;37;34;41;38;23;19;20;24;38;43;35;38
europe;2021-01-31T00:00:00+01:00;+;Germany;11;Munich;27;Suburb;2;Preowend;2;Cat. B;2;63;60;57;64;50;53;56;50;31;31;26;30;60;57;55;58
europe;2021-02-28T00:00:00+01:00;+;Germany;11;Munich;27;City;1;New;1;Cat. A;1;24;26;21;23;34;34;31;32;53;53;50;52;29;26;27;27
europe;2021-02-28T00:00:00+01:00;+;Germany;11;Munich;27;City;1;Preowend;2;Cat. A;1;14;15;12;16;50;52;49;51;56;59;60;57;11;14;10;11
europe;2021-02-28T00:00:00+01:00;+;Germany;11;Munich;27;Suburb;2;New;1;Cat. A;1;16;19;15;15;51;53;51;53;29;31;30;30;17;17;13;18
europe;2021-02-28T00:00:00+01:00;+;Germany;11;Munich;27;Suburb;2;Preowend;2;Cat. B;2;38;43;41;38;41;44;43;40;22;24;22;23;35;40;33;37
europe;2021-02-28T00:00:00+01:00;+;Germany;11;Munich;27;Suburb;2;Preowend;2;Cat. B;2;56;57;63;56;56;53;62;57;30;33;26;30;59;54;54;60
europe;2021-03-31T00:00:00+01:00;+;Germany;11;Munich;27;City;1;New;1;Cat. A;1;28;26;33;28;38;39;36;37;55;54;51;55;28;30;23;26
europe;2021-03-31T00:00:00+01:00;+;Germany;11;Munich;27;City;1;Preowend;2;Cat. A;1;11;14;10;11;50;50;49;50;54;54;54;54;10;10;10;10
europe;2021-03-31T00:00:00+01:00;+;Germany;11;Munich;27;Suburb;2;New;1;Cat. A;1;15;13;15;15;50;53;47;50;32;28;34;32;17;18;19;17
europe;2021-03-31T00:00:00+01:00;+;Germany;11;Munich;27;Suburb;2;Preowend;2;Cat. B;2;40;36;46;41;37;36;40;38;25;27;21;23;37;38;33;38
europe;2021-03-31T00:00:00+01:00;+;Germany;11;Munich;27;Suburb;2;Preowend;2;Cat. B;2;57;52;60;58;53;58;53;53;32;36;28;32;62;56;57;60
europe;2021-04-30T00:00:00+01:00;+;Germany;11;Munich;27;City;1;New;1;Cat. A;1;25;28;21;24;35;38;32;34;51;54;50;51;26;26;22;26
europe;2021-04-30T00:00:00+01:00;+;Germany;11;Munich;27;City;1;Preowend;2;Cat. A;1;10;14;10;10;50;54;49;52;53;58;54;53;13;10;10;12
europe;2021-04-30T00:00:00+01:00;+;Germany;11;Munich;27;Suburb;2;New;1;Cat. A;1;17;16;15;16;51;47;54;49;30;26;27;29;12;14;14;12
europe;2021-04-30T00:00:00+01:00;+;Germany;11;Munich;27;Suburb;2;Preowend;2;Cat. B;2;40;36;39;40;39;36;43;40;22;17;26;23;38;41;39;38
europe;2021-04-30T00:00:00+01:00;+;Germany;11;Munich;27;Suburb;2;Preowend;2;Cat. B;2;59;64;56;59;52;51;58;54;30;36;34;32;62;63;65;63
europe;2021-05-31T00:00:00+01:00;+;Germany;11;Munich;27;City;1;New;1;Cat. A;1;29;26;27;28;33;32;34;32;54;59;56;54;26;25;21;25
europe;2021-05-31T00:00:00+01:00;+;Germany;11;Munich;27;City;1;Preowend;2;Cat. A;1;13;13;11;13;54;50;51;53;54;55;52;55;15;18;13;14
europe;2021-05-31T00:00:00+01:00;+;Germany;11;Munich;27;Suburb;2;New;1;Cat. A;1;19;19;14;17;50;52;50;52;31;30;30;32;17;19;18;18
europe;2021-05-31T00:00:00+01:00;+;Germany;11;Munich;27;Suburb;2;Preowend;2;Cat. B;2;40;40;45;39;39;45;35;40;24;23;26;22;41;40;42;41
europe;2021-05-31T00:00:00+01:00;+;Germany;11;Munich;27;Suburb;2;Preowend;2;Cat. B;2;60;61;64;60;52;48;54;50;29;28;24;29;60;63;55;61
europe;2021-06-30T00:00:00+01:00;+;Germany;11;Munich;27;City;1;New;1;Cat. A;1;26;26;22;27;34;29;36;32;54;52;52;55;30;26;32;29
europe;2021-06-30T00:00:00+01:00;+;Germany;11;Munich;27;City;1;Preowend;2;Cat. A;1;11;10;11;12;55;55;54;54;51;50;49;53;10;12;11;10
europe;2021-06-30T00:00:00+01:00;+;Germany;11;Munich;27;Suburb;2;New;1;Cat. A;1;18;17;21;17;54;55;53;54;32;30;32;32;17;13;15;16
europe;2021-06-30T00:00:00+01:00;+;Germany;11;Munich;27;Suburb;2;Preowend;2;Cat. B;2;40;37;46;41;38;41;43;38;19;21;24;19;38;32;37;38
europe;2021-06-30T00:00:00+01:00;+;Germany;11;Munich;27;Suburb;2;Preowend;2;Cat. B;2;58;63;65;59;52;52;57;54;27;29;27;29;59;55;61;59
europe;2021-07-31T00:00:00+01:00;+;Germany;11;Munich;27;City;1;New;1;Cat. A;1;27;26;27;26;37;35;38;38;52;53;48;50;23;24;19;24
europe;2021-07-31T00:00:00+01:00;+;Germany;11;Munich;27;City;1;Preowend;2;Cat. A;1;13;14;14;14;55;54;58;56;57;59;60;57;12;15;15;14
europe;2021-07-31T00:00:00+01:00;+;Germany;11;Munich;27;Suburb;2;New;1;Cat. A;1;17;14;14;18;50;53;53;49;33;33;36;32;14;12;18;16
europe;2021-07-31T00:00:00+01:00;+;Germany;11;Munich;27;Suburb;2;Preowend;2;Cat. B;2;38;38;40;38;38;43;40;37;25;20;28;26;37;37;40;38
europe;2021-07-31T00:00:00+01:00;+;Germany;11;Munich;27;Suburb;2;Preowend;2;Cat. B;2;62;67;60;61;55;61;60;54;28;30;34;29;59;54;54;60
europe;2021-08-31T00:00:00+01:00;+;Germany;11;Munich;27;City;1;New;1;Cat. A;1;28;32;32;28;33;35;36;33;54;56;58;53;26;21;26;24
europe;2021-08-31T00:00:00+01:00;+;Germany;11;Munich;27;City;1;Preowend;2;Cat. A;1;11;10;16;12;56;58;55;55;56;56;58;55;10;12;10;11
europe;2021-08-31T00:00:00+01:00;+;Germany;11;Munich;27;Suburb;2;New;1;Cat. A;1;17;21;19;18;51;54;49;51;36;34;34;34;14;10;13;14
europe;2021-08-31T00:00:00+01:00;+;Germany;11;Munich;27;Suburb;2;Preowend;2;Cat. B;2;36;39;36;37;40;36;42;40;19;15;21;20;37;37;35;37
europe;2021-08-31T00:00:00+01:00;+;Germany;11;Munich;27;Suburb;2;Preowend;2;Cat. B;2;59;54;63;59;53;50;56;53;30;25;25;30;61;67;62;62
europe;2021-09-30T00:00:00+01:00;+;Germany;11;Munich;27;City;1;New;1;Cat. A;1;27;22;30;27;39;40;38;38;52;48;53;50;26;29;28;26
europe;2021-09-30T00:00:00+01:00;+;Germany;11;Munich;27;City;1;Preowend;2;Cat. A;1;10;10;10;10;50;48;49;50;59;55;59;57;14;13;17;14
europe;2021-09-30T00:00:00+01:00;+;Germany;11;Munich;27;Suburb;2;New;1;Cat. A;1;17;19;18;17;50;47;52;49;32;30;31;31;13;10;10;13
europe;2021-09-30T00:00:00+01:00;+;Germany;11;Munich;27;Suburb;2;Preowend;2;Cat. B;2;36;30;31;35;40;39;39;40;24;28;23;25;39;39;37;39
europe;2021-09-30T00:00:00+01:00;+;Germany;11;Munich;27;Suburb;2;Preowend;2;Cat. B;2;56;58;59;56;52;49;50;52;32;32;37;32;59;62;60;59
europe;2021-10-31T00:00:00+01:00;+;Germany;11;Munich;27;City;1;New;1;Cat. A;1;24;21;20;25;31;35;33;31;57;54;59;57;27;28;28;27
europe;2021-10-31T00:00:00+01:00;+;Germany;11;Munich;27;City;1;Preowend;2;Cat. A;1;13;17;13;15;53;57;58;54;55;54;60;56;11;12;10;10
europe;2021-10-31T00:00:00+01:00;+;Germany;11;Munich;27;Suburb;2;New;1;Cat. A;1;13;11;12;13;52;48;51;52;35;35;32;34;16;18;18;16
europe;2021-10-31T00:00:00+01:00;+;Germany;11;Munich;27;Suburb;2;Preowend;2;Cat. B;2;35;35;34;36;35;36;29;34;26;24;24;25;40;44;43;40
europe;2021-10-31T00:00:00+01:00;+;Germany;11;Munich;27;Suburb;2;Preowend;2;Cat. B;2;56;51;53;56;53;58;49;53;31;34;31;29;59;59;53;57
europe;2021-11-30T00:00:00+01:00;+;Germany;11;Munich;27;City;1;New;1;Cat. A;1;28;29;27;28;36;34;33;36;56;58;60;56;27;29;27;25
europe;2021-11-30T00:00:00+01:00;+;Germany;11;Munich;27;City;1;Preowend;2;Cat. A;1;10;13;11;10;50;48;51;51;52;54;56;52;12;11;11;14
europe;2021-11-30T00:00:00+01:00;+;Germany;11;Munich;27;Suburb;2;New;1;Cat. A;1;12;12;10;12;53;50;55;54;34;33;32;35;13;16;10;14
europe;2021-11-30T00:00:00+01:00;+;Germany;11;Munich;27;Suburb;2;Preowend;2;Cat. B;2;36;38;40;35;39;38;40;41;23;20;25;23;38;42;42;37
europe;2021-11-30T00:00:00+01:00;+;Germany;11;Munich;27;Suburb;2;Preowend;2;Cat. B;2;56;51;55;57;53;47;47;53;31;27;35;29;63;63;62;61
europe;2021-12-31T00:00:00+01:00;+;Germany;11;Munich;27;City;1;New;1;Cat. A;1;26;25;30;25;33;33;32;34;51;50;54;51;24;26;21;25
europe;2021-12-31T00:00:00+01:00;+;Germany;11;Munich;27;City;1;Preowend;2;Cat. A;1;16;14;18;14;57;54;55;55;52;53;55;53;11;14;12;10
europe;2021-12-31T00:00:00+01:00;+;Germany;11;Munich;27;Suburb;2;New;1;Cat. A;1;14;14;13;12;54;54;51;52;28;32;26;28;17;14;18;18
europe;2021-12-31T00:00:00+01:00;+;Germany;11;Munich;27;Suburb;2;Preowend;2;Cat. B;2;35;40;39;35;36;39;33;35;18;24;23;19;38;32;32;38
europe;2021-12-31T00:00:00+01:00;+;Germany;11;Munich;27;Suburb;2;Preowend;2;Cat. B;2;61;65;63;61;53;52;55;54;31;27;27;31;60;62;62;61
europe;2022-01-31T00:00:00+01:00;+;Germany;11;Munich;27;City;1;New;1;Cat. A;1;27;29;27;27;33;32;37;34;54;50;51;55;24;23;26;24
europe;2022-01-31T00:00:00+01:00;+;Germany;11;Munich;27;City;1;Preowend;2;Cat. A;1;14;14;12;13;52;50;55;53;57;59;56;57;13;10;12;13
europe;2022-01-31T00:00:00+01:00;+;Germany;11;Munich;27;Suburb;2;New;1;Cat. A;1;16;14;12;17;53;51;53;52;29;32;28;28;16;17;13;17
europe;2022-01-31T00:00:00+01:00;+;Germany;11;Munich;27;Suburb;2;Preowend;2;Cat. B;2;40;37;40;38;34;31;37;35;24;23;21;22;39;40;36;39
europe;2022-01-31T00:00:00+01:00;+;Germany;11;Munich;27;Suburb;2;Preowend;2;Cat. B;2;59;56;53;60;53;52;55;53;32;27;32;31;62;60;68;63
europe;2022-02-28T00:00:00+01:00;+;Germany;11;Munich;27;City;1;New;1;Cat. A;1;30;26;30;30;36;39;38;34;58;53;56;58;27;31;28;28
europe;2022-02-28T00:00:00+01:00;+;Germany;11;Munich;27;City;1;Preowend;2;Cat. A;1;10;10;10;10;53;51;54;53;57;59;54;58;14;18;16;14
europe;2022-02-28T00:00:00+01:00;+;Germany;11;Munich;27;Suburb;2;New;1;Cat. A;1;15;15;15;14;51;48;55;52;30;33;26;30;13;14;14;11
europe;2022-02-28T00:00:00+01:00;+;Germany;11;Munich;27;Suburb;2;Preowend;2;Cat. B;2;36;30;31;35;35;39;38;35;24;25;18;22;40;36;40;40
europe;2022-02-28T00:00:00+01:00;+;Germany;11;Munich;27;Suburb;2;Preowend;2;Cat. B;2;58;54;62;58;54;49;55;54;28;32;23;27;59;62;65;59
europe;2022-03-31T00:00:00+01:00;+;Germany;11;Munich;27;City;1;New;1;Cat. A;1;26;25;27;25;36;40;34;37;50;51;54;50;26;21;23;26
europe;2022-03-31T00:00:00+01:00;+;Germany;11;Munich;27;City;1;Preowend;2;Cat. A;1;10;10;13;10;50;52;54;51;56;53;52;54;13;10;13;14
europe;2022-03-31T00:00:00+01:00;+;Germany;11;Munich;27;Suburb;2;New;1;Cat. A;1;17;12;17;16;54;53;52;52;33;31;30;34;17;18;20;17
europe;2022-03-31T00:00:00+01:00;+;Germany;11;Munich;27;Suburb;2;Preowend;2;Cat. B;2;40;44;42;42;40;35;45;39;20;22;21;20;40;41;36;42
europe;2022-03-31T00:00:00+01:00;+;Germany;11;Munich;27;Suburb;2;Preowend;2;Cat. B;2;60;56;54;60;51;49;47;51;30;28;31;29;60;62;60;58
europe;2022-04-30T00:00:00+01:00;+;Germany;11;Munich;27;City;1;New;1;Cat. A;1;25;21;26;25;39;34;41;38;51;54;48;52;25;26;22;25
europe;2022-04-30T00:00:00+01:00;+;Germany;11;Munich;27;City;1;Preowend;2;Cat. A;1;14;10;12;12;52;53;51;53;53;57;49;53;11;10;15;13
europe;2022-04-30T00:00:00+01:00;+;Germany;11;Munich;27;Suburb;2;New;1;Cat. A;1;19;22;18;18;52;51;47;50;33;32;37;35;14;16;10;13
europe;2022-04-30T00:00:00+01:00;+;Germany;11;Munich;27;Suburb;2;Preowend;2;Cat. B;2;35;37;32;35;37;40;42;37;20;18;18;19;38;34;42;37
europe;2022-04-30T00:00:00+01:00;+;Germany;11;Munich;27;Suburb;2;Preowend;2;Cat. B;2;61;56;55;61;52;59;55;52;30;31;28;32;59;57;56;60
europe;2022-05-31T00:00:00+01:00;+;Germany;11;Munich;27;City;1;New;1;Cat. A;1;27;30;26;25;32;35;33;32;50;50;54;50;28;27;28;29
europe;2022-05-31T00:00:00+01:00;+;Germany;11;Munich;27;City;1;Preowend;2;Cat. A;1;16;17;19;16;54;52;51;52;53;52;54;52;10;10;14;11
europe;2022-05-31T00:00:00+01:00;+;Germany;11;Munich;27;Suburb;2;New;1;Cat. A;1;15;10;13;13;55;54;57;53;31;35;28;32;18;20;20;18
europe;2022-05-31T00:00:00+01:00;+;Germany;11;Munich;27;Suburb;2;Preowend;2;Cat. B;2;36;42;42;38;34;30;30;36;20;15;25;19;35;41;35;35
europe;2022-05-31T00:00:00+01:00;+;Germany;11;Munich;27;Suburb;2;Preowend;2;Cat. B;2;58;58;61;56;52;49;50;50;29;23;35;28;61;57;61;63
europe;2022-06-30T00:00:00+01:00;+;Germany;11;Munich;27;City;1;New;1;Cat. A;1;27;30;30;28;36;35;34;35;52;56;54;53;28;27;24;28
europe;2022-06-30T00:00:00+01:00;+;Germany;11;Munich;27;City;1;Preowend;2;Cat. A;1;13;10;12;14;54;53;53;53;57;57;55;57;13;16;17;14
europe;2022-06-30T00:00:00+01:00;+;Germany;11;Munich;27;Suburb;2;New;1;Cat. A;1;14;13;11;14;51;49;56;53;36;39;37;34;14;16;16;13
europe;2022-06-30T00:00:00+01:00;+;Germany;11;Munich;27;Suburb;2;Preowend;2;Cat. B;2;37;31;40;35;39;40;39;41;20;22;24;20;36;40;38;36
europe;2022-06-30T00:00:00+01:00;+;Germany;11;Munich;27;Suburb;2;Preowend;2;Cat. B;2;57;61;60;56;55;60;60;56;29;30;29;31;62;63;62;62
europe;2022-07-31T00:00:00+01:00;+;Germany;11;Munich;27;City;1;New;1;Cat. A;1;24;23;19;23;33;32;34;32;53;58;53;54;26;28;24;27
europe;2022-07-31T00:00:00+01:00;+;Germany;11;Munich;27;City;1;Preowend;2;Cat. A;1;11;11;12;10;50;52;55;50;53;53;50;55;14;17;16;13
europe;2022-07-31T00:00:00+01:00;+;Germany;11;Munich;27;Suburb;2;New;1;Cat. A;1;14;15;16;13;52;53;57;54;31;31;32;32;14;15;17;15
europe;2022-07-31T00:00:00+01:00;+;Germany;11;Munich;27;Suburb;2;Preowend;2;Cat. B;2;42;39;44;42;37;38;43;37;26;21;24;26;39;36;40;37
europe;2022-07-31T00:00:00+01:00;+;Germany;11;Munich;27;Suburb;2;Preowend;2;Cat. B;2;64;59;66;62;53;49;47;53;32;38;33;34;63;64;62;62
europe;2022-08-31T00:00:00+01:00;+;Germany;11;Munich;27;City;1;New;1;Cat. A;1;28;32;30;29;34;33;32;33;57;54;61;56;24;27;25;25
europe;2022-08-31T00:00:00+01:00;+;Germany;11;Munich;27;City;1;Preowend;2;Cat. A;1;14;17;18;16;49;54;53;51;56;54;58;56;14;17;16;13
europe;2022-08-31T00:00:00+01:00;+;Germany;11;Munich;27;Suburb;2;New;1;Cat. A;1;18;15;15;19;50;49;53;50;31;28;28;31;18;16;20;17
europe;2022-08-31T00:00:00+01:00;+;Germany;11;Munich;27;Suburb;2;Preowend;2;Cat. B;2;37;32;36;37;34;32;32;36;21;20;23;21;39;36;43;38
europe;2022-08-31T00:00:00+01:00;+;Germany;11;Munich;27;Suburb;2;Preowend;2;Cat. B;2;58;54;56;57;55;52;51;53;29;31;23;27;56;55;61;58
europe;2022-09-30T00:00:00+01:00;+;Germany;11;Munich;27;City;1;New;1;Cat. A;1;23;22;28;25;34;34;37;33;54;53;51;55;23;19;27;22
europe;2022-09-30T00:00:00+01:00;+;Germany;11;Munich;27;City;1;Preowend;2;Cat. A;1;10;10;10;10;53;55;57;55;54;54;56;55;13;10;14;12
europe;2022-09-30T00:00:00+01:00;+;Germany;11;Munich;27;Suburb;2;New;1;Cat. A;1;12;12;14;14;55;54;58;55;34;36;31;35;17;18;16;17
europe;2022-09-30T00:00:00+01:00;+;Germany;11;Munich;27;Suburb;2;Preowend;2;Cat. B;2;39;37;38;40;37;37;31;36;20;24;17;19;35;37;33;36
europe;2022-09-30T00:00:00+01:00;+;Germany;11;Munich;27;Suburb;2;Preowend;2;Cat. B;2;58;56;63;57;51;46;46;50;31;36;32;30;57;63;57;58
europe;2022-10-31T00:00:00+01:00;+;Germany;11;Munich;27;City;1;New;1;Cat. A;1;24;27;23;23;39;39;38;39;54;50;50;55;24;24;26;23
europe;2022-10-31T00:00:00+01:00;+;Germany;11;Munich;27;City;1;Preowend;2;Cat. A;1;11;15;10;12;54;54;55;54;55;53;58;56;14;14;17;13
europe;2022-10-31T00:00:00+01:00;+;Germany;11;Munich;27;Suburb;2;New;1;Cat. A;1;16;16;14;16;54;55;58;55;31;31;28;31;17;18;13;17
europe;2022-10-31T00:00:00+01:00;+;Germany;11;Munich;27;Suburb;2;Preowend;2;Cat. B;2;39;34;37;40;39;39;34;39;20;22;25;20;35;34;37;37
europe;2022-10-31T00:00:00+01:00;+;Germany;11;Munich;27;Suburb;2;Preowend;2;Cat. B;2;57;62;55;58;52;54;48;54;33;32;35;34;60;62;59;61
europe;2022-11-30T00:00:00+01:00;+;Germany;11;Munich;27;City;1;New;1;Cat. A;1;28;29;31;29;32;33;34;32;56;58;55;57;24;23;26;23
europe;2022-11-30T00:00:00+01:00;+;Germany;11;Munich;27;City;1;Preowend;2;Cat. A;1;13;13;12;15;53;52;53;53;57;55;54;56;14;18;19;14
europe;2022-11-30T00:00:00+01:00;+;Germany;11;Munich;27;Suburb;2;New;1;Cat. A;1;12;11;15;13;50;48;49;50;33;35;37;35;17;15;19;17
europe;2022-11-30T00:00:00+01:00;+;Germany;11;Munich;27;Suburb;2;Preowend;2;Cat. B;2;39;33;34;37;40;36;43;40;25;21;28;23;36;33;35;36
europe;2022-11-30T00:00:00+01:00;+;Germany;11;Munich;27;Suburb;2;Preowend;2;Cat. B;2;60;61;58;61;49;54;52;50;32;38;34;34;59;62;63;58
europe;2022-12-31T00:00:00+01:00;+;Germany;11;Munich;27;City;1;New;1;Cat. A;1;24;21;22;23;34;35;33;34;54;59;53;55;25;23;21;23
europe;2022-12-31T00:00:00+01:00;+;Germany;11;Munich;27;City;1;Preowend;2;Cat. A;1;14;12;12;14;49;49;52;51;57;56;59;56;10;10;10;10
europe;2022-12-31T00:00:00+01:00;+;Germany;11;Munich;27;Suburb;2;New;1;Cat. A;1;17;18;19;16;53;53;56;51;30;26;26;28;16;16;14;17
europe;2022-12-31T00:00:00+01:00;+;Germany;11;Munich;27;Suburb;2;Preowend;2;Cat. B;2;37;40;38;37;36;39;35;36;21;23;24;19;36;40;32;34
europe;2022-12-31T00:00:00+01:00;+;Germany;11;Munich;27;Suburb;2;Preowend;2;Cat. B;2;58;60;63;58;57;51;50;56;27;25;24;29;61;66;66;62
europe;2023-01-31T00:00:00+01:00;+;Germany;11;Munich;27;City;1;New;1;Cat. A;1;24;21;22;26;37;37;34;36;55;58;53;54;27;27;25;27
europe;2023-01-31T00:00:00+01:00;+;Germany;11;Munich;27;City;1;Preowend;2;Cat. A;1;10;10;10;10;54;54;57;53;54;57;50;53;10;10;14;11
europe;2023-01-31T00:00:00+01:00;+;Germany;11;Munich;27;Suburb;2;New;1;Cat. A;1;18;14;18;17;49;47;46;50;30;28;32;30;13;10;11;12
europe;2023-01-31T00:00:00+01:00;+;Germany;11;Munich;27;Suburb;2;Preowend;2;Cat. B;2;34;34;32;35;33;34;38;35;24;22;20;23;40;37;41;41
europe;2023-01-31T00:00:00+01:00;+;Germany;11;Munich;27;Suburb;2;Preowend;2;Cat. B;2;59;65;65;59;52;56;54;53;28;23;33;28;61;65;63;61
europe;2023-02-28T00:00:00+01:00;+;Germany;11;Munich;27;City;1;New;1;Cat. A;1;27;24;28;27;34;36;34;34;56;52;51;54;27;26;23;25
europe;2023-02-28T00:00:00+01:00;+;Germany;11;Munich;27;City;1;Preowend;2;Cat. A;1;13;15;12;13;49;52;51;49;55;59;58;57;13;15;11;14
europe;2023-02-28T00:00:00+01:00;+;Germany;11;Munich;27;Suburb;2;New;1;Cat. A;1;14;10;10;13;56;57;51;55;35;37;31;35;15;20;16;17
europe;2023-02-28T00:00:00+01:00;+;Germany;11;Munich;27;Suburb;2;Preowend;2;Cat. B;2;41;36;42;41;37;37;35;37;24;26;22;23;38;39;40;38
europe;2023-02-28T00:00:00+01:00;+;Germany;11;Munich;27;Suburb;2;Preowend;2;Cat. B;2;63;60;59;62;54;55;51;53;29;27;27;31;57;57;60;59
europe;2023-03-31T00:00:00+01:00;+;Germany;11;Munich;27;City;1;New;1;Cat. A;1;22;19;22;23;39;41;34;37;51;51;51;52;29;26;27;28
europe;2023-03-31T00:00:00+01:00;+;Germany;11;Munich;27;City;1;Preowend;2;Cat. A;1;15;13;18;15;57;53;57;56;57;62;62;57;10;13;11;10
europe;2023-03-31T00:00:00+01:00;+;Germany;11;Munich;27;Suburb;2;New;1;Cat. A;1;14;13;15;14;48;49;46;50;33;36;30;32;12;13;15;13
europe;2023-03-31T00:00:00+01:00;+;Germany;11;Munich;27;Suburb;2;Preowend;2;Cat. B;2;37;35;35;36;38;38;34;38;21;27;27;23;40;43;36;41
europe;2023-03-31T00:00:00+01:00;+;Germany;11;Munich;27;Suburb;2;Preowend;2;Cat. B;2;57;54;56;56;52;48;55;51;33;35;37;32;62;66;64;62
europe;2023-04-30T00:00:00+01:00;+;Germany;11;Munich;27;City;1;New;1;Cat. A;1;26;25;24;25;35;35;35;35;50;50;55;51;28;28;28;27
europe;2023-04-30T00:00:00+01:00;+;Germany;11;Munich;27;City;1;Preowend;2;Cat. A;1;16;11;13;14;53;58;50;54;53;58;54;54;16;13;18;16
europe;2023-04-30T00:00:00+01:00;+;Germany;11;Munich;27;Suburb;2;New;1;Cat. A;1;13;14;16;14;48;53;48;50;30;27;30;30;17;16;14;17
europe;2023-04-30T00:00:00+01:00;+;Germany;11;Munich;27;Suburb;2;Preowend;2;Cat. B;2;40;44;43;39;36;31;31;36;19;15;24;20;40;45;35;39
europe;2023-04-30T00:00:00+01:00;+;Germany;11;Munich;27;Suburb;2;Preowend;2;Cat. B;2;63;59;68;61;50;56;47;50;33;37;35;32;61;58;57;62
europe;2023-05-31T00:00:00+01:00;+;Germany;11;Munich;27;City;1;New;1;Cat. A;1;24;28;26;24;32;36;34;32;57;58;53;55;30;27;29;28
europe;2023-05-31T00:00:00+01:00;+;Germany;11;Munich;27;City;1;Preowend;2;Cat. A;1;13;15;13;14;56;56;59;54;53;51;53;51;10;10;10;10
europe;2023-05-31T00:00:00+01:00;+;Germany;11;Munich;27;Suburb;2;New;1;Cat. A;1;15;20;19;16;53;55;56;53;34;32;33;34;13;18;10;15
europe;2023-05-31T00:00:00+01:00;+;Germany;11;Munich;27;Suburb;2;Preowend;2;Cat. B;2;41;38;37;42;35;39;32;36;26;28;24;24;38;36;37;38
europe;2023-05-31T00:00:00+01:00;+;Germany;11;Munich;27;Suburb;2;Preowend;2;Cat. B;2;59;61;64;61;53;56;59;54;32;36;37;32;60;60;60;60
europe;2023-06-30T00:00:00+01:00;+;Germany;11;Munich;27;City;1;New;1;Cat. A;1;30;32;25;29;38;37;37;37;53;52;53;54;28;32;25;28
europe;2023-06-30T00:00:00+01:00;+;Germany;11;Munich;27;City;1;Preowend;2;Cat. A;1;12;15;17;13;54;54;53;53;57;59;55;55;15;11;13;16
europe;2023-06-30T00:00:00+01:00;+;Germany;11;Munich;27;Suburb;2;New;1;Cat. A;1;13;10;10;11;51;47;47;49;30;29;25;29;12;13;15;13
europe;2023-06-30T00:00:00+01:00;+;Germany;11;Munich;27;Suburb;2;Preowend;2;Cat. B;2;41;39;40;42;37;36;35;36;20;18;19;20;36;37;35;35
europe;2023-06-30T00:00:00+01:00;+;Germany;11;Munich;27;Suburb;2;Preowend;2;Cat. B;2;56;59;53;58;57;58;58;55;32;27;29;32;59;53;61;58
europe;2023-07-31T00:00:00+01:00;+;Germany;11;Munich;27;City;1;New;1;Cat. A;1;27;31;27;27;36;33;36;36;54;56;56;55;28;33;29;29
europe;2023-07-31T00:00:00+01:00;+;Germany;11;Munich;27;City;1;Preowend;2;Cat. A;1;14;19;18;14;53;53;52;53;59;57;56;57;12;10;12;13
europe;2023-07-31T00:00:00+01:00;+;Germany;11;Munich;27;Suburb;2;New;1;Cat. A;1;15;14;10;13;50;51;51;51;30;28;30;30;16;11;13;14
europe;2023-07-31T00:00:00+01:00;+;Germany;11;Munich;27;Suburb;2;Preowend;2;Cat. B;2;39;43;36;41;39;44;38;40;21;15;20;21;36;31;34;34
europe;2023-07-31T00:00:00+01:00;+;Germany;11;Munich;27;Suburb;2;Preowend;2;Cat. B;2;61;63;59;62;55;60;52;55;31;35;35;32;63;60;63;61
europe;2023-08-31T00:00:00+01:00;+;Germany;11;Munich;27;City;1;New;1;Cat. A;1;26;26;25;27;37;40;36;37;57;56;58;55;28;28;30;29
europe;2023-08-31T00:00:00+01:00;+;Germany;11;Munich;27;City;1;Preowend;2;Cat. A;1;11;15;10;11;51;52;52;52;58;57;58;59;15;11;14;13
europe;2023-08-31T00:00:00+01:00;+;Germany;11;Munich;27;Suburb;2;New;1;Cat. A;1;18;15;22;17;55;57;54;55;30;29;30;32;15;17;16;14
europe;2023-08-31T00:00:00+01:00;+;Germany;11;Munich;27;Suburb;2;Preowend;2;Cat. B;2;38;44;38;38;40;34;42;38;21;20;21;22;40;39;40;40
europe;2023-08-31T00:00:00+01:00;+;Germany;11;Munich;27;Suburb;2;Preowend;2;Cat. B;2;60;55;58;58;56;56;53;55;32;37;38;31;62;60;68;61
europe;2023-09-30T00:00:00+01:00;+;Germany;11;Munich;27;City;1;New;1;Cat. A;1;24;23;22;25;38;37;34;38;51;48;53;53;25;22;26;25
europe;2023-09-30T00:00:00+01:00;+;Germany;11;Munich;27;City;1;Preowend;2;Cat. A;1;14;13;14;14;55;54;58;56;57;57;59;56;12;12;12;13
europe;2023-09-30T00:00:00+01:00;+;Germany;11;Munich;27;Suburb;2;New;1;Cat. A;1;12;14;11;12;52;48;56;51;32;28;30;33;16;18;15;14
europe;2023-09-30T00:00:00+01:00;+;Germany;11;Munich;27;Suburb;2;Preowend;2;Cat. B;2;40;43;37;39;36;36;34;35;26;23;25;24;42;41;42;40
europe;2023-09-30T00:00:00+01:00;+;Germany;11;Munich;27;Suburb;2;Preowend;2;Cat. B;2;63;59;68;63;49;50;51;49;34;35;36;34;58;59;64;59
europe;2023-10-31T00:00:00+01:00;+;Germany;11;Munich;27;City;1;New;1;Cat. A;1;22;20;25;23;32;31;30;31;51;55;55;52;27;26;23;26
europe;2023-10-31T00:00:00+01:00;+;Germany;11;Munich;27;City;1;Preowend;2;Cat. A;1;10;10;11;11;52;52;56;54;55;58;52;56;14;12;17;14
europe;2023-10-31T00:00:00+01:00;+;Germany;11;Munich;27;Suburb;2;New;1;Cat. A;1;12;15;10;13;54;51;51;55;36;39;33;34;15;13;18;15
europe;2023-10-31T00:00:00+01:00;+;Germany;11;Munich;27;Suburb;2;Preowend;2;Cat. B;2;34;40;40;35;37;35;41;36;22;19;26;23;39;34;39;37
europe;2023-10-31T00:00:00+01:00;+;Germany;11;Munich;27;Suburb;2;Preowend;2;Cat. B;2;61;61;61;59;55;60;59;54;33;33;38;35;62;62;58;61
europe;2023-11-30T00:00:00+01:00;+;Germany;11;Munich;27;City;1;New;1;Cat. A;1;25;21;21;26;38;41;38;38;55;52;53;55;27;24;29;27
europe;2023-11-30T00:00:00+01:00;+;Germany;11;Munich;27;City;1;Preowend;2;Cat. A;1;16;11;19;15;52;49;53;52;57;56;59;58;15;17;17;14
europe;2023-11-30T00:00:00+01:00;+;Germany;11;Munich;27;Suburb;2;New;1;Cat. A;1;12;14;11;13;52;55;49;52;32;33;33;31;15;11;19;15
europe;2023-11-30T00:00:00+01:00;+;Germany;11;Munich;27;Suburb;2;Preowend;2;Cat. B;2;34;38;39;34;38;35;41;39;19;23;25;19;38;44;41;40
europe;2023-11-30T00:00:00+01:00;+;Germany;11;Munich;27;Suburb;2;Preowend;2;Cat. B;2;58;60;61;58;54;58;55;54;31;26;33;30;63;63;68;62
europe;2023-12-31T00:00:00+01:00;+;Germany;11;Munich;27;City;1;New;1;Cat. A;1;25;30;22;25;36;31;33;34;52;53;53;53;23;20;25;23
europe;2023-12-31T00:00:00+01:00;+;Germany;11;Munich;27;City;1;Preowend;2;Cat. A;1;10;13;11;10;53;51;55;53;57;53;57;56;16;19;14;14
europe;2023-12-31T00:00:00+01:00;+;Germany;11;Munich;27;Suburb;2;New;1;Cat. A;1;19;22;18;17;54;50;51;53;31;27;33;30;13;17;14;13
europe;2023-12-31T00:00:00+01:00;+;Germany;11;Munich;27;Suburb;2;Preowend;2;Cat. B;2;37;38;42;39;36;31;41;37;21;22;15;21;38;37;40;37
europe;2023-12-31T00:00:00+01:00;+;Germany;11;Munich;27;Suburb;2;Preowend;2;Cat. B;2;57;55;57;58;56;62;52;57;32;33;37;33;58;59;53;59
europe;2024-01-31T00:00:00+01:00;+;Germany;11;Munich;27;City;1;New;1;Cat. A;1;27;29;31;26;38;37;35;39;50;47;48;51;29;31;31;28
europe;2024-01-31T00:00:00+01:00;+;Germany;11;Munich;27;City;1;Preowend;2;Cat. A;1;11;10;10;11;56;54;57;55;51;51;56;51;10;10;10;10
europe;2024-01-31T00:00:00+01:00;+;Germany;11;Munich;27;Suburb;2;New;1;Cat. A;1;13;10;11;13;50;52;48;51;30;26;27;30;15;14;17;16
europe;2024-01-31T00:00:00+01:00;+;Germany;11;Munich;27;Suburb;2;Preowend;2;Cat. B;2;42;40;37;40;38;43;40;39;25;25;22;25;36;35;31;35
europe;2024-01-31T00:00:00+01:00;+;Germany;11;Munich;27;Suburb;2;Preowend;2;Cat. B;2;64;66;65;62;53;51;56;53;29;33;34;29;60;56;62;61
europe;2024-02-29T00:00:00+01:00;+;Germany;11;Munich;27;City;1;New;1;Cat. A;1;29;27;25;30;36;34;32;35;54;52;49;53;27;28;27;27
europe;2024-02-29T00:00:00+01:00;+;Germany;11;Munich;27;City;1;Preowend;2;Cat. A;1;14;13;16;12;55;50;56;55;55;58;51;55;14;11;12;13
europe;2024-02-29T00:00:00+01:00;+;Germany;11;Munich;27;Suburb;2;New;1;Cat. A;1;13;10;15;11;50;46;48;50;31;31;33;32;15;10;16;15
europe;2024-02-29T00:00:00+01:00;+;Germany;11;Munich;27;Suburb;2;Preowend;2;Cat. B;2;39;42;34;38;39;34;35;39;22;24;26;21;39;37;44;40
europe;2024-02-29T00:00:00+01:00;+;Germany;11;Munich;27;Suburb;2;Preowend;2;Cat. B;2;63;67;64;63;54;52;50;54;30;26;33;30;58;51;54;58
europe;2024-03-31T00:00:00+01:00;+;Germany;11;Munich;27;City;1;New;1;Cat. A;1;28;27;27;29;34;31;35;34;56;55;54;57;30;31;29;30
europe;2024-03-31T00:00:00+01:00;+;Germany;11;Munich;27;City;1;Preowend;2;Cat. A;1;11;10;10;10;49;46;54;50;58;62;60;57;10;10;10;10
europe;2024-03-31T00:00:00+01:00;+;Germany;11;Munich;27;Suburb;2;New;1;Cat. A;1;17;15;16;15;51;49;52;52;34;33;35;33;12;15;11;11
europe;2024-03-31T00:00:00+01:00;+;Germany;11;Munich;27;Suburb;2;Preowend;2;Cat. B;2;41;39;36;40;36;32;38;35;18;16;18;18;39;36;44;40
europe;2024-03-31T00:00:00+01:00;+;Germany;11;Munich;27;Suburb;2;Preowend;2;Cat. B;2;62;66;61;60;51;49;45;50;30;34;35;29;61;54;54;60
europe;2024-04-30T00:00:00+01:00;+;Germany;11;Munich;27;City;1;New;1;Cat. A;1;26;24;29;25;36;32;38;37;53;54;53;52;22;21;25;22
europe;2024-04-30T00:00:00+01:00;+;Germany;11;Munich;27;City;1;Preowend;2;Cat. A;1;15;11;15;13;56;53;53;56;53;51;48;53;14;13;12;14
europe;2024-04-30T00:00:00+01:00;+;Germany;11;Munich;27;Suburb;2;New;1;Cat. A;1;14;14;10;12;53;56;54;51;29;27;29;28;13;16;12;15
europe;2024-04-30T00:00:00+01:00;+;Germany;11;Munich;27;Suburb;2;Preowend;2;Cat. B;2;38;34;35;39;35;31;39;35;26;30;22;26;38;37;37;38
europe;2024-04-30T00:00:00+01:00;+;Germany;11;Munich;27;Suburb;2;Preowend;2;Cat. B;2;59;55;60;59;54;49;54;54;32;29;37;33;62;64;63;62
europe;2024-05-31T00:00:00+01:00;+;Germany;11;Munich;27;City;1;New;1;Cat. A;1;30;26;27;30;33;36;35;34;55;53;53;55;27;27;25;25
europe;2024-05-31T00:00:00+01:00;+;Germany;11;Munich;27;City;1;Preowend;2;Cat. A;1;12;14;15;13;57;57;59;55;51;52;49;51;10;10;15;12
europe;2024-05-31T00:00:00+01:00;+;Germany;11;Munich;27;Suburb;2;New;1;Cat. A;1;18;16;17;19;54;54;51;53;29;31;30;30;12;12;13;11
europe;2024-05-31T00:00:00+01:00;+;Germany;11;Munich;27;Suburb;2;Preowend;2;Cat. B;2;41;44;44;41;39;41;43;39;20;22;25;20;37;35;41;38
europe;2024-05-31T00:00:00+01:00;+;Germany;11;Munich;27;Suburb;2;Preowend;2;Cat. B;2;61;63;63;60;55;58;56;54;32;26;32;31;60;67;61;62
europe;2024-06-30T00:00:00+01:00;+;Germany;11;Munich;27;City;1;New;1;Cat. A;1;29;29;25;29;33;30;29;33;56;51;53;54;28;31;31;27
europe;2024-06-30T00:00:00+01:00;+;Germany;11;Munich;27;City;1;Preowend;2;Cat. A;1;10;10;10;10;55;53;53;53;56;59;59;55;10;10;12;10
europe;2024-06-30T00:00:00+01:00;+;Germany;11;Munich;27;Suburb;2;New;1;Cat. A;1;13;10;11;14;51;48;50;50;30;29;29;29;17;17;20;17
europe;2024-06-30T00:00:00+01:00;+;Germany;11;Munich;27;Suburb;2;Preowend;2;Cat. B;2;40;34;38;38;40;37;42;40;20;18;17;20;42;37;37;42
europe;2024-06-30T00:00:00+01:00;+;Germany;11;Munich;27;Suburb;2;Preowend;2;Cat. B;2;63;67;61;63;57;58;62;56;33;30;38;34;59;64;54;58
europe;2024-07-31T00:00:00+01:00;+;Germany;11;Munich;27;City;1;New;1;Cat. A;1;29;25;24;28;36;36;40;37;52;54;50;50;27;27;23;27
europe;2024-07-31T00:00:00+01:00;+;Germany;11;Munich;27;City;1;Preowend;2;Cat. A;1;10;14;10;11;54;51;55;54;57;56;58;57;12;12;10;11
europe;2024-07-31T00:00:00+01:00;+;Germany;11;Munich;27;Suburb;2;New;1;Cat. A;1;13;15;12;14;49;48;51;48;32;33;33;31;15;14;12;16
europe;2024-07-31T00:00:00+01:00;+;Germany;11;Munich;27;Suburb;2;Preowend;2;Cat. B;2;36;39;37;36;34;36;34;34;20;21;24;21;40;37;40;38
europe;2024-07-31T00:00:00+01:00;+;Germany;11;Munich;27;Suburb;2;Preowend;2;Cat. B;2;59;56;60;59;55;56;58;56;28;24;32;30;58;60;51;58
europe;2024-08-31T00:00:00+01:00;+;Germany;11;Munich;27;City;1;New;1;Cat. A;1;26;27;29;26;36;38;31;36;58;55;60;58;22;21;23;23
europe;2024-08-31T00:00:00+01:00;+;Germany;11;Munich;27;City;1;Preowend;2;Cat. A;1;11;12;14;12;53;55;50;55;59;56;57;57;10;10;12;11
europe;2024-08-31T00:00:00+01:00;+;Germany;11;Munich;27;Suburb;2;New;1;Cat. A;1;15;18;18;14;54;54;58;54;34;32;32;35;16;16;16;16
europe;2024-08-31T00:00:00+01:00;+;Germany;11;Munich;27;Suburb;2;Preowend;2;Cat. B;2;38;38;42;38;35;33;35;33;22;23;26;21;35;34;35;34
europe;2024-08-31T00:00:00+01:00;+;Germany;11;Munich;27;Suburb;2;Preowend;2;Cat. B;2;60;58;63;60;54;55;50;55;34;36;28;32;60;57;64;61
europe;2024-09-30T00:00:00+01:00;+;Germany;11;Munich;27;City;1;New;1;Cat. A;1;28;32;24;27;38;40;36;37;52;54;51;51;24;20;24;25
europe;2024-09-30T00:00:00+01:00;+;Germany;11;Munich;27;City;1;Preowend;2;Cat. A;1;11;10;11;10;51;52;51;50;53;56;51;54;10;10;12;10
europe;2024-09-30T00:00:00+01:00;+;Germany;11;Munich;27;Suburb;2;New;1;Cat. A;1;13;11;13;13;49;51;45;49;35;33;31;33;13;15;16;11
europe;2024-09-30T00:00:00+01:00;+;Germany;11;Munich;27;Suburb;2;Preowend;2;Cat. B;2;38;42;36;38;36;38;33;36;23;19;21;21;38;41;37;39
europe;2024-09-30T00:00:00+01:00;+;Germany;11;Munich;27;Suburb;2;Preowend;2;Cat. B;2;58;58;61;57;50;47;57;52;35;30;34;33;60;59;66;62
europe;2024-10-31T00:00:00+01:00;+;Germany;11;Munich;27;City;1;New;1;Cat. A;1;27;30;27;28;39;35;38;39;56;59;61;56;26;30;28;27
europe;2024-10-31T00:00:00+01:00;+;Germany;11;Munich;27;City;1;Preowend;2;Cat. A;1;10;13;11;10;54;53;56;56;52;56;52;53;10;10;13;10
europe;2024-10-31T00:00:00+01:00;+;Germany;11;Munich;27;Suburb;2;New;1;Cat. A;1;14;16;13;15;53;56;54;52;28;27;25;29;15;12;16;14
europe;2024-10-31T00:00:00+01:00;+;Germany;11;Munich;27;Suburb;2;Preowend;2;Cat. B;2;40;40;38;39;34;29;30;34;25;25;21;23;39;35;43;37
europe;2024-10-31T00:00:00+01:00;+;Germany;11;Munich;27;Suburb;2;Preowend;2;Cat. B;2;57;58;57;57;54;55;48;52;29;31;32;29;60;65;56;59
europe;2024-11-30T00:00:00+01:00;+;Germany;11;Munich;27;City;1;New;1;Cat. A;1;25;22;23;26;33;34;35;35;58;59;56;58;25;25;25;23
europe;2024-11-30T00:00:00+01:00;+;Germany;11;Munich;27;City;1;Preowend;2;Cat. A;1;11;10;10;11;56;53;52;57;58;60;60;57;10;13;13;10
europe;2024-11-30T00:00:00+01:00;+;Germany;11;Munich;27;Suburb;2;New;1;Cat. A;1;17;16;15;17;52;55;48;51;34;37;32;32;12;14;16;12
europe;2024-11-30T00:00:00+01:00;+;Germany;11;Munich;27;Suburb;2;Preowend;2;Cat. B;2;37;37;37;37;33;31;37;35;20;16;22;18;38;42;41;39
europe;2024-11-30T00:00:00+01:00;+;Germany;11;Munich;27;Suburb;2;Preowend;2;Cat. B;2;61;63;64;59;53;53;54;51;31;29;35;32;64;60;63;62
europe;2024-12-31T00:00:00+01:00;+;Germany;11;Munich;27;City;1;New;1;Cat. A;1;27;32;27;27;38;40;38;38;52;50;51;51;26;25;24;24
europe;2024-12-31T00:00:00+01:00;+;Germany;11;Munich;27;City;1;Preowend;2;Cat. A;1;10;13;14;11;52;53;54;52;58;54;54;57;10;12;14;11
europe;2024-12-31T00:00:00+01:00;+;Germany;11;Munich;27;Suburb;2;New;1;Cat. A;1;12;12;10;12;52;56;55;52;29;25;26;29;17;14;18;15
europe;2024-12-31T00:00:00+01:00;+;Germany;11;Munich;27;Suburb;2;Preowend;2;Cat. B;2;42;43;39;40;40;39;43;41;20;18;23;22;40;37;42;39
europe;2024-12-31T00:00:00+01:00;+;Germany;11;Munich;27;Suburb;2;Preowend;2;Cat. B;2;58;57;60;58;50;50;49;49;33;35;32;34;62;61;60;62
europe;2025-01-31T00:00:00+01:00;+;Germany;11;Munich;27;City;1;New;1;Cat. A;1;27;26;31;27;38;37;37;36;56;59;51;56;27;31;27;26
europe;2025-01-31T00:00:00+01:00;+;Germany;11;Munich;27;City;1;Preowend;2;Cat. A;1;16;16;16;16;53;55;51;53;53;55;56;55;12;15;10;13
europe;2025-01-31T00:00:00+01:00;+;Germany;11;Munich;27;Suburb;2;New;1;Cat. A;1;11;10;10;13;50;49;54;51;31;29;34;33;13;12;15;11
europe;2025-01-31T00:00:00+01:00;+;Germany;11;Munich;27;Suburb;2;Preowend;2;Cat. B;2;41;44;43;42;41;41;40;41;23;22;25;22;39;34;43;38
europe;2025-01-31T00:00:00+01:00;+;Germany;11;Munich;27;Suburb;2;Preowend;2;Cat. B;2;60;59;54;60;52;55;54;51;31;29;25;29;57;56;57;56
europe;2025-02-28T00:00:00+01:00;+;Germany;11;Munich;27;City;1;New;1;Cat. A;1;29;25;31;28;37;35;34;39;52;55;51;53;30;31;31;29
europe;2025-02-28T00:00:00+01:00;+;Germany;11;Munich;27;City;1;Preowend;2;Cat. A;1;11;10;10;10;55;58;55;56;57;55;60;59;11;12;11;12
europe;2025-02-28T00:00:00+01:00;+;Germany;11;Munich;27;Suburb;2;New;1;Cat. A;1;15;12;12;16;53;57;56;52;29;32;26;29;18;15;18;19
europe;2025-02-28T00:00:00+01:00;+;Germany;11;Munich;27;Suburb;2;Preowend;2;Cat. B;2;39;37;44;41;36;42;41;38;25;30;25;25;34;36;34;35
europe;2025-02-28T00:00:00+01:00;+;Germany;11;Munich;27;Suburb;2;Preowend;2;Cat. B;2;57;51;51;57;54;58;57;53;33;29;35;33;56;51;51;57
europe;2025-03-31T00:00:00+01:00;+;Germany;11;Munich;27;City;1;New;1;Cat. A;1;26;29;27;26;34;32;32;33;53;50;50;54;28;31;31;28
europe;2025-03-31T00:00:00+01:00;+;Germany;11;Munich;27;City;1;Preowend;2;Cat. A;1;13;10;11;15;51;46;49;50;53;50;56;55;12;14;10;10
europe;2025-03-31T00:00:00+01:00;+;Germany;11;Munich;27;Suburb;2;New;1;Cat. A;1;16;17;17;16;49;45;53;48;31;33;29;30;17;20;21;17
europe;2025-03-31T00:00:00+01:00;+;Germany;11;Munich;27;Suburb;2;Preowend;2;Cat. B;2;36;36;39;35;35;35;39;36;20;14;24;20;38;33;38;38
europe;2025-03-31T00:00:00+01:00;+;Germany;11;Munich;27;Suburb;2;Preowend;2;Cat. B;2;61;55;57;60;52;57;48;51;31;26;34;32;62;67;57;62
europe;2025-04-30T00:00:00+01:00;+;Germany;11;Munich;27;City;1;New;1;Cat. A;1;24;24;19;24;33;32;33;33;58;56;57;58;24;20;23;23
europe;2025-04-30T00:00:00+01:00;+;Germany;11;Munich;27;City;1;Preowend;2;Cat. A;1;10;10;10;10;56;56;52;57;57;57;56;57;15;15;12;16
europe;2025-04-30T00:00:00+01:00;+;Germany;11;Munich;27;Suburb;2;New;1;Cat. A;1;15;17;12;16;55;53;52;54;30;30;29;32;15;11;12;16
europe;2025-04-30T00:00:00+01:00;+;Germany;11;Munich;27;Suburb;2;Preowend;2;Cat. B;2;41;37;36;40;37;34;39;38;23;17;25;22;40;42;46;41
europe;2025-04-30T00:00:00+01:00;+;Germany;11;Munich;27;Suburb;2;Preowend;2;Cat. B;2;62;66;57;63;49;53;47;51;35;31;38;33;63;56;60;62
europe;2025-05-31T00:00:00+01:00;+;Germany;11;Munich;27;City;1;New;1;Cat. A;1;29;31;26;29;35;35;32;36;50;47;48;52;26;22;27;25
europe;2025-05-31T00:00:00+01:00;+;Germany;11;Munich;27;City;1;Preowend;2;Cat. A;1;13;15;14;12;51;54;49;50;52;49;50;53;10;10;10;10
europe;2025-05-31T00:00:00+01:00;+;Germany;11;Munich;27;Suburb;2;New;1;Cat. A;1;12;10;10;14;56;56;53;54;32;33;31;34;14;14;14;13
europe;2025-05-31T00:00:00+01:00;+;Germany;11;Munich;27;Suburb;2;Preowend;2;Cat. B;2;39;40;44;41;38;36;36;38;23;24;23;23;39;37;41;38
europe;2025-05-31T00:00:00+01:00;+;Germany;11;Munich;27;Suburb;2;Preowend;2;Cat. B;2;58;53;56;57;55;57;49;54;28;25;35;28;61;67;63;61
europe;2025-06-30T00:00:00+01:00;+;Germany;11;Munich;27;City;1;New;1;Cat. A;1;24;26;22;26;33;30;38;35;53;58;56;53;28;32;24;29
europe;2025-06-30T00:00:00+01:00;+;Germany;11;Munich;27;City;1;Preowend;2;Cat. A;1;11;16;12;12;49;48;50;49;52;54;56;52;12;10;13;11
europe;2025-06-30T00:00:00+01:00;+;Germany;11;Munich;27;Suburb;2;New;1;Cat. A;1;15;17;19;15;55;53;58;56;32;29;27;32;16;18;20;15
europe;2025-06-30T00:00:00+01:00;+;Germany;11;Munich;27;Suburb;2;Preowend;2;Cat. B;2;40;37;46;40;34;29;31;35;24;20;25;24;37;39;40;37
europe;2025-06-30T00:00:00+01:00;+;Germany;11;Munich;27;Suburb;2;Preowend;2;Cat. B;2;62;68;61;62;52;59;49;53;27;23;22;29;57;52;60;57
europe;2025-07-31T00:00:00+01:00;+;Germany;11;Munich;27;City;1;New;1;Cat. A;1;30;26;29;30;32;30;32;34;51;48;52;50;28;26;33;30
europe;2025-07-31T00:00:00+01:00;+;Germany;11;Munich;27;City;1;Preowend;2;Cat. A;1;10;10;10;11;51;49;55;52;52;50;56;52;12;10;11;13
europe;2025-07-31T00:00:00+01:00;+;Germany;11;Munich;27;Suburb;2;New;1;Cat. A;1;11;16;15;13;51;55;47;52;31;26;26;31;18;21;20;18
europe;2025-07-31T00:00:00+01:00;+;Germany;11;Munich;27;Suburb;2;Preowend;2;Cat. B;2;37;31;40;36;40;39;36;39;21;26;26;21;37;41;38;38
europe;2025-07-31T00:00:00+01:00;+;Germany;11;Munich;27;Suburb;2;Preowend;2;Cat. B;2;58;58;61;58;51;49;53;52;29;27;34;29;62;69;66;63
europe;2025-08-31T00:00:00+01:00;+;Germany;11;Munich;27;City;1;New;1;Cat. A;1;24;24;25;25;33;32;35;35;53;56;53;52;27;24;32;29
europe;2025-08-31T00:00:00+01:00;+;Germany;11;Munich;27;City;1;Preowend;2;Cat. A;1;12;16;10;12;52;54;51;52;57;56;54;57;16;17;15;16
europe;2025-08-31T00:00:00+01:00;+;Germany;11;Munich;27;Suburb;2;New;1;Cat. A;1;19;21;16;18;52;55;55;52;34;33;38;35;11;15;14;13
europe;2025-08-31T00:00:00+01:00;+;Germany;11;Munich;27;Suburb;2;Preowend;2;Cat. B;2;36;38;39;35;37;32;31;37;19;21;17;19;37;39;40;36
europe;2025-08-31T00:00:00+01:00;+;Germany;11;Munich;27;Suburb;2;Preowend;2;Cat. B;2;60;65;56;58;56;58;61;55;31;29;34;31;59;60;58;61
europe;2025-09-30T00:00:00+01:00;+;Germany;11;Munich;27;City;1;New;1;Cat. A;1;23;19;23;23;37;34;39;37;56;53;54;56;22;25;25;22
europe;2025-09-30T00:00:00+01:00;+;Germany;11;Munich;27;City;1;Preowend;2;Cat. A;1;14;18;15;16;56;54;57;55;56;58;59;55;10;10;10;10
europe;2025-09-30T00:00:00+01:00;+;Germany;11;Munich;27;Suburb;2;New;1;Cat. A;1;17;16;13;18;54;55;53;54;36;39;34;34;15;14;13;14
europe;2025-09-30T00:00:00+01:00;+;Germany;11;Munich;27;Suburb;2;Preowend;2;Cat. B;2;40;36;38;39;37;34;39;39;25;24;23;23;40;39;38;41
europe;2025-09-30T00:00:00+01:00;+;Germany;11;Munich;27;Suburb;2;Preowend;2;Cat. B;2;60;55;60;61;54;56;56;53;30;30;35;29;59;65;55;58
europe;2025-10-31T00:00:00+01:00;+;Germany;11;Munich;27;City;1;New;1;Cat. A;1;24;29;29;26;34;33;31;33;54;57;57;55;26;26;27;26
europe;2025-10-31T00:00:00+01:00;+;Germany;11;Munich;27;City;1;Preowend;2;Cat. A;1;13;18;14;13;50;51;54;51;59;60;58;59;13;13;13;12
europe;2025-10-31T00:00:00+01:00;+;Germany;11;Munich;27;Suburb;2;New;1;Cat. A;1;16;15;13;15;51;50;56;51;33;32;29;34;17;12;13;15
europe;2025-10-31T00:00:00+01:00;+;Germany;11;Munich;27;Suburb;2;Preowend;2;Cat. B;2;40;37;36;41;38;43;42;40;24;20;22;24;40;34;39;39
europe;2025-10-31T00:00:00+01:00;+;Germany;11;Munich;27;Suburb;2;Preowend;2;Cat. B;2;61;66;59;63;55;59;50;55;31;24;25;31;60;55;63;59
europe;2025-11-30T00:00:00+01:00;+;Germany;11;Munich;27;City;1;New;1;Cat. A;1;30;31;29;28;34;35;34;34;56;58;54;58;29;25;29;30
europe;2025-11-30T00:00:00+01:00;+;Germany;11;Munich;27;City;1;Preowend;2;Cat. A;1;11;11;10;13;54;53;56;53;52;55;52;52;10;15;12;11
europe;2025-11-30T00:00:00+01:00;+;Germany;11;Munich;27;Suburb;2;New;1;Cat. A;1;14;17;17;16;54;53;54;55;29;27;33;31;19;16;15;17
europe;2025-11-30T00:00:00+01:00;+;Germany;11;Munich;27;Suburb;2;Preowend;2;Cat. B;2;42;37;39;40;39;38;34;37;19;22;16;21;38;39;44;40
europe;2025-11-30T00:00:00+01:00;+;Germany;11;Munich;27;Suburb;2;Preowend;2;Cat. B;2;58;60;57;58;51;57;51;52;30;28;28;30;64;61;64;64
europe;2025-12-31T00:00:00+01:00;+;Germany;11;Munich;27;City;1;New;1;Cat. A;1;29;32;29;29;37;36;37;38;54;54;55;55;25;27;26;26
europe;2025-12-31T00:00:00+01:00;+;Germany;11;Munich;27;City;1;Preowend;2;Cat. A;1;15;14;14;14;50;47;50;52;57;58;61;57;15;17;13;14
europe;2025-12-31T00:00:00+01:00;+;Germany;11;Munich;27;Suburb;2;New;1;Cat. A;1;13;10;11;13;55;58;51;55;30;26;26;29;13;12;15;13
europe;2025-12-31T00:00:00+01:00;+;Germany;11;Munich;27;Suburb;2;Preowend;2;Cat. B;2;36;31;38;35;38;42;36;36;24;25;24;24;40;45;38;40
europe;2025-12-31T00:00:00+01:00;+;Germany;11;Munich;27;Suburb;2;Preowend;2;Cat. B;2;57;63;62;56;54;57;54;52;28;33;27;27;62;59;61;61
europe;2026-01-31T00:00:00+01:00;+;Germany;11;Munich;27;City;1;New;1;Cat. A;1;29;31;27;28;33;38;34;34;53;55;49;52;29;31;28;29
europe;2026-01-31T00:00:00+01:00;+;Germany;11;Munich;27;City;1;Preowend;2;Cat. A;1;10;11;10;10;53;55;58;53;52;49;52;51;15;15;14;13
europe;2026-01-31T00:00:00+01:00;+;Germany;11;Munich;27;Suburb;2;New;1;Cat. A;1;12;13;14;11;52;51;53;52;33;33;33;34;16;18;19;16
europe;2026-01-31T00:00:00+01:00;+;Germany;11;Munich;27;Suburb;2;Preowend;2;Cat. B;2;36;34;35;37;35;31;32;37;22;19;19;23;40;40;36;42
europe;2026-01-31T00:00:00+01:00;+;Germany;11;Munich;27;Suburb;2;Preowend;2;Cat. B;2;57;53;60;58;52;48;46;51;27;33;23;28;59;66;56;59
europe;2026-02-28T00:00:00+01:00;+;Germany;11;Munich;27;City;1;New;1;Cat. A;1;26;25;23;28;33;34;31;35;53;56;53;52;25;29;28;24
europe;2026-02-28T00:00:00+01:00;+;Germany;11;Munich;27;City;1;Preowend;2;Cat. A;1;10;14;10;10;49;53;49;50;57;54;56;57;15;11;18;14
europe;2026-02-28T00:00:00+01:00;+;Germany;11;Munich;27;Suburb;2;New;1;Cat. A;1;16;16;14;16;52;52;49;51;34;34;32;33;15;16;12;15
europe;2026-02-28T00:00:00+01:00;+;Germany;11;Munich;27;Suburb;2;Preowend;2;Cat. B;2;37;32;36;36;35;36;31;34;20;16;24;22;36;39;37;37
europe;2026-02-28T00:00:00+01:00;+;Germany;11;Munich;27;Suburb;2;Preowend;2;Cat. B;2;58;52;55;57;54;49;52;54;35;28;37;35;59;62;56;58
europe;2026-03-31T00:00:00+01:00;+;Germany;11;Munich;27;City;1;New;1;Cat. A;1;29;25;26;29;35;31;39;36;52;55;52;54;28;32;28;28
europe;2026-03-31T00:00:00+01:00;+;Germany;11;Munich;27;City;1;Preowend;2;Cat. A;1;11;10;13;11;51;55;48;52;52;54;56;51;15;18;15;14
europe;2026-03-31T00:00:00+01:00;+;Germany;11;Munich;27;Suburb;2;New;1;Cat. A;1;16;13;20;15;50;50;46;49;31;32;32;31;13;15;10;11
europe;2026-03-31T00:00:00+01:00;+;Germany;11;Munich;27;Suburb;2;Preowend;2;Cat. B;2;36;35;42;36;35;39;33;35;24;21;22;22;36;33;33;36
europe;2026-03-31T00:00:00+01:00;+;Germany;11;Munich;27;Suburb;2;Preowend;2;Cat. B;2;60;61;53;60;53;58;56;52;30;24;30;30;62;61;67;64
europe;2026-04-30T00:00:00+01:00;+;Germany;11;Munich;27;City;1;New;1;Cat. A;1;24;26;23;24;33;29;34;32;54;56;56;55;26;25;22;26
europe;2026-04-30T00:00:00+01:00;+;Germany;11;Munich;27;City;1;Preowend;2;Cat. A;1;10;13;10;10;51;49;51;51;58;55;54;58;10;15;10;10
europe;2026-04-30T00:00:00+01:00;+;Germany;11;Munich;27;Suburb;2;New;1;Cat. A;1;17;20;16;18;50;45;45;49;31;33;34;31;17;13;18;17
europe;2026-04-30T00:00:00+01:00;+;Germany;11;Munich;27;Suburb;2;Preowend;2;Cat. B;2;41;42;42;42;38;40;36;36;18;15;20;19;39;44;43;39
europe;2026-04-30T00:00:00+01:00;+;Germany;11;Munich;27;Suburb;2;Preowend;2;Cat. B;2;57;59;54;58;55;59;48;53;28;22;27;28;61;65;59;62
europe;2026-05-31T00:00:00+01:00;+;Germany;11;Munich;27;City;1;New;1;Cat. A;1;27;26;29;27;35;40;36;35;56;56;54;55;26;28;31;26
europe;2026-05-31T00:00:00+01:00;+;Germany;11;Munich;27;City;1;Preowend;2;Cat. A;1;10;10;13;10;57;58;54;55;53;53;52;53;14;13;11;14
europe;2026-05-31T00:00:00+01:00;+;Germany;11;Munich;27;Suburb;2;New;1;Cat. A;1;18;21;19;16;52;56;52;54;30;31;31;30;15;11;16;14
europe;2026-05-31T00:00:00+01:00;+;Germany;11;Munich;27;Suburb;2;Preowend;2;Cat. B;2;41;42;45;40;37;37;35;38;19;16;18;19;40;42;43;41
europe;2026-05-31T00:00:00+01:00;+;Germany;11;Munich;27;Suburb;2;Preowend;2;Cat. B;2;63;67;69;64;54;50;49;56;27;22;32;27;64;63;61;64
europe;2026-06-30T00:00:00+01:00;+;Germany;11;Munich;27;City;1;New;1;Cat. A;1;24;26;23;24;34;34;35;33;52;54;51;53;28;27;25;28
europe;2026-06-30T00:00:00+01:00;+;Germany;11;Munich;27;City;1;Preowend;2;Cat. A;1;11;13;11;12;55;57;58;56;56;55;55;56;10;10;10;10
europe;2026-06-30T00:00:00+01:00;+;Germany;11;Munich;27;Suburb;2;New;1;Cat. A;1;17;12;12;15;52;51;53;52;32;30;31;33;12;14;10;12
europe;2026-06-30T00:00:00+01:00;+;Germany;11;Munich;27;Suburb;2;Preowend;2;Cat. B;2;39;38;40;39;35;34;34;34;20;18;24;21;41;39;37;39
europe;2026-06-30T00:00:00+01:00;+;Germany;11;Munich;27;Suburb;2;Preowend;2;Cat. B;2;60;58;66;61;54;50;60;56;29;23;33;30;63;64;65;64
europe;2026-07-31T00:00:00+01:00;+;Germany;11;Munich;27;City;1;New;1;Cat. A;1;26;29;30;26;38;35;40;39;56;60;53;57;22;25;22;24
europe;2026-07-31T00:00:00+01:00;+;Germany;11;Munich;27;City;1;Preowend;2;Cat. A;1;13;13;10;13;55;56;51;56;58;57;57;57;10;14;13;10
europe;2026-07-31T00:00:00+01:00;+;Germany;11;Munich;27;Suburb;2;New;1;Cat. A;1;14;13;11;14;56;56;53;55;32;33;36;34;14;12;13;13
europe;2026-07-31T00:00:00+01:00;+;Germany;11;Munich;27;Suburb;2;Preowend;2;Cat. B;2;38;36;38;37;40;39;44;40;22;26;18;21;35;32;31;35
europe;2026-07-31T00:00:00+01:00;+;Germany;11;Munich;27;Suburb;2;Preowend;2;Cat. B;2;62;68;58;64;53;47;51;53;29;31;31;28;62;60;63;64
europe;2026-08-31T00:00:00+01:00;+;Germany;11;Munich;27;City;1;New;1;Cat. A;1;26;31;31;26;35;34;35;36;53;51;53;55;27;27;24;25
europe;2026-08-31T00:00:00+01:00;+;Germany;11;Munich;27;City;1;Preowend;2;Cat. A;1;12;11;12;11;54;54;52;55;54;58;51;53;12;12;11;13
europe;2026-08-31T00:00:00+01:00;+;Germany;11;Munich;27;Suburb;2;New;1;Cat. A;1;14;11;19;14;49;46;49;48;34;38;36;35;15;16;15;15
europe;2026-08-31T00:00:00+01:00;+;Germany;11;Munich;27;Suburb;2;Preowend;2;Cat. B;2;40;46;39;40;38;40;39;40;19;22;21;19;38;40;41;37
europe;2026-08-31T00:00:00+01:00;+;Germany;11;Munich;27;Suburb;2;Preowend;2;Cat. B;2;62;63;63;63;52;56;56;51;33;29;39;34;61;59;57;60
europe;2026-09-30T00:00:00+01:00;+;Germany;11;Munich;27;City;1;New;1;Cat. A;1;28;32;26;29;33;31;31;34;53;54;55;53;22;25;24;22
europe;2026-09-30T00:00:00+01:00;+;Germany;11;Munich;27;City;1;Preowend;2;Cat. A;1;11;16;10;12;52;48;48;53;58;57;62;59;10;11;10;10
europe;2026-09-30T00:00:00+01:00;+;Germany;11;Munich;27;Suburb;2;New;1;Cat. A;1;18;15;14;19;53;55;56;53;35;36;32;34;15;13;20;16
europe;2026-09-30T00:00:00+01:00;+;Germany;11;Munich;27;Suburb;2;Preowend;2;Cat. B;2;35;38;31;35;40;39;44;41;23;25;26;23;39;39;40;39
europe;2026-09-30T00:00:00+01:00;+;Germany;11;Munich;27;Suburb;2;Preowend;2;Cat. B;2;57;57;58;58;56;54;50;56;32;34;28;31;60;63;60;60
europe;2026-10-31T00:00:00+01:00;+;Germany;11;Munich;27;City;1;New;1;Cat. A;1;29;28;24;27;36;36;33;37;53;49;55;54;27;30;27;25
europe;2026-10-31T00:00:00+01:00;+;Germany;11;Munich;27;City;1;Preowend;2;Cat. A;1;10;10;11;10;54;58;57;53;56;60;52;57;14;11;14;15
europe;2026-10-31T00:00:00+01:00;+;Germany;11;Munich;27;Suburb;2;New;1;Cat. A;1;15;18;12;16;55;56;55;54;31;31;29;31;16;15;13;16
europe;2026-10-31T00:00:00+01:00;+;Germany;11;Munich;27;Suburb;2;Preowend;2;Cat. B;2;39;43;39;39;39;38;40;37;19;25;25;21;39;41;34;38
europe;2026-10-31T00:00:00+01:00;+;Germany;11;Munich;27;Suburb;2;Preowend;2;Cat. B;2;57;52;61;56;52;58;51;54;31;28;29;33;59;65;61;60
